<?xml version="1.0" encoding="UTF-8"?>
<kml xmlns="http://www.opengis.net/kml/2.2"><Document>
<name>Finland EFR and EFD areas</name>
<Style id="R"><LineStyle><color>ff0000ff</color><width>1.5</width></LineStyle><PolyStyle><color>800000ff</color></PolyStyle></Style>
<Style id="D"><LineStyle><color>ff0080ff</color><width>1.5</width></LineStyle><PolyStyle><color>800080ff</color></PolyStyle></Style>
<Style id="RL"><LineStyle><color>ff0000ff</color><width>2.5</width></LineStyle></Style>
<Style id="DL"><LineStyle><color>ff0080ff</color><width>2.5</width></LineStyle></Style>
<Folder><name>EFR – Restricted areas</name>
<Placemark><name>EFR11 SANTAHAMINA</name><styleUrl>#R</styleUrl><description><![CDATA[<b>EFR11 SANTAHAMINA</b><br/>Upper: 1300 FT MSL<br/>Lower: SFC<br/>Activity: MILOPS<br/>Time: H24<br/>Source: Finland eAIP ENR 5.1 (AIRAC 004-2024)]]></description><Polygon><outerBoundaryIs><LinearRing><coordinates>25.041944,60.155278,0 25.080556,60.152500,0 25.080556,60.129167,0 25.019444,60.129167,0 25.019444,60.133889,0 25.041944,60.155278,0</coordinates></LinearRing></outerBoundaryIs></Polygon></Placemark>
<Placemark><name>EFR12 KEMIÖ</name><styleUrl>#R</styleUrl><description><![CDATA[<b>EFR12 KEMIÖ</b><br/>Upper: 3000 FT MSL<br/>Lower: SFC<br/>Activity: MILOPS, UAV<br/>Time: H24<br/>Source: Finland eAIP ENR 5.1 (AIRAC 004-2024)]]></description><Polygon><outerBoundaryIs><LinearRing><coordinates>22.396667,60.148889,0 22.546667,60.159722,0 22.544167,60.153056,0 22.444444,60.109722,0 22.359167,60.113611,0 22.396667,60.148889,0</coordinates></LinearRing></outerBoundaryIs></Polygon></Placemark>
<Placemark><name>EFR35 MÄKILUOTO</name><styleUrl>#R</styleUrl><description><![CDATA[<b>EFR35 MÄKILUOTO</b><br/>Upper: 2000 FT MSL<br/>Lower: SFC<br/>Activity: MILOPS<br/>Time: H24<br/>Source: Finland eAIP ENR 5.1 (AIRAC 004-2024)]]></description><Polygon><outerBoundaryIs><LinearRing><coordinates>24.302778,59.941944,0 24.403611,59.941944,0 24.403611,59.908611,0 24.302778,59.869444,0 24.302778,59.941944,0</coordinates></LinearRing></outerBoundaryIs></Polygon></Placemark>
<Placemark><name>EFR37 UPINNIEMI</name><styleUrl>#R</styleUrl><description><![CDATA[<b>EFR37 UPINNIEMI</b><br/>Upper: 2000 FT MSL<br/>Lower: SFC<br/>Activity: MILOPS<br/>Time: H24<br/>Source: Finland eAIP ENR 5.1 (AIRAC 004-2024)]]></description><Polygon><outerBoundaryIs><LinearRing><coordinates>24.302778,60.047500,0 24.403611,60.047500,0 24.403611,59.981111,0 24.302778,59.981111,0 24.302778,60.047500,0</coordinates></LinearRing></outerBoundaryIs></Polygon></Placemark>
<Placemark><name>EFR43 HÄSTÖ-BUSÖ</name><styleUrl>#R</styleUrl><description><![CDATA[<b>EFR43 HÄSTÖ-BUSÖ</b><br/>Upper: 2000 FT MSL<br/>Lower: SFC<br/>Activity: MILOPS<br/>Time: H24<br/>Source: Finland eAIP ENR 5.1 (AIRAC 004-2024)]]></description><Polygon><outerBoundaryIs><LinearRing><coordinates>23.280000,59.850000,0 23.380278,59.850000,0 23.380278,59.830000,0 23.280000,59.830000,0 23.280000,59.850000,0</coordinates></LinearRing></outerBoundaryIs></Polygon></Placemark>
<Placemark><name>EFR45 RUSSARÖ</name><styleUrl>#R</styleUrl><description><![CDATA[<b>EFR45 RUSSARÖ</b><br/>Upper: 2000 FT MSL<br/>Lower: SFC<br/>Activity: MILOPS<br/>Time: H24<br/>Source: Finland eAIP ENR 5.1 (AIRAC 004-2024)]]></description><Polygon><outerBoundaryIs><LinearRing><coordinates>22.896667,59.783333,0 22.963333,59.783333,0 22.963333,59.750000,0 22.896667,59.750000,0 22.896667,59.783333,0</coordinates></LinearRing></outerBoundaryIs></Polygon></Placemark>
<Placemark><name>EFR54 KORPPOO-GYLTÖ</name><styleUrl>#R</styleUrl><description><![CDATA[<b>EFR54 KORPPOO-GYLTÖ</b><br/>Upper: 2000 FT MSL<br/>Lower: SFC<br/>Activity: MILOPS<br/>Time: H24<br/>Source: Finland eAIP ENR 5.1 (AIRAC 004-2024)]]></description><Polygon><outerBoundaryIs><LinearRing><coordinates>21.448056,60.133333,0 21.521667,60.133333,0 21.516667,60.100833,0 21.386944,60.100833,0 21.448056,60.133333,0</coordinates></LinearRing></outerBoundaryIs></Polygon></Placemark>
<Placemark><name>EFR56 KIRKONMAA-RANKKI</name><styleUrl>#R</styleUrl><description><![CDATA[<b>EFR56 KIRKONMAA-RANKKI</b><br/>Upper: FL 250<br/>Lower: SFC<br/>Activity: MILOPS<br/>Time: NOTAM<br/>Source: Finland eAIP ENR 5.1 (AIRAC 004-2024)]]></description><Polygon><outerBoundaryIs><LinearRing><coordinates>26.813611,60.383611,0 27.130278,60.383611,0 27.176667,60.281944,0 26.813611,60.315278,0 26.813611,60.383611,0</coordinates></LinearRing></outerBoundaryIs></Polygon></Placemark>
<Placemark><name>EFR57 KIRKONMAA-RANKKI</name><styleUrl>#R</styleUrl><description><![CDATA[<b>EFR57 KIRKONMAA-RANKKI</b><br/>Upper: FL 250<br/>Lower: SFC<br/>Activity: MILOPS<br/>Time: NOTAM<br/>Source: Finland eAIP ENR 5.1 (AIRAC 004-2024)]]></description><Polygon><outerBoundaryIs><LinearRing><coordinates>26.813611,60.315278,0 27.176667,60.281944,0 27.196667,60.238056,0 26.796111,60.275000,0 26.813611,60.315278,0</coordinates></LinearRing></outerBoundaryIs></Polygon></Placemark>
<Placemark><name>EFR58 KIRKONMAA-RANKKI</name><styleUrl>#R</styleUrl><description><![CDATA[<b>EFR58 KIRKONMAA-RANKKI</b><br/>Upper: FL 250<br/>Lower: SFC<br/>Activity: MILOPS<br/>Time: NOTAM<br/>Source: Finland eAIP ENR 5.1 (AIRAC 004-2024)]]></description><Polygon><outerBoundaryIs><LinearRing><coordinates>26.796111,60.275000,0 27.196667,60.238056,0 27.213611,60.200278,0 26.763611,60.200278,0 26.796111,60.275000,0</coordinates></LinearRing></outerBoundaryIs></Polygon></Placemark>
<Placemark><name>EFR59 HAMINA</name><styleUrl>#R</styleUrl><description><![CDATA[<b>EFR59 HAMINA</b><br/>Upper: 4000 FT MSL<br/>Lower: SFC<br/>Activity: MILOPS<br/>Time: NOTAM<br/>Source: Finland eAIP ENR 5.1 (AIRAC 004-2024)]]></description><Polygon><outerBoundaryIs><LinearRing><coordinates>27.600833,60.678889,0 27.597778,60.521944,0 27.233611,60.523056,0 27.272500,60.672222,0 27.600833,60.678889,0</coordinates></LinearRing></outerBoundaryIs></Polygon></Placemark>
<Placemark><name>EFR60 KUIVASSALMI</name><styleUrl>#R</styleUrl><description><![CDATA[<b>EFR60 KUIVASSALMI</b><br/>Upper: FL 170<br/>Lower: SFC<br/>Activity: MILOPS<br/>Time: NOTAM<br/>Source: Finland eAIP ENR 5.1 (AIRAC 004-2024)]]></description><Polygon><outerBoundaryIs><LinearRing><coordinates>29.083333,64.846667,0 29.209722,64.844722,0 29.205833,64.800000,0 29.083333,64.810833,0 29.083333,64.846667,0</coordinates></LinearRing></outerBoundaryIs></Polygon></Placemark>
<Placemark><name>EFR61 JUKAJÄRVI</name><styleUrl>#R</styleUrl><description><![CDATA[<b>EFR61 JUKAJÄRVI</b><br/>Upper: FL 170<br/>Lower: SFC<br/>Activity: MILOPS, UAV<br/>Time: NOTAM<br/>Source: Finland eAIP ENR 5.1 (AIRAC 004-2024)]]></description><Polygon><outerBoundaryIs><LinearRing><coordinates>28.917500,61.518056,0 28.804722,61.519722,0 28.808333,61.582500,0 28.939444,61.571667,0 28.917500,61.518056,0</coordinates></LinearRing></outerBoundaryIs></Polygon></Placemark>
<Placemark><name>EFR63 KARKIALAMPI</name><styleUrl>#R</styleUrl><description><![CDATA[<b>EFR63 KARKIALAMPI</b><br/>Upper: 2300 FT MSL<br/>Lower: SFC<br/>Activity: MILOPS<br/>Time: NOTAM<br/>Source: Finland eAIP ENR 5.1 (AIRAC 004-2024)]]></description><Polygon><outerBoundaryIs><LinearRing><coordinates>27.161667,61.833611,0 27.261667,61.833611,0 27.261667,61.751944,0 27.236667,61.703611,0 27.208333,61.708611,0 27.161667,61.750278,0 27.161667,61.833611,0</coordinates></LinearRing></outerBoundaryIs></Polygon></Placemark>
<Placemark><name>EFR64A SANTAHAMINA</name><styleUrl>#R</styleUrl><description><![CDATA[<b>EFR64A SANTAHAMINA</b><br/>Upper: FL 250<br/>Lower: SFC<br/>Activity: MILOPS<br/>Time: NOTAM<br/>Source: Finland eAIP ENR 5.1 (AIRAC 004-2024)]]></description><Polygon><outerBoundaryIs><LinearRing><coordinates>25.041944,60.155278,0 25.116667,60.150000,0 25.096944,60.112778,0 24.996944,60.112778,0 25.041944,60.155278,0</coordinates></LinearRing></outerBoundaryIs></Polygon></Placemark>
<Placemark><name>EFR64B SANTAHAMINA</name><styleUrl>#R</styleUrl><description><![CDATA[<b>EFR64B SANTAHAMINA</b><br/>Upper: FL 250<br/>Lower: SFC<br/>Activity: MILOPS<br/>Time: NOTAM<br/>Source: Finland eAIP ENR 5.1 (AIRAC 004-2024)]]></description><Polygon><outerBoundaryIs><LinearRing><coordinates>25.116667,60.150000,0 25.180278,60.146944,0 25.223611,60.125278,0 25.194444,60.101111,0 25.096944,60.112778,0 25.116667,60.150000,0</coordinates></LinearRing></outerBoundaryIs></Polygon></Placemark>
<Placemark><name>EFR65 ISOSAARI</name><styleUrl>#R</styleUrl><description><![CDATA[<b>EFR65 ISOSAARI</b><br/>Upper: FL 390<br/>Lower: SFC<br/>Activity: MILOPS<br/>Time: NOTAM<br/>Source: Finland eAIP ENR 5.1 (AIRAC 004-2024)]]></description><Polygon><outerBoundaryIs><LinearRing><coordinates>24.996944,60.112778,0 25.096944,60.112778,0 25.096944,60.086944,0 24.996944,60.086944,0 24.996944,60.112778,0</coordinates></LinearRing></outerBoundaryIs></Polygon></Placemark>
<Placemark><name>EFR66 ISOSAARI</name><styleUrl>#R</styleUrl><description><![CDATA[<b>EFR66 ISOSAARI</b><br/>Upper: FL 390<br/>Lower: SFC<br/>Activity: MILOPS<br/>Time: NOTAM<br/>Source: Finland eAIP ENR 5.1 (AIRAC 004-2024)]]></description><Polygon><outerBoundaryIs><LinearRing><coordinates>25.096944,60.112778,0 25.194444,60.101111,0 25.096944,60.086944,0 25.096944,60.112778,0</coordinates></LinearRing></outerBoundaryIs></Polygon></Placemark>
<Placemark><name>EFR67 ISOSAARI</name><styleUrl>#R</styleUrl><description><![CDATA[<b>EFR67 ISOSAARI</b><br/>Upper: FL 390<br/>Lower: SFC<br/>Activity: MILOPS<br/>Time: NOTAM<br/>Source: Finland eAIP ENR 5.1 (AIRAC 004-2024)]]></description><Polygon><outerBoundaryIs><LinearRing><coordinates>24.996944,60.086944,0 25.096944,60.086944,0 25.194444,60.101111,0 25.223611,60.125278,0 25.383889,60.058611,0 25.333611,60.000278,0 24.996944,60.000278,0 24.996944,60.086944,0</coordinates></LinearRing></outerBoundaryIs></Polygon></Placemark>
<Placemark><name>EFR68 HUKKAKERO</name><styleUrl>#R</styleUrl><description><![CDATA[<b>EFR68 HUKKAKERO</b><br/>Upper: FL 200<br/>Lower: SFC<br/>Activity: MILOPS<br/>Time: NOTAM<br/>Source: Finland eAIP ENR 5.1 (AIRAC 004-2024)]]></description><Polygon><outerBoundaryIs><LinearRing><coordinates>25.958889,67.979444,0 25.966389,67.886389,0 25.720833,67.883611,0 25.712222,67.976389,0 25.958889,67.979444,0</coordinates></LinearRing></outerBoundaryIs></Polygon></Placemark>
<Placemark><name>EFR69 HIUKKAVAARA</name><styleUrl>#R</styleUrl><description><![CDATA[<b>EFR69 HIUKKAVAARA</b><br/>Upper: FL 170<br/>Lower: SFC<br/>Activity: MILOPS<br/>Time: NOTAM<br/>Source: Finland eAIP ENR 5.1 (AIRAC 004-2024)]]></description><Polygon><outerBoundaryIs><LinearRing><coordinates>25.612778,65.041944,0 25.704444,65.030278,0 25.679722,65.016944,0 25.587778,65.011944,0 25.612778,65.041944,0</coordinates></LinearRing></outerBoundaryIs></Polygon></Placemark>
<Placemark><name>EFR71 HIIENVAARA (KOITERE)</name><styleUrl>#R</styleUrl><description><![CDATA[<b>EFR71 HIIENVAARA (KOITERE)</b><br/>Upper: FL 170<br/>Lower: SFC<br/>Activity: MILOPS<br/>Time: NOTAM<br/>Source: Finland eAIP ENR 5.1 (AIRAC 004-2024)]]></description><Polygon><outerBoundaryIs><LinearRing><coordinates>30.580278,63.100556,0 30.680278,63.100556,0 30.680278,63.050556,0 30.580278,63.050556,0 30.580278,63.100556,0</coordinates></LinearRing></outerBoundaryIs></Polygon></Placemark>
<Placemark><name>EFR72 SOTINPURO</name><styleUrl>#R</styleUrl><description><![CDATA[<b>EFR72 SOTINPURO</b><br/>Upper: FL 250<br/>Lower: SFC<br/>Activity: MILOPS<br/>Time: NOTAM<br/>Source: Finland eAIP ENR 5.1 (AIRAC 004-2024)]]></description><Polygon><outerBoundaryIs><LinearRing><coordinates>28.573333,63.533333,0 28.791667,63.471944,0 28.775000,63.416667,0 28.616667,63.395278,0 28.500000,63.463611,0 28.573333,63.533333,0</coordinates></LinearRing></outerBoundaryIs></Polygon></Placemark>
<Placemark><name>EFR73A POHJANKANGAS</name><styleUrl>#R</styleUrl><description><![CDATA[<b>EFR73A POHJANKANGAS</b><br/>Upper: FL 95<br/>Lower: SFC<br/>Activity: MILOPS<br/>Time: NOTAM<br/>Source: Finland eAIP ENR 5.1 (AIRAC 004-2024)]]></description><Polygon><outerBoundaryIs><LinearRing><coordinates>22.555556,62.124444,0 22.776389,61.932500,0 22.470833,61.719444,0 22.283056,61.799167,0 22.223056,62.017222,0 22.555556,62.124444,0</coordinates></LinearRing></outerBoundaryIs></Polygon></Placemark>
<Placemark><name>EFR73B POHJANKANGAS</name><styleUrl>#R</styleUrl><description><![CDATA[<b>EFR73B POHJANKANGAS</b><br/>Upper: FL 95<br/>Lower: 3500 FT MSL<br/>Activity: MILOPS<br/>Time: NOTAM<br/>Source: Finland eAIP ENR 5.1 (AIRAC 004-2024)]]></description><Polygon><outerBoundaryIs><LinearRing><coordinates>22.000000,62.166667,0 22.508333,62.166667,0 22.555556,62.124444,0 22.223056,62.017222,0 22.283056,61.799167,0 22.470833,61.719444,0 22.165833,61.746389,0 22.001667,61.834722,0 22.000000,62.166667,0</coordinates></LinearRing></outerBoundaryIs></Polygon></Placemark>
<Placemark><name>EFR73C POHJANKANGAS</name><styleUrl>#R</styleUrl><description><![CDATA[<b>EFR73C POHJANKANGAS</b><br/>Upper: FL 95<br/>Lower: 3500 FT MSL<br/>Activity: MILOPS<br/>Time: NOTAM<br/>Source: Finland eAIP ENR 5.1 (AIRAC 004-2024)]]></description><Polygon><outerBoundaryIs><LinearRing><coordinates>22.000000,62.510278,0 22.100833,62.510278,0 22.508333,62.166667,0 22.000000,62.166667,0 22.000000,62.510278,0</coordinates></LinearRing></outerBoundaryIs></Polygon></Placemark>
<Placemark><name>EFR75 MÄKILUOTO</name><styleUrl>#R</styleUrl><description><![CDATA[<b>EFR75 MÄKILUOTO</b><br/>Upper: FL 250<br/>Lower: SFC<br/>Activity: MILOPS<br/>Time: NOTAM<br/>Source: Finland eAIP ENR 5.1 (AIRAC 004-2024)]]></description><Polygon><outerBoundaryIs><LinearRing><coordinates>24.302778,59.941944,0 24.403611,59.941944,0 24.403611,59.908611,0 24.302778,59.869444,0 24.302778,59.941944,0</coordinates></LinearRing></outerBoundaryIs></Polygon></Placemark>
<Placemark><name>EFR77 UPINNIEMI</name><styleUrl>#R</styleUrl><description><![CDATA[<b>EFR77 UPINNIEMI</b><br/>Upper: FL 390<br/>Lower: SFC<br/>Activity: MILOPS<br/>Time: NOTAM<br/>Source: Finland eAIP ENR 5.1 (AIRAC 004-2024)]]></description><Polygon><outerBoundaryIs><LinearRing><coordinates>24.013611,59.933333,0 24.302778,60.047500,0 24.403611,60.047500,0 24.403611,59.941944,0 24.302778,59.941944,0 24.258611,59.922778,0 24.013611,59.933333,0</coordinates></LinearRing></outerBoundaryIs></Polygon></Placemark>
<Placemark><name>EFR78A HÄSTÖ-BUSÖ</name><styleUrl>#R</styleUrl><description><![CDATA[<b>EFR78A HÄSTÖ-BUSÖ</b><br/>Upper: FL 250<br/>Lower: SFC<br/>Activity: MILOPS<br/>Time: NOTAM<br/>Source: Finland eAIP ENR 5.1 (AIRAC 004-2024)]]></description><Polygon><outerBoundaryIs><LinearRing><coordinates>23.380278,59.830000,0 23.530278,59.830000,0 23.530278,59.683333,0 23.446944,59.683333,0 23.380278,59.830000,0</coordinates></LinearRing></outerBoundaryIs></Polygon></Placemark>
<Placemark><name>EFR78B HÄSTÖ-BUSÖ</name><styleUrl>#R</styleUrl><description><![CDATA[<b>EFR78B HÄSTÖ-BUSÖ</b><br/>Upper: FL 250<br/>Lower: SFC<br/>Activity: MILOPS<br/>Time: NOTAM<br/>Source: Finland eAIP ENR 5.1 (AIRAC 004-2024)]]></description><Polygon><outerBoundaryIs><LinearRing><coordinates>23.380278,59.850000,0 23.530278,59.850000,0 23.530278,59.830000,0 23.380278,59.830000,0 23.380278,59.850000,0</coordinates></LinearRing></outerBoundaryIs></Polygon></Placemark>
<Placemark><name>EFR79 HÄSTÖ-BUSÖ</name><styleUrl>#R</styleUrl><description><![CDATA[<b>EFR79 HÄSTÖ-BUSÖ</b><br/>Upper: FL 250<br/>Lower: SFC<br/>Activity: MILOPS<br/>Time: NOTAM<br/>Source: Finland eAIP ENR 5.1 (AIRAC 004-2024)]]></description><Polygon><outerBoundaryIs><LinearRing><coordinates>23.280000,59.850000,0 23.380278,59.850000,0 23.380278,59.830000,0 23.446944,59.683333,0 23.205278,59.683333,0 23.280000,59.830000,0 23.280000,59.850000,0</coordinates></LinearRing></outerBoundaryIs></Polygon></Placemark>
<Placemark><name>EFR80A RUSSARÖ</name><styleUrl>#R</styleUrl><description><![CDATA[<b>EFR80A RUSSARÖ</b><br/>Upper: FL 250<br/>Lower: SFC<br/>Activity: MILOPS<br/>Time: NOTAM<br/>Source: Finland eAIP ENR 5.1 (AIRAC 004-2024)]]></description><Polygon><outerBoundaryIs><LinearRing><coordinates>23.130000,59.823333,0 23.250000,59.828611,0 23.280000,59.830000,0 23.205278,59.683333,0 23.088611,59.683333,0 23.130000,59.823333,0</coordinates></LinearRing></outerBoundaryIs></Polygon></Placemark>
<Placemark><name>EFR80B RUSSARÖ</name><styleUrl>#R</styleUrl><description><![CDATA[<b>EFR80B RUSSARÖ</b><br/>Upper: FL 250<br/>Lower: SFC<br/>Activity: MILOPS<br/>Time: NOTAM<br/>Source: Finland eAIP ENR 5.1 (AIRAC 004-2024)]]></description><Polygon><outerBoundaryIs><LinearRing><coordinates>22.905000,59.813333,0 23.130000,59.823333,0 23.088611,59.683333,0 22.963333,59.750000,0 22.963333,59.783333,0 22.896667,59.783333,0 22.905000,59.813333,0</coordinates></LinearRing></outerBoundaryIs></Polygon></Placemark>
<Placemark><name>EFR81 RUSSARÖ</name><styleUrl>#R</styleUrl><description><![CDATA[<b>EFR81 RUSSARÖ</b><br/>Upper: FL 250<br/>Lower: SFC<br/>Activity: MILOPS<br/>Time: NOTAM<br/>Source: Finland eAIP ENR 5.1 (AIRAC 004-2024)]]></description><Polygon><outerBoundaryIs><LinearRing><coordinates>22.896667,59.783333,0 22.963333,59.783333,0 22.963333,59.750000,0 22.896667,59.750000,0 22.896667,59.783333,0</coordinates></LinearRing></outerBoundaryIs></Polygon></Placemark>
<Placemark><name>EFR83 SYNDALEN</name><styleUrl>#R</styleUrl><description><![CDATA[<b>EFR83 SYNDALEN</b><br/>Upper: FL 170<br/>Lower: SFC<br/>Activity: MILOPS<br/>Time: NOTAM<br/>Source: Finland eAIP ENR 5.1 (AIRAC 004-2024)]]></description><Polygon><outerBoundaryIs><LinearRing><coordinates>23.165278,59.883333,0 23.250000,59.883333,0 23.250000,59.828611,0 23.130000,59.823333,0 23.130000,59.875000,0 23.165278,59.883333,0</coordinates></LinearRing></outerBoundaryIs></Polygon></Placemark>
<Placemark><name>EFR84 ÖRÖ</name><styleUrl>#R</styleUrl><description><![CDATA[<b>EFR84 ÖRÖ</b><br/>Upper: FL 250<br/>Lower: SFC<br/>Activity: MILOPS<br/>Time: NOTAM<br/>Source: Finland eAIP ENR 5.1 (AIRAC 004-2024)]]></description><Polygon><outerBoundaryIs><LinearRing><coordinates>22.263333,59.850000,0 22.330000,59.850000,0 22.486667,59.733333,0 22.163333,59.733333,0 22.263333,59.850000,0</coordinates></LinearRing></outerBoundaryIs></Polygon></Placemark>
<Placemark><name>EFR85 ÖRÖ</name><styleUrl>#R</styleUrl><description><![CDATA[<b>EFR85 ÖRÖ</b><br/>Upper: FL 250<br/>Lower: SFC<br/>Activity: MILOPS<br/>Time: NOTAM<br/>Source: Finland eAIP ENR 5.1 (AIRAC 004-2024)]]></description><Polygon><outerBoundaryIs><LinearRing><coordinates>22.163333,59.733333,0 22.486667,59.733333,0 22.613333,59.633333,0 22.080000,59.633333,0 22.163333,59.733333,0</coordinates></LinearRing></outerBoundaryIs></Polygon></Placemark>
<Placemark><name>EFR86 MÄKILUOTO</name><styleUrl>#R</styleUrl><description><![CDATA[<b>EFR86 MÄKILUOTO</b><br/>Upper: UNL<br/>Lower: SFC<br/>Activity: MILOPS<br/>Time: NOTAM<br/>Source: Finland eAIP ENR 5.1 (AIRAC 004-2024)]]></description><Polygon><outerBoundaryIs><LinearRing><coordinates>24.302778,59.941944,0 24.302778,59.869444,0 24.114167,59.798333,0 23.994167,59.752778,0 23.984722,59.751389,0 24.013611,59.933333,0 24.258611,59.922778,0 24.302778,59.941944,0</coordinates></LinearRing></outerBoundaryIs></Polygon></Placemark>
<Placemark><name>EFR87 UTÖ</name><styleUrl>#R</styleUrl><description><![CDATA[<b>EFR87 UTÖ</b><br/>Upper: FL 250<br/>Lower: SFC<br/>Activity: MILOPS<br/>Time: NOTAM<br/>Source: Finland eAIP ENR 5.1 (AIRAC 004-2024)]]></description><Polygon><outerBoundaryIs><LinearRing><coordinates>21.295833,59.808333,0 21.413333,59.808333,0 21.588333,59.773333,0 21.230000,59.593333,0 21.163333,59.638333,0 21.295833,59.808333,0</coordinates></LinearRing></outerBoundaryIs></Polygon></Placemark>
<Placemark><name>EFR88 KORPPOO-GYLTÖ</name><styleUrl>#R</styleUrl><description><![CDATA[<b>EFR88 KORPPOO-GYLTÖ</b><br/>Upper: FL 170<br/>Lower: SFC<br/>Activity: MILOPS<br/>Time: NOTAM<br/>Source: Finland eAIP ENR 5.1 (AIRAC 004-2024)]]></description><Polygon><outerBoundaryIs><LinearRing><coordinates>21.448056,60.133333,0 21.521667,60.133333,0 21.496667,59.966667,0 21.213333,60.008333,0 21.448056,60.133333,0</coordinates></LinearRing></outerBoundaryIs></Polygon></Placemark>
<Placemark><name>EFR89 REILA</name><styleUrl>#R</styleUrl><description><![CDATA[<b>EFR89 REILA</b><br/>Upper: FL 390<br/>Lower: SFC<br/>Activity: MILOPS<br/>Time: NOTAM<br/>Source: Finland eAIP ENR 5.1 (AIRAC 004-2024)]]></description><Polygon><outerBoundaryIs><LinearRing><coordinates>20.963333,61.166667,0 21.396667,61.150000,0 21.396667,61.041667,0 20.963333,60.950000,0 20.963333,61.166667,0</coordinates></LinearRing></outerBoundaryIs></Polygon></Placemark>
<Placemark><name>EFR91 RAASI</name><styleUrl>#R</styleUrl><description><![CDATA[<b>EFR91 RAASI</b><br/>Upper: 3000 FT MSL<br/>Lower: SFC<br/>Activity: MILOPS<br/>Time: NOTAM<br/>Source: Finland eAIP ENR 5.1 (AIRAC 004-2024)]]></description><Polygon><outerBoundaryIs><LinearRing><coordinates>22.363333,60.786111,0 22.392500,60.783333,0 22.392500,60.775000,0 22.363333,60.775000,0 22.363333,60.786111,0</coordinates></LinearRing></outerBoundaryIs></Polygon></Placemark>
<Placemark><name>EFR92A ROVAJÄRVI</name><styleUrl>#R</styleUrl><description><![CDATA[<b>EFR92A ROVAJÄRVI</b><br/>Upper: UNL<br/>Lower: SFC<br/>Activity: MILOPS<br/>Time: NOTAM<br/>Source: Finland eAIP ENR 5.1 (AIRAC 004-2024)]]></description><Polygon><outerBoundaryIs><LinearRing><coordinates>26.326111,66.695556,0 26.451111,66.637222,0 26.307778,66.610556,0 26.241111,66.648889,0 26.326111,66.695556,0</coordinates></LinearRing></outerBoundaryIs></Polygon></Placemark>
<Placemark><name>EFR92B ROVAJÄRVI</name><styleUrl>#R</styleUrl><description><![CDATA[<b>EFR92B ROVAJÄRVI</b><br/>Upper: UNL<br/>Lower: SFC<br/>Activity: MILOPS<br/>Time: NOTAM<br/>Source: Finland eAIP ENR 5.1 (AIRAC 004-2024)]]></description><Polygon><outerBoundaryIs><LinearRing><coordinates>26.592222,66.661111,0 26.451111,66.637222,0 26.326111,66.695556,0 26.274444,66.847222,0 26.338611,66.923611,0 26.553889,66.935833,0 26.592222,66.661111,0</coordinates></LinearRing></outerBoundaryIs></Polygon></Placemark>
<Placemark><name>EFR92C ROVAJÄRVI</name><styleUrl>#R</styleUrl><description><![CDATA[<b>EFR92C ROVAJÄRVI</b><br/>Upper: UNL<br/>Lower: SFC<br/>Activity: MILOPS<br/>Time: NOTAM<br/>Source: Finland eAIP ENR 5.1 (AIRAC 004-2024)]]></description><Polygon><outerBoundaryIs><LinearRing><coordinates>26.841389,66.700278,0 26.592222,66.661111,0 26.553889,66.935833,0 26.839722,66.951389,0 26.749167,66.834722,0 26.841389,66.700278,0</coordinates></LinearRing></outerBoundaryIs></Polygon></Placemark>
<Placemark><name>EFR92D ROVAJÄRVI</name><styleUrl>#R</styleUrl><description><![CDATA[<b>EFR92D ROVAJÄRVI</b><br/>Upper: UNL<br/>Lower: SFC<br/>Activity: MILOPS<br/>Time: NOTAM<br/>Source: Finland eAIP ENR 5.1 (AIRAC 004-2024)]]></description><Polygon><outerBoundaryIs><LinearRing><coordinates>27.109444,66.717500,0 26.841389,66.700278,0 26.749167,66.834722,0 26.839722,66.951389,0 27.113889,66.835000,0 27.109444,66.717500,0</coordinates></LinearRing></outerBoundaryIs></Polygon></Placemark>
<Placemark><name>EFR92E ROVAJÄRVI</name><styleUrl>#R</styleUrl><description><![CDATA[<b>EFR92E ROVAJÄRVI</b><br/>Upper: UNL<br/>Lower: SFC<br/>Activity: MILOPS<br/>Time: NOTAM<br/>Source: Finland eAIP ENR 5.1 (AIRAC 004-2024)]]></description><Polygon><outerBoundaryIs><LinearRing><coordinates>26.338611,66.923611,0 26.390556,66.985556,0 26.585000,67.058333,0 26.839722,66.951389,0 26.553889,66.935833,0 26.338611,66.923611,0</coordinates></LinearRing></outerBoundaryIs></Polygon></Placemark>
<Placemark><name>EFR93A NIINISALO</name><styleUrl>#R</styleUrl><description><![CDATA[<b>EFR93A NIINISALO</b><br/>Upper: UNL<br/>Lower: SFC<br/>Activity: MILOPS<br/>Time: NOTAM<br/>Source: Finland eAIP ENR 5.1 (AIRAC 004-2024)]]></description><Polygon><outerBoundaryIs><LinearRing><coordinates>22.354167,62.013611,0 22.504167,62.033611,0 22.500278,61.988889,0 22.511667,61.957778,0 22.490000,61.859167,0 22.414167,61.843056,0 22.404167,61.922778,0 22.354167,62.013611,0</coordinates></LinearRing></outerBoundaryIs></Polygon></Placemark>
<Placemark><name>EFR93B NIINISALO</name><styleUrl>#R</styleUrl><description><![CDATA[<b>EFR93B NIINISALO</b><br/>Upper: UNL<br/>Lower: SFC<br/>Activity: MILOPS<br/>Time: NOTAM<br/>Source: Finland eAIP ENR 5.1 (AIRAC 004-2024)]]></description><Polygon><outerBoundaryIs><LinearRing><coordinates>22.338889,62.043889,0 22.498333,62.058889,0 22.504167,62.033611,0 22.354167,62.013611,0 22.338889,62.043889,0</coordinates></LinearRing></outerBoundaryIs></Polygon></Placemark>
<Placemark><name>EFR94 HÄTILÄ</name><styleUrl>#R</styleUrl><description><![CDATA[<b>EFR94 HÄTILÄ</b><br/>Upper: FL 170<br/>Lower: SFC<br/>Activity: MILOPS<br/>Time: NOTAM<br/>Source: Finland eAIP ENR 5.1 (AIRAC 004-2024)]]></description><Polygon><outerBoundaryIs><LinearRing><coordinates>24.505278,61.042222,0 24.624444,61.060833,0 24.671944,61.053611,0 24.631667,61.042778,0 24.586389,61.021944,0 24.524167,61.025000,0 24.505278,61.042222,0</coordinates></LinearRing></outerBoundaryIs></Polygon></Placemark>
<Placemark><name>EFR95 HÄLVÄLÄ</name><styleUrl>#R</styleUrl><description><![CDATA[<b>EFR95 HÄLVÄLÄ</b><br/>Upper: FL 170<br/>Lower: SFC<br/>Activity: MILOPS<br/>Time: NOTAM<br/>Source: Finland eAIP ENR 5.1 (AIRAC 004-2024)]]></description><Polygon><outerBoundaryIs><LinearRing><coordinates>25.446944,61.028889,0 25.498056,61.028889,0 25.499722,60.998333,0 25.419167,60.998889,0 25.446944,61.028889,0</coordinates></LinearRing></outerBoundaryIs></Polygon></Placemark>
<Placemark><name>EFR96 VUORISJÄRVI</name><styleUrl>#R</styleUrl><description><![CDATA[<b>EFR96 VUORISJÄRVI</b><br/>Upper: 3300 FT MSL<br/>Lower: SFC<br/>Activity: MILOPS<br/>Time: NOTAM<br/>Source: Finland eAIP ENR 5.1 (AIRAC 004-2024)]]></description><Polygon><outerBoundaryIs><LinearRing><coordinates>24.837222,62.064722,0 24.865833,62.071667,0 24.878056,62.058611,0 24.849167,62.051111,0 24.837222,62.064722,0</coordinates></LinearRing></outerBoundaryIs></Polygon></Placemark>
<Placemark><name>EFR97 KEURUU</name><styleUrl>#R</styleUrl><description><![CDATA[<b>EFR97 KEURUU</b><br/>Upper: 4300 FT MSL<br/>Lower: SFC<br/>Activity: MILOPS<br/>Time: NOTAM<br/>Source: Finland eAIP ENR 5.1 (AIRAC 004-2024)]]></description><Polygon><outerBoundaryIs><LinearRing><coordinates>24.608333,62.258611,0 24.630000,62.261944,0 24.670000,62.250278,0 24.658333,62.228611,0 24.611667,62.238611,0 24.608333,62.258611,0</coordinates></LinearRing></outerBoundaryIs></Polygon></Placemark>
<Placemark><name>EFR98 ÄHTÄRI</name><styleUrl>#R</styleUrl><description><![CDATA[<b>EFR98 ÄHTÄRI</b><br/>Upper: 4300 FT MSL<br/>Lower: SFC<br/>Activity: MILOPS<br/>Time: NOTAM<br/>Source: Finland eAIP ENR 5.1 (AIRAC 004-2024)]]></description><Polygon><outerBoundaryIs><LinearRing><coordinates>24.506944,62.625556,0 24.508889,62.606667,0 24.468056,62.605556,0 24.465833,62.624444,0 24.506944,62.625556,0</coordinates></LinearRing></outerBoundaryIs></Polygon></Placemark>
<Placemark><name>EFR99A LOHTAJA</name><styleUrl>#R</styleUrl><description><![CDATA[<b>EFR99A LOHTAJA</b><br/>Upper: UNL<br/>Lower: SFC<br/>Activity: MILOPS<br/>Time: NOTAM<br/>Source: Finland eAIP ENR 5.1 (AIRAC 004-2024)]]></description><Polygon><outerBoundaryIs><LinearRing><coordinates>23.523056,64.382500,0 23.566667,64.193333,0 23.463056,64.000278,0 22.846389,63.950278,0 23.446111,64.333611,0 23.523056,64.382500,0</coordinates></LinearRing></outerBoundaryIs></Polygon></Placemark>
<Placemark><name>EFR99B LOHTAJA</name><styleUrl>#R</styleUrl><description><![CDATA[<b>EFR99B LOHTAJA</b><br/>Upper: UNL<br/>Lower: SFC<br/>Activity: MILOPS<br/>Time: NOTAM<br/>Source: Finland eAIP ENR 5.1 (AIRAC 004-2024)]]></description><Polygon><outerBoundaryIs><LinearRing><coordinates>23.463056,64.000278,0 23.256667,63.953333,0 22.846389,63.950278,0 23.463056,64.000278,0</coordinates></LinearRing></outerBoundaryIs></Polygon></Placemark>
<Placemark><name>EFR101 ISOSAARI</name><styleUrl>#R</styleUrl><description><![CDATA[<b>EFR101 ISOSAARI</b><br/>Upper: FL 390<br/>Lower: SFC<br/>Activity: MILOPS<br/>Time: NOTAM<br/>Source: Finland eAIP ENR 5.1 (AIRAC 004-2024)]]></description><Polygon><outerBoundaryIs><LinearRing><coordinates>25.281389,59.938889,0 25.169444,59.943333,0 24.996944,59.927500,0 24.996944,60.000278,0 25.333611,60.000278,0 25.281389,59.938889,0</coordinates></LinearRing></outerBoundaryIs></Polygon></Placemark>
<Placemark><name>EFR102 KUIVASAARI</name><styleUrl>#R</styleUrl><description><![CDATA[<b>EFR102 KUIVASAARI</b><br/>Upper: FL 390<br/>Lower: SFC<br/>Activity: MILOPS<br/>Time: NOTAM<br/>Source: Finland eAIP ENR 5.1 (AIRAC 004-2024)]]></description><Polygon><outerBoundaryIs><LinearRing><coordinates>24.996944,59.927500,0 24.930000,59.921389,0 24.820000,59.898889,0 24.932778,60.086944,0 24.932778,60.106944,0 24.996944,60.112778,0 24.996944,60.086944,0 24.996944,60.000278,0 24.996944,59.927500,0</coordinates></LinearRing></outerBoundaryIs></Polygon></Placemark>
<Placemark><name>EFR103 KATAJALUOTO</name><styleUrl>#R</styleUrl><description><![CDATA[<b>EFR103 KATAJALUOTO</b><br/>Upper: UNL<br/>Lower: SFC<br/>Activity: MILOPS<br/>Time: NOTAM<br/>Source: Finland eAIP ENR 5.1 (AIRAC 004-2024)]]></description><Polygon><outerBoundaryIs><LinearRing><coordinates>24.819722,59.898889,0 24.785278,59.891944,0 24.746667,59.882222,0 24.670556,60.018056,0 24.885278,60.106944,0 24.932778,60.106944,0 24.932778,60.086944,0 24.819722,59.898889,0</coordinates></LinearRing></outerBoundaryIs></Polygon></Placemark>
<Placemark><name>EFR104 KATAJALUOTO</name><styleUrl>#R</styleUrl><description><![CDATA[<b>EFR104 KATAJALUOTO</b><br/>Upper: UNL<br/>Lower: SFC<br/>Activity: MILOPS<br/>Time: NOTAM<br/>Source: Finland eAIP ENR 5.1 (AIRAC 004-2024)]]></description><Polygon><outerBoundaryIs><LinearRing><coordinates>24.746667,59.882222,0 24.597500,59.844722,0 24.531667,59.960833,0 24.670556,60.018056,0 24.746667,59.882222,0</coordinates></LinearRing></outerBoundaryIs></Polygon></Placemark>
<Placemark><name>EFR105 KATAJALUOTO</name><styleUrl>#R</styleUrl><description><![CDATA[<b>EFR105 KATAJALUOTO</b><br/>Upper: UNL<br/>Lower: SFC<br/>Activity: MILOPS<br/>Time: NOTAM<br/>Source: Finland eAIP ENR 5.1 (AIRAC 004-2024)]]></description><Polygon><outerBoundaryIs><LinearRing><coordinates>24.597500,59.844722,0 24.488333,59.816944,0 24.332222,59.796667,0 24.302778,59.793889,0 24.302778,59.869444,0 24.403611,59.908611,0 24.403611,59.941944,0 24.485278,59.941944,0 24.531667,59.960833,0 24.597500,59.844722,0</coordinates></LinearRing></outerBoundaryIs></Polygon></Placemark>
<Placemark><name>EFR106 KATAJALUOTO</name><styleUrl>#R</styleUrl><description><![CDATA[<b>EFR106 KATAJALUOTO</b><br/>Upper: UNL<br/>Lower: SFC<br/>Activity: MILOPS<br/>Time: NOTAM<br/>Source: Finland eAIP ENR 5.1 (AIRAC 004-2024)]]></description><Polygon><outerBoundaryIs><LinearRing><coordinates>24.302778,59.793889,0 24.206111,59.783611,0 24.154722,59.776111,0 24.114167,59.798333,0 24.302778,59.869444,0 24.302778,59.793889,0</coordinates></LinearRing></outerBoundaryIs></Polygon></Placemark>
<Placemark><name>EFR107 KATAJALUOTO</name><styleUrl>#R</styleUrl><description><![CDATA[<b>EFR107 KATAJALUOTO</b><br/>Upper: UNL<br/>Lower: SFC<br/>Activity: MILOPS<br/>Time: NOTAM<br/>Source: Finland eAIP ENR 5.1 (AIRAC 004-2024)]]></description><Polygon><outerBoundaryIs><LinearRing><coordinates>24.154722,59.776111,0 23.994167,59.752778,0 24.114167,59.798333,0 24.154722,59.776111,0</coordinates></LinearRing></outerBoundaryIs></Polygon></Placemark>
<Placemark><name>EFR108 RUSSARÖ</name><styleUrl>#R</styleUrl><description><![CDATA[<b>EFR108 RUSSARÖ</b><br/>Upper: FL 250<br/>Lower: SFC<br/>Activity: MILOPS<br/>Time: NOTAM<br/>Source: Finland eAIP ENR 5.1 (AIRAC 004-2024)]]></description><Polygon><outerBoundaryIs><LinearRing><coordinates>23.071667,59.645000,0 22.857500,59.635556,0 22.703056,59.616389,0 22.613333,59.633333,0 22.514722,59.711389,0 22.905000,59.813333,0 22.896667,59.783333,0 22.896667,59.750000,0 22.963333,59.750000,0 23.088611,59.683333,0 23.071667,59.645000,0</coordinates></LinearRing></outerBoundaryIs></Polygon></Placemark>
<Placemark><name>EFR109 ÖRÖ</name><styleUrl>#R</styleUrl><description><![CDATA[<b>EFR109 ÖRÖ</b><br/>Upper: UNL<br/>Lower: SFC<br/>Activity: MILOPS<br/>Time: NOTAM<br/>Source: Finland eAIP ENR 5.1 (AIRAC 004-2024)]]></description><Polygon><outerBoundaryIs><LinearRing><coordinates>22.703056,59.616389,0 22.634444,59.608056,0 22.396389,59.513056,0 21.988611,59.496389,0 22.080000,59.633333,0 22.613333,59.633333,0 22.703056,59.616389,0</coordinates></LinearRing></outerBoundaryIs></Polygon></Placemark>
<Placemark><name>EFR110 ISOKARI</name><styleUrl>#R</styleUrl><description><![CDATA[<b>EFR110 ISOKARI</b><br/>Upper: UNL<br/>Lower: SFC<br/>Activity: MILOPS<br/>Time: NOTAM<br/>Source: Finland eAIP ENR 5.1 (AIRAC 004-2024)]]></description><Polygon><outerBoundaryIs><LinearRing><coordinates>20.330000,60.856667,0 20.437500,60.901944,0 20.771389,61.126944,0 20.781667,61.166944,0 20.963333,61.166667,0 20.963333,60.950000,0 20.963333,60.766667,0 20.330000,60.766667,0 20.330000,60.856667,0</coordinates></LinearRing></outerBoundaryIs></Polygon></Placemark>
<Placemark><name>EFR111 ILVESKALLIO</name><styleUrl>#R</styleUrl><description><![CDATA[<b>EFR111 ILVESKALLIO</b><br/>Upper: 3600 FT MSL<br/>Lower: SFC<br/>Activity: MILOPS<br/>Time: NOTAM<br/>Source: Finland eAIP ENR 5.1 (AIRAC 004-2024)]]></description><Polygon><outerBoundaryIs><LinearRing><coordinates>24.364444,61.051111,0 24.407222,61.019444,0 24.248889,60.961111,0 24.198333,61.008056,0 24.364444,61.051111,0</coordinates></LinearRing></outerBoundaryIs></Polygon></Placemark>
<Placemark><name>EFR113 HUOVINRINNE</name><styleUrl>#R</styleUrl><description><![CDATA[<b>EFR113 HUOVINRINNE</b><br/>Upper: FL 190<br/>Lower: SFC<br/>Activity: MILOPS<br/>Time: NOTAM<br/>Source: Finland eAIP ENR 5.1 (AIRAC 004-2024)]]></description><Polygon><outerBoundaryIs><LinearRing><coordinates>22.477222,61.061111,0 22.516111,61.050278,0 22.614722,61.033889,0 22.619444,61.016667,0 22.586667,60.980278,0 22.458056,61.011944,0 22.438333,61.031389,0 22.477222,61.061111,0</coordinates></LinearRing></outerBoundaryIs></Polygon></Placemark>
<Placemark><name>EFR114 KASSUNKURU</name><styleUrl>#R</styleUrl><description><![CDATA[<b>EFR114 KASSUNKURU</b><br/>Upper: FL 170<br/>Lower: SFC<br/>Activity: MILOPS<br/>Time: NOTAM<br/>Source: Finland eAIP ENR 5.1 (AIRAC 004-2024)]]></description><Polygon><outerBoundaryIs><LinearRing><coordinates>27.721389,64.181111,0 27.713056,64.158611,0 27.704722,64.123611,0 27.636389,64.130278,0 27.663056,64.158611,0 27.681944,64.173056,0 27.721389,64.181111,0</coordinates></LinearRing></outerBoundaryIs></Polygon></Placemark>
<Placemark><name>EFR115 KYLÄJÄRVI</name><styleUrl>#R</styleUrl><description><![CDATA[<b>EFR115 KYLÄJÄRVI</b><br/>Upper: FL 170<br/>Lower: SFC<br/>Activity: MILOPS<br/>Time: NOTAM<br/>Source: Finland eAIP ENR 5.1 (AIRAC 004-2024)]]></description><Polygon><outerBoundaryIs><LinearRing><coordinates>26.312500,67.402222,0 26.362500,67.425556,0 26.412500,67.417222,0 26.479167,67.325556,0 26.295833,67.325556,0 26.312500,67.402222,0</coordinates></LinearRing></outerBoundaryIs></Polygon></Placemark>
<Placemark><name>EFR116 KYLÄJÄRVI</name><styleUrl>#R</styleUrl><description><![CDATA[<b>EFR116 KYLÄJÄRVI</b><br/>Upper: FL 170<br/>Lower: SFC<br/>Activity: MILOPS<br/>Time: NOTAM<br/>Source: Finland eAIP ENR 5.1 (AIRAC 004-2024)]]></description><Polygon><outerBoundaryIs><LinearRing><coordinates>26.412500,67.417222,0 26.462500,67.417222,0 26.595833,67.325556,0 26.479167,67.325556,0 26.412500,67.417222,0</coordinates></LinearRing></outerBoundaryIs></Polygon></Placemark>
<Placemark><name>EFR118 VUOSANKA</name><styleUrl>#R</styleUrl><description><![CDATA[<b>EFR118 VUOSANKA</b><br/>Upper: FL 240<br/>Lower: SFC<br/>Activity: MILOPS<br/>Time: NOTAM<br/>Source: Finland eAIP ENR 5.1 (AIRAC 004-2024)]]></description><Polygon><outerBoundaryIs><LinearRing><coordinates>28.896389,64.438611,0 29.002222,64.437222,0 29.060833,64.372778,0 29.057500,64.330278,0 28.916111,64.274722,0 28.854167,64.275556,0 28.775278,64.330278,0 28.749167,64.425833,0 28.827222,64.428333,0 28.896389,64.438611,0</coordinates></LinearRing></outerBoundaryIs></Polygon></Placemark>
<Placemark><name>EFR119A KERTTUVAARA</name><styleUrl>#R</styleUrl><description><![CDATA[<b>EFR119A KERTTUVAARA</b><br/>Upper: FL 170<br/>Lower: SFC<br/>Activity: MILOPS, UAV<br/>Time: NOTAM<br/>Source: Finland eAIP ENR 5.1 (AIRAC 004-2024)]]></description><Polygon><outerBoundaryIs><LinearRing><coordinates>27.579167,68.633889,0 27.679167,68.633889,0 27.679167,68.600556,0 27.595833,68.600556,0 27.579167,68.633889,0</coordinates></LinearRing></outerBoundaryIs></Polygon></Placemark>
<Placemark><name>EFR119B KERTTUVAARA</name><styleUrl>#R</styleUrl><description><![CDATA[<b>EFR119B KERTTUVAARA</b><br/>Upper: FL 170<br/>Lower: SFC<br/>Activity: MILOPS, UAV<br/>Time: NOTAM<br/>Source: Finland eAIP ENR 5.1 (AIRAC 004-2024)]]></description><Polygon><outerBoundaryIs><LinearRing><coordinates>27.679167,68.633889,0 27.763611,68.608889,0 27.660278,68.576111,0 27.635000,68.600556,0 27.679167,68.600556,0 27.679167,68.633889,0</coordinates></LinearRing></outerBoundaryIs></Polygon></Placemark>
<Placemark><name>EFR120 TAIPALSAARI</name><styleUrl>#R</styleUrl><description><![CDATA[<b>EFR120 TAIPALSAARI</b><br/>Upper: FL 250<br/>Lower: SFC<br/>Activity: MILOPS<br/>Time: NOTAM<br/>Source: Finland eAIP ENR 5.1 (AIRAC 004-2024)]]></description><Polygon><outerBoundaryIs><LinearRing><coordinates>28.055833,61.316389,0 28.186389,61.225833,0 28.013056,61.178611,0 27.843333,61.221667,0 27.846944,61.264167,0 28.055833,61.316389,0</coordinates></LinearRing></outerBoundaryIs></Polygon></Placemark>
<Placemark><name>EFR122A LOHTAJA</name><styleUrl>#R</styleUrl><description><![CDATA[<b>EFR122A LOHTAJA</b><br/>Upper: UNL<br/>Lower: SFC<br/>Activity: MILOPS<br/>Time: NOTAM<br/>Source: Finland eAIP ENR 5.1 (AIRAC 004-2024)]]></description><Polygon><outerBoundaryIs><LinearRing><coordinates>22.311389,64.024167,0 22.342778,64.044167,0 22.390833,64.069167,0 22.481111,64.102500,0 22.545278,64.123889,0 22.566111,64.129722,0 22.778889,64.178889,0 22.877222,64.201111,0 22.961111,64.220000,0 22.976389,64.303611,0 22.987500,64.360556,0 22.993889,64.376111,0 23.006944,64.396667,0 23.022500,64.413889,0 23.053056,64.439167,0 23.446111,64.333611,0 22.846389,63.950278,0 22.553333,63.937222,0 22.466667,63.933333,0 22.311389,64.024167,0</coordinates></LinearRing></outerBoundaryIs></Polygon></Placemark>
<Placemark><name>EFR122B LOHTAJA</name><styleUrl>#R</styleUrl><description><![CDATA[<b>EFR122B LOHTAJA</b><br/>Upper: UNL<br/>Lower: SFC<br/>Activity: MILOPS<br/>Time: NOTAM<br/>Source: Finland eAIP ENR 5.1 (AIRAC 004-2024)]]></description><Polygon><outerBoundaryIs><LinearRing><coordinates>23.053056,64.439167,0 23.090278,64.461389,0 23.140000,64.483333,0 23.181111,64.497222,0 23.246944,64.515000,0 23.478333,64.574444,0 23.523056,64.382500,0 23.446111,64.333611,0 23.053056,64.439167,0</coordinates></LinearRing></outerBoundaryIs></Polygon></Placemark>
<Placemark><name>EFR122C LOHTAJA</name><styleUrl>#R</styleUrl><description><![CDATA[<b>EFR122C LOHTAJA</b><br/>Upper: UNL<br/>Lower: SFC<br/>Activity: MILOPS<br/>Time: NOTAM<br/>Source: Finland eAIP ENR 5.1 (AIRAC 004-2024)]]></description><Polygon><outerBoundaryIs><LinearRing><coordinates>22.311389,64.024167,0 22.466667,63.933333,0 22.553333,63.937222,0 22.532500,63.923611,0 21.879167,63.485000,0 21.589722,63.563333,0 21.432500,63.605556,0 21.500000,63.616667,0 21.566667,63.669167,0 21.660000,63.672222,0 21.884722,63.701111,0 22.120000,63.847500,0 22.202500,63.941389,0 22.212222,63.951111,0 22.255000,63.985833,0 22.287778,64.009444,0 22.311389,64.024167,0</coordinates></LinearRing></outerBoundaryIs></Polygon></Placemark>
<Placemark><name>EFR122D LOHTAJA</name><styleUrl>#R</styleUrl><description><![CDATA[<b>EFR122D LOHTAJA</b><br/>Upper: UNL<br/>Lower: SFC<br/>Activity: MILOPS<br/>Time: NOTAM<br/>Source: Finland eAIP ENR 5.1 (AIRAC 004-2024)]]></description><Polygon><outerBoundaryIs><LinearRing><coordinates>22.846389,63.950278,0 22.623056,63.931389,0 22.449722,63.520833,0 22.123611,63.424167,0 21.879167,63.485000,0 22.553333,63.937222,0 22.846389,63.950278,0</coordinates></LinearRing></outerBoundaryIs></Polygon></Placemark>
<Placemark><name>EFR122E LOHTAJA</name><styleUrl>#R</styleUrl><description><![CDATA[<b>EFR122E LOHTAJA</b><br/>Upper: UNL<br/>Lower: SFC<br/>Activity: MILOPS<br/>Time: NOTAM<br/>Source: Finland eAIP ENR 5.1 (AIRAC 004-2024)]]></description><Polygon><outerBoundaryIs><LinearRing><coordinates>24.149722,65.341667,0 24.414722,65.304722,0 24.192222,65.111944,0 24.220278,64.907778,0 24.523056,64.666944,0 23.545833,64.154444,0 23.566667,64.193333,0 23.523056,64.382500,0 23.478333,64.574444,0 23.835833,64.665556,0 24.083889,65.080278,0 24.154444,65.292500,0 24.149722,65.341667,0</coordinates></LinearRing></outerBoundaryIs></Polygon></Placemark>
<Placemark><name>EFR123 HAAPAJÄRVI</name><styleUrl>#R</styleUrl><description><![CDATA[<b>EFR123 HAAPAJÄRVI</b><br/>Upper: 1900 FT MSL<br/>Lower: SFC<br/>Activity: MILOPS<br/>Time: H24<br/>Source: Finland eAIP ENR 5.1 (AIRAC 004-2024)]]></description><Polygon><outerBoundaryIs><LinearRing><coordinates>25.605833,63.727500,0 25.650000,63.620278,0 25.401111,63.632778,0 25.339722,63.656944,0 25.605833,63.727500,0</coordinates></LinearRing></outerBoundaryIs></Polygon></Placemark>
<Placemark><name>EFR124 HARTOLA</name><styleUrl>#R</styleUrl><description><![CDATA[<b>EFR124 HARTOLA</b><br/>Upper: 1900 FT MSL<br/>Lower: SFC<br/>Activity: MILOPS<br/>Time: H24<br/>Source: Finland eAIP ENR 5.1 (AIRAC 004-2024)]]></description><Polygon><outerBoundaryIs><LinearRing><coordinates>26.291111,61.620833,0 26.317222,61.575278,0 26.175556,61.580556,0 26.183889,61.601389,0 26.291111,61.620833,0</coordinates></LinearRing></outerBoundaryIs></Polygon></Placemark>
<Placemark><name>EFR125 KOIVUJÄRVI</name><styleUrl>#R</styleUrl><description><![CDATA[<b>EFR125 KOIVUJÄRVI</b><br/>Upper: 1900 FT MSL<br/>Lower: SFC<br/>Activity: MILOPS<br/>Time: H24<br/>Source: Finland eAIP ENR 5.1 (AIRAC 004-2024)]]></description><Polygon><outerBoundaryIs><LinearRing><coordinates>26.421944,63.472500,0 26.499722,63.407500,0 26.331944,63.388611,0 26.319722,63.480278,0 26.421944,63.472500,0</coordinates></LinearRing></outerBoundaryIs></Polygon></Placemark>
<Placemark><name>EFR126 PARKANO</name><styleUrl>#R</styleUrl><description><![CDATA[<b>EFR126 PARKANO</b><br/>Upper: 1900 FT MSL<br/>Lower: SFC<br/>Activity: MILOPS<br/>Time: H24<br/>Source: Finland eAIP ENR 5.1 (AIRAC 004-2024)]]></description><Polygon><outerBoundaryIs><LinearRing><coordinates>23.202500,62.071111,0 23.213333,62.032778,0 23.091111,62.031944,0 23.073333,62.086111,0 23.202500,62.071111,0</coordinates></LinearRing></outerBoundaryIs></Polygon></Placemark>
<Placemark><name>EFR128 TAMMELA</name><styleUrl>#R</styleUrl><description><![CDATA[<b>EFR128 TAMMELA</b><br/>Upper: 1600 FT MSL<br/>Lower: SFC<br/>Activity: MILOPS<br/>Time: H24<br/>Source: Finland eAIP ENR 5.1 (AIRAC 004-2024)]]></description><Polygon><outerBoundaryIs><LinearRing><coordinates>23.786389,60.694444,0 23.864722,60.648889,0 23.820278,60.640000,0 23.744444,60.675000,0 23.786389,60.694444,0</coordinates></LinearRing></outerBoundaryIs></Polygon></Placemark>
<Placemark><name>EFR129 TERVOLA</name><styleUrl>#R</styleUrl><description><![CDATA[<b>EFR129 TERVOLA</b><br/>Upper: 1900 FT MSL<br/>Lower: SFC<br/>Activity: MILOPS<br/>Time: H24<br/>Source: Finland eAIP ENR 5.1 (AIRAC 004-2024)]]></description><Polygon><outerBoundaryIs><LinearRing><coordinates>25.157778,66.126667,0 25.272500,66.071667,0 25.165556,66.064167,0 25.121389,66.121389,0 25.157778,66.126667,0</coordinates></LinearRing></outerBoundaryIs></Polygon></Placemark>
<Placemark><name>EFR130 TOIVAKKA</name><styleUrl>#R</styleUrl><description><![CDATA[<b>EFR130 TOIVAKKA</b><br/>Upper: 1900 FT MSL<br/>Lower: SFC<br/>Activity: MILOPS<br/>Time: H24<br/>Source: Finland eAIP ENR 5.1 (AIRAC 004-2024)]]></description><Polygon><outerBoundaryIs><LinearRing><coordinates>26.175278,62.144444,0 26.238333,62.106111,0 26.217500,62.076667,0 26.133889,62.092778,0 26.175278,62.144444,0</coordinates></LinearRing></outerBoundaryIs></Polygon></Placemark>
<Placemark><name>EFR131 ÄHTÄRI</name><styleUrl>#R</styleUrl><description><![CDATA[<b>EFR131 ÄHTÄRI</b><br/>Upper: 1900 FT MSL<br/>Lower: SFC<br/>Activity: MILOPS<br/>Time: H24<br/>Source: Finland eAIP ENR 5.1 (AIRAC 004-2024)]]></description><Polygon><outerBoundaryIs><LinearRing><coordinates>24.558056,62.671667,0 24.580278,62.591389,0 24.396389,62.588889,0 24.413889,62.670000,0 24.558056,62.671667,0</coordinates></LinearRing></outerBoundaryIs></Polygon></Placemark>
<Placemark><name>EFR132 DRAGSVIK</name><styleUrl>#R</styleUrl><description><![CDATA[<b>EFR132 DRAGSVIK</b><br/>Upper: 2000 FT MSL<br/>Lower: SFC<br/>Activity: MILOPS<br/>Time: H24<br/>Source: Finland eAIP ENR 5.1 (AIRAC 004-2024)]]></description><Polygon><outerBoundaryIs><LinearRing><coordinates>23.495000,60.008611,0 23.515556,60.009722,0 23.523333,60.003611,0 23.505278,59.995000,0 23.516944,59.981389,0 23.509167,59.978611,0 23.492222,59.981667,0 23.482500,59.978333,0 23.476389,59.980278,0 23.478056,59.981389,0 23.476944,59.983611,0 23.477500,59.985278,0 23.500833,59.993889,0 23.494444,59.993056,0 23.495000,60.008611,0</coordinates></LinearRing></outerBoundaryIs></Polygon></Placemark>
<Placemark><name>EFR133 SYNDALEN</name><styleUrl>#R</styleUrl><description><![CDATA[<b>EFR133 SYNDALEN</b><br/>Upper: 2000 FT MSL<br/>Lower: SFC<br/>Activity: MILOPS<br/>Time: H24<br/>Source: Finland eAIP ENR 5.1 (AIRAC 004-2024)]]></description><Polygon><outerBoundaryIs><LinearRing><coordinates>23.214167,59.872778,0 23.229722,59.875000,0 23.241667,59.874444,0 23.243333,59.879167,0 23.261667,59.873611,0 23.252222,59.864444,0 23.238611,59.861111,0 23.224167,59.861667,0 23.214167,59.872778,0</coordinates></LinearRing></outerBoundaryIs></Polygon></Placemark>
<Placemark><name>EFR134 LAKIALA</name><styleUrl>#R</styleUrl><description><![CDATA[<b>EFR134 LAKIALA</b><br/>Upper: 2000 FT MSL<br/>Lower: SFC<br/>Activity: MILOPS, UAV<br/>Time: NOTAM<br/>Source: Finland eAIP ENR 5.1 (AIRAC 004-2024)]]></description><Polygon><outerBoundaryIs><LinearRing><coordinates>23.499722,61.610833,0 23.509444,61.606944,0 23.508333,61.601944,0 23.509444,61.599722,0 23.508889,61.597778,0 23.506667,61.595556,0 23.500833,61.594444,0 23.496111,61.594167,0 23.491389,61.595000,0 23.490833,61.596667,0 23.483889,61.598889,0 23.483056,61.600556,0 23.483889,61.601389,0 23.483333,61.602222,0 23.488333,61.605556,0 23.492778,61.606389,0 23.493889,61.609722,0 23.499722,61.610833,0</coordinates></LinearRing></outerBoundaryIs></Polygon></Placemark>
<Placemark><name>EFR135A PAHKAJÄRVI</name><styleUrl>#R</styleUrl><description><![CDATA[<b>EFR135A PAHKAJÄRVI</b><br/>Upper: FL 250<br/>Lower: SFC<br/>Activity: MILOPS<br/>Time: NOTAM<br/>Source: Finland eAIP ENR 5.1 (AIRAC 004-2024)]]></description><Polygon><outerBoundaryIs><LinearRing><coordinates>26.875833,61.230000,0 27.071389,61.230000,0 27.096667,61.206389,0 27.115278,61.137500,0 27.036667,61.127778,0 26.876111,61.137778,0 26.875833,61.230000,0</coordinates></LinearRing></outerBoundaryIs></Polygon></Placemark>
<Placemark><name>EFR135B PAHKAJÄRVI</name><styleUrl>#R</styleUrl><description><![CDATA[<b>EFR135B PAHKAJÄRVI</b><br/>Upper: FL 250<br/>Lower: SFC<br/>Activity: MILOPS<br/>Time: NOTAM<br/>Source: Finland eAIP ENR 5.1 (AIRAC 004-2024)]]></description><Polygon><outerBoundaryIs><LinearRing><coordinates>26.876111,61.137778,0 27.036667,61.127778,0 27.008611,61.118611,0 26.978333,61.097500,0 26.923333,61.084444,0 26.870278,61.109444,0 26.876111,61.137778,0</coordinates></LinearRing></outerBoundaryIs></Polygon></Placemark>
<Placemark><name>EFR100 (inner boundary only)</name><styleUrl>#RL</styleUrl><description><![CDATA[<b>EFR100 Finland–Russia border zone, inner boundary only; border leg not in source</b><br/>Upper: FL 280<br/>Lower: SFC<br/>Activity: OTHER, UAV<br/>Time: H24<br/>Source: Finland eAIP ENR 5.1 (AIRAC 004-2024)]]></description><LineString><coordinates>27.293056,60.200278,0 26.763611,60.200278,0 26.763611,60.233611,0 27.196944,60.233611,0 27.380278,60.266944,0 27.763611,60.583611,0 27.873889,60.645278,0 27.979722,60.703333,0 28.096111,60.762500,0 28.136389,60.801667,0 28.186111,60.807778,0 28.290278,60.875556,0 28.399444,60.928056,0 28.501111,60.983333,0 28.628056,60.980833,0 28.664722,61.058333,0 28.756667,61.108889,0 28.768611,61.137500,0 28.908889,61.178889,0 29.040833,61.229444,0 29.193611,61.283889,0 29.275278,61.361111,0 29.359722,61.415833,0 29.444722,61.469167,0 29.443889,61.514167,0 29.566944,61.523056,0 29.690278,61.596667,0 29.775278,61.672500,0 29.883056,61.728611,0 29.993056,61.781667,0 30.017222,61.828333,0 30.135556,61.889444,0 30.234444,61.957222,0 30.345000,62.023333,0 30.449167,62.088333,0 30.553611,62.155833,0 30.613611,62.230278,0 30.693889,62.238889,0 30.794444,62.294444,0 30.899167,62.351111,0 31.002222,62.408333,0 31.106389,62.466389,0 31.131944,62.509167,0 31.182222,62.523889,0 31.247778,62.599722,0 31.307778,62.669722,0 31.344167,62.731111,0 31.378889,62.788611,0 31.451944,62.849722,0 31.518333,62.906944,0 31.457778,62.974722,0 31.395833,62.990000,0 31.382778,63.018056,0 31.314722,63.051944,0 31.211667,63.094444,0 31.195833,63.149444,0 31.179722,63.204167,0 31.090000,63.240556,0 30.999722,63.276667,0 30.940278,63.283889,0 30.880278,63.332778,0 30.818333,63.344167,0 30.751667,63.382778,0 30.594722,63.412778,0 30.440278,63.445000,0 30.338333,63.526944,0 30.219167,63.563611,0 30.116944,63.631111,0 29.993889,63.699444,0 29.908889,63.748056,0 29.916111,63.774444,0 30.071111,63.812500,0 30.211944,63.844167,0 30.271389,63.930278,0 30.396389,63.998056,0 30.469444,64.057778,0 30.499167,64.119167,0 30.461944,64.141667,0 30.398611,64.205278,0 30.436667,64.234167,0 30.314167,64.256667,0 30.300278,64.287500,0 30.185833,64.325278,0 30.078611,64.338333,0 29.983611,64.392500,0 29.990556,64.455278,0 29.923333,64.530556,0 29.939444,64.607500,0 30.067500,64.646389,0 29.993056,64.704167,0 29.975278,64.745833,0 30.004444,64.764444,0 29.858056,64.764167,0 29.705278,64.764167,0 29.620556,64.812222,0 29.631111,64.832778,0 29.588611,64.852778,0 29.546667,64.923611,0 29.555000,64.957778,0 29.535278,64.992778,0 29.570833,65.076944,0 29.714167,65.118333,0 29.786667,65.118611,0 29.750000,65.145833,0 29.818056,65.193333,0 29.690833,65.203889,0 29.587778,65.209444,0 29.534444,65.256667,0 29.550278,65.289444,0 29.598333,65.307500,0 29.676944,65.353333,0 29.662778,65.378056,0 29.665833,65.438889,0 29.673056,65.496389,0 29.780000,65.560000,0 29.699722,65.594444,0 29.646389,65.649167,0 29.828611,65.688333,0 30.016944,65.725833,0 30.063889,65.715278,0 30.036111,65.801667,0 30.003889,65.889444,0 29.938889,65.976111,0 29.906111,66.040278,0 29.861111,66.116944,0 29.750556,66.190278,0 29.633056,66.265000,0 29.585833,66.330556,0 29.531111,66.398333,0 29.473333,66.466667,0 29.410833,66.532222,0 29.309167,66.607500,0 29.212778,66.683333,0 29.105833,66.756389,0 29.039722,66.778889,0 29.040556,66.805000,0 28.994167,66.845278,0 28.980000,66.882778,0 28.960000,66.934444,0 28.995556,66.997778,0 29.083611,67.054444,0 29.172778,67.110833,0 29.261667,67.166667,0 29.350556,67.223611,0 29.435833,67.280556,0 29.463889,67.324722,0 29.556389,67.361389,0 29.646389,67.403611,0 29.748056,67.470833,0 29.865278,67.534722,0 29.902222,67.599722,0 29.939167,67.664722,0 29.769444,67.726389,0 29.600278,67.787222,0 29.518333,67.854444,0 29.436944,67.921111,0 29.355000,67.987778,0 29.272778,68.054444,0 29.100278,68.085556,0 28.927222,68.116389,0 28.756111,68.146667,0 28.583333,68.177500,0 28.538333,68.251389,0 28.493056,68.324167,0 28.446389,68.397500,0 28.401389,68.470278,0 28.356389,68.543056,0 28.448611,68.609444,0 28.542222,68.675556,0 28.636389,68.741667,0 28.673889,68.796667,0 28.711667,68.851667,0 28.648333,68.859444,0 28.426389,68.860556,0 28.325000,68.919722,0 28.508056,68.967778,0 28.689167,69.018889,0</coordinates></LineString></Placemark>
</Folder>
<Folder><name>EFD – Danger areas</name>
<Placemark><name>EFD101 ISOSAARI</name><styleUrl>#D</styleUrl><description><![CDATA[<b>EFD101 ISOSAARI</b><br/>Upper: FL 390<br/>Lower: SFC<br/>Source: Traficom OPS M1-28 Liite 1 (Vaara-alueet)]]></description><Polygon><outerBoundaryIs><LinearRing><coordinates>25.281389,59.938889,0 25.251667,59.904167,0 24.996944,59.890833,0 24.996944,59.927500,0 25.169444,59.943333,0 25.281389,59.938889,0</coordinates></LinearRing></outerBoundaryIs></Polygon></Placemark>
<Placemark><name>EFD102 KUIVASAARI</name><styleUrl>#D</styleUrl><description><![CDATA[<b>EFD102 KUIVASAARI</b><br/>Upper: FL 390<br/>Lower: SFC<br/>Source: Traficom OPS M1-28 Liite 1 (Vaara-alueet)]]></description><Polygon><outerBoundaryIs><LinearRing><coordinates>24.820000,59.898889,0 24.930000,59.921389,0 24.996944,59.927500,0 24.996944,59.890833,0 24.850000,59.883056,0 24.805000,59.873889,0 24.820000,59.898889,0</coordinates></LinearRing></outerBoundaryIs></Polygon></Placemark>
<Placemark><name>EFD103 KATAJALUOTO</name><styleUrl>#D</styleUrl><description><![CDATA[<b>EFD103 KATAJALUOTO</b><br/>Upper: UNL<br/>Lower: SFC<br/>Source: Traficom OPS M1-28 Liite 1 (Vaara-alueet)]]></description><Polygon><outerBoundaryIs><LinearRing><coordinates>24.746667,59.882222,0 24.785278,59.891944,0 24.819722,59.898889,0 24.805000,59.873889,0 24.756944,59.863611,0 24.746667,59.882222,0</coordinates></LinearRing></outerBoundaryIs></Polygon></Placemark>
<Placemark><name>EFD104 KATAJALUOTO</name><styleUrl>#D</styleUrl><description><![CDATA[<b>EFD104 KATAJALUOTO</b><br/>Upper: UNL<br/>Lower: SFC<br/>Source: Traficom OPS M1-28 Liite 1 (Vaara-alueet)]]></description><Polygon><outerBoundaryIs><LinearRing><coordinates>24.597500,59.844722,0 24.746667,59.882222,0 24.756944,59.863611,0 24.604722,59.831667,0 24.597500,59.844722,0</coordinates></LinearRing></outerBoundaryIs></Polygon></Placemark>
<Placemark><name>EFD105 KATAJALUOTO</name><styleUrl>#D</styleUrl><description><![CDATA[<b>EFD105 KATAJALUOTO</b><br/>Upper: UNL<br/>Lower: SFC<br/>Source: Traficom OPS M1-28 Liite 1 (Vaara-alueet)]]></description><Polygon><outerBoundaryIs><LinearRing><coordinates>24.302778,59.793889,0 24.332222,59.796667,0 24.488333,59.816944,0 24.597500,59.844722,0 24.604722,59.831667,0 24.302778,59.766944,0 24.302778,59.793889,0</coordinates></LinearRing></outerBoundaryIs></Polygon></Placemark>
<Placemark><name>EFD106 KATAJALUOTO</name><styleUrl>#D</styleUrl><description><![CDATA[<b>EFD106 KATAJALUOTO</b><br/>Upper: UNL<br/>Lower: SFC<br/>Source: Traficom OPS M1-28 Liite 1 (Vaara-alueet)]]></description><Polygon><outerBoundaryIs><LinearRing><coordinates>24.154722,59.776111,0 24.206111,59.783611,0 24.302778,59.793889,0 24.302778,59.767222,0 24.208056,59.746944,0 24.154722,59.776111,0</coordinates></LinearRing></outerBoundaryIs></Polygon></Placemark>
<Placemark><name>EFD107 KATAJALUOTO</name><styleUrl>#D</styleUrl><description><![CDATA[<b>EFD107 KATAJALUOTO</b><br/>Upper: UNL<br/>Lower: SFC<br/>Source: Traficom OPS M1-28 Liite 1 (Vaara-alueet)]]></description><Polygon><outerBoundaryIs><LinearRing><coordinates>23.994167,59.752778,0 24.154722,59.776111,0 24.208056,59.746944,0 24.045556,59.711667,0 23.984444,59.749167,0 23.994167,59.752778,0</coordinates></LinearRing></outerBoundaryIs></Polygon></Placemark>
<Placemark><name>EFD108 RUSSARÖ</name><styleUrl>#D</styleUrl><description><![CDATA[<b>EFD108 RUSSARÖ</b><br/>Upper: FL 250<br/>Lower: SFC<br/>Source: Traficom OPS M1-28 Liite 1 (Vaara-alueet)]]></description><Polygon><outerBoundaryIs><LinearRing><coordinates>22.703056,59.616389,0 22.857500,59.635556,0 23.071667,59.645000,0 23.055278,59.608333,0 22.746667,59.608333,0 22.703056,59.616389,0</coordinates></LinearRing></outerBoundaryIs></Polygon></Placemark>
<Placemark><name>EFD109 ÖRÖ</name><styleUrl>#D</styleUrl><description><![CDATA[<b>EFD109 ÖRÖ</b><br/>Upper: UNL<br/>Lower: SFC<br/>Source: Traficom OPS M1-28 Liite 1 (Vaara-alueet)]]></description><Polygon><outerBoundaryIs><LinearRing><coordinates>21.988611,59.496389,0 22.396389,59.513056,0 22.634444,59.608056,0 22.703056,59.616389,0 22.746667,59.608333,0 22.746944,59.420556,0 21.946667,59.231944,0 21.946667,59.433333,0 21.988611,59.496389,0</coordinates></LinearRing></outerBoundaryIs></Polygon></Placemark>
<Placemark><name>EFD110 ISOKARI</name><styleUrl>#D</styleUrl><description><![CDATA[<b>EFD110 ISOKARI</b><br/>Upper: UNL<br/>Lower: SFC<br/>Source: Traficom OPS M1-28 Liite 1 (Vaara-alueet)]]></description><Polygon><outerBoundaryIs><LinearRing><coordinates>20.781667,61.166944,0 20.771389,61.126944,0 20.437500,60.901944,0 20.330000,60.856667,0 20.329722,61.166667,0 20.781667,61.166944,0</coordinates></LinearRing></outerBoundaryIs></Polygon></Placemark>
<Placemark><name>EFD111A LOHTAJA</name><styleUrl>#D</styleUrl><description><![CDATA[<b>EFD111A LOHTAJA</b><br/>Upper: UNL<br/>Lower: SFC<br/>Source: Traficom OPS M1-28 Liite 1 (Vaara-alueet)]]></description><Polygon><outerBoundaryIs><LinearRing><coordinates>23.053056,64.439167,0 23.022500,64.413889,0 23.006944,64.396667,0 22.993889,64.376111,0 22.987500,64.360556,0 22.976389,64.303611,0 22.961111,64.220000,0 22.877222,64.201111,0 22.778889,64.178889,0 22.566111,64.129722,0 22.545278,64.123889,0 22.481111,64.102500,0 22.390833,64.069167,0 22.342778,64.044167,0 22.311389,64.024167,0 22.149722,64.118056,0 22.706111,64.530833,0 23.053056,64.439167,0</coordinates></LinearRing></outerBoundaryIs></Polygon></Placemark>
<Placemark><name>EFD111B LOHTAJA</name><styleUrl>#D</styleUrl><description><![CDATA[<b>EFD111B LOHTAJA</b><br/>Upper: UNL<br/>Lower: SFC<br/>Source: Traficom OPS M1-28 Liite 1 (Vaara-alueet)]]></description><Polygon><outerBoundaryIs><LinearRing><coordinates>23.478333,64.574444,0 23.246944,64.515000,0 23.181111,64.497222,0 23.140000,64.483333,0 23.090278,64.461389,0 23.053056,64.439167,0 22.706111,64.530833,0 23.375833,65.003889,0 23.478333,64.574444,0</coordinates></LinearRing></outerBoundaryIs></Polygon></Placemark>
<Placemark><name>EFD111C LOHTAJA</name><styleUrl>#D</styleUrl><description><![CDATA[<b>EFD111C LOHTAJA</b><br/>Upper: UNL<br/>Lower: SFC<br/>Source: Traficom OPS M1-28 Liite 1 (Vaara-alueet)]]></description><Polygon><outerBoundaryIs><LinearRing><coordinates>22.149722,64.118056,0 22.311389,64.024167,0 22.287778,64.009444,0 22.255000,63.985833,0 22.212222,63.951111,0 22.202500,63.941389,0 22.120000,63.847500,0 21.884722,63.701111,0 21.660000,63.672222,0 21.566667,63.669167,0 21.961667,63.974722,0 22.149722,64.118056,0</coordinates></LinearRing></outerBoundaryIs></Polygon></Placemark>
<Placemark><name>EFD111D LOHTAJA</name><styleUrl>#D</styleUrl><description><![CDATA[<b>EFD111D LOHTAJA</b><br/>Upper: UNL<br/>Lower: SFC<br/>Source: Traficom OPS M1-28 Liite 1 (Vaara-alueet)]]></description><Polygon><outerBoundaryIs><LinearRing><coordinates>23.909722,65.374444,0 24.149722,65.341667,0 24.154444,65.292500,0 24.083889,65.080278,0 23.835833,64.665556,0 23.478333,64.574444,0 23.375833,65.003889,0 23.375556,65.004722,0 23.909722,65.374444,0</coordinates></LinearRing></outerBoundaryIs></Polygon></Placemark>
<Placemark><name>EFD113 HUOVINRINNE</name><styleUrl>#D</styleUrl><description><![CDATA[<b>EFD113 HUOVINRINNE</b><br/>Upper: 3500 FT AMSL<br/>Lower: SFC<br/>Source: Traficom OPS M1-28 Liite 1 (Vaara-alueet)]]></description><Polygon><outerBoundaryIs><LinearRing><coordinates>22.477222,61.061111,0 22.438333,61.031389,0 22.458056,61.011944,0 22.315833,61.031389,0 22.316389,61.105833,0 22.477222,61.061111,0</coordinates></LinearRing></outerBoundaryIs></Polygon></Placemark>
<Placemark><name>EFD114A KASSUNKURU</name><styleUrl>#D</styleUrl><description><![CDATA[<b>EFD114A KASSUNKURU</b><br/>Upper: 3500 FT MSL<br/>Lower: SFC<br/>Source: Traficom OPS M1-28 Liite 1 (Vaara-alueet)]]></description><Polygon><outerBoundaryIs><LinearRing><coordinates>27.638333,64.195833,0 27.721389,64.181111,0 27.761389,64.177500,0 27.760556,64.150556,0 27.698056,64.114722,0 27.676944,64.088056,0 27.656389,64.097222,0 27.534167,64.133333,0 27.534722,64.169444,0 27.638333,64.195833,0</coordinates></LinearRing></outerBoundaryIs></Polygon></Placemark>
<Placemark><name>EFD114B KASSUNKURU</name><styleUrl>#D</styleUrl><description><![CDATA[<b>EFD114B KASSUNKURU</b><br/>Upper: 3500 FT MSL<br/>Lower: SFC<br/>Source: Traficom OPS M1-28 Liite 1 (Vaara-alueet)]]></description><Polygon><outerBoundaryIs><LinearRing><coordinates>27.761389,64.177500,0 27.843056,64.158889,0 27.923889,64.113611,0 27.902778,64.095833,0 27.881389,64.068889,0 27.840000,64.060278,0 27.737500,64.060833,0 27.676944,64.088056,0 27.698056,64.114722,0 27.760556,64.150556,0 27.761389,64.177500,0</coordinates></LinearRing></outerBoundaryIs></Polygon></Placemark>
<Placemark><name>EFD114C KASSUNKURU</name><styleUrl>#D</styleUrl><description><![CDATA[<b>EFD114C KASSUNKURU</b><br/>Upper: 3500 FT MSL<br/>Lower: SFC<br/>Source: Traficom OPS M1-28 Liite 1 (Vaara-alueet)]]></description><Polygon><outerBoundaryIs><LinearRing><coordinates>27.923889,64.113611,0 28.025556,64.086111,0 28.003333,64.041389,0 27.961667,64.023611,0 27.798056,64.024722,0 27.737500,64.060833,0 27.840000,64.060278,0 27.881389,64.068889,0 27.902778,64.095833,0 27.923889,64.113611,0</coordinates></LinearRing></outerBoundaryIs></Polygon></Placemark>
<Placemark><name>EFD114D KASSUNKURU</name><styleUrl>#D</styleUrl><description><![CDATA[<b>EFD114D KASSUNKURU</b><br/>Upper: 3500 FT MSL<br/>Lower: SFC<br/>Source: Traficom OPS M1-28 Liite 1 (Vaara-alueet)]]></description><Polygon><outerBoundaryIs><LinearRing><coordinates>27.638333,64.195833,0 27.784167,64.190278,0 28.044167,64.138889,0 28.025556,64.086111,0 27.923889,64.113611,0 27.843056,64.158889,0 27.761389,64.177500,0 27.721389,64.181111,0 27.638333,64.195833,0</coordinates></LinearRing></outerBoundaryIs></Polygon></Placemark>
<Placemark><name>EFD114E KASSUNKURU</name><styleUrl>#D</styleUrl><description><![CDATA[<b>EFD114E KASSUNKURU</b><br/>Upper: 3500 FT MSL<br/>Lower: SFC<br/>Source: Traficom OPS M1-28 Liite 1 (Vaara-alueet)]]></description><Polygon><outerBoundaryIs><LinearRing><coordinates>27.534167,64.133333,0 27.656389,64.097222,0 27.676944,64.088056,0 27.737500,64.060833,0 27.798056,64.024722,0 27.553611,64.061667,0 27.534167,64.133333,0</coordinates></LinearRing></outerBoundaryIs></Polygon></Placemark>
<Placemark><name>EFD115 KYLÄJÄRVI</name><styleUrl>#D</styleUrl><description><![CDATA[<b>EFD115 KYLÄJÄRVI</b><br/>Upper: FL 170<br/>Lower: SFC<br/>Source: Traficom OPS M1-28 Liite 1 (Vaara-alueet)]]></description><Polygon><outerBoundaryIs><LinearRing><coordinates>26.312500,67.402222,0 26.295833,67.325556,0 26.479167,67.325556,0 26.443333,67.273611,0 26.257778,67.273056,0 26.254444,67.380556,0 26.312500,67.402222,0</coordinates></LinearRing></outerBoundaryIs></Polygon></Placemark>
<Placemark><name>EFD117A PAROLA</name><styleUrl>#D</styleUrl><description><![CDATA[<b>EFD117A PAROLA</b><br/>Upper: 3500 FT AMSL<br/>Lower: SFC<br/>Source: Traficom OPS M1-28 Liite 1 (Vaara-alueet)]]></description><Polygon><outerBoundaryIs><LinearRing><coordinates>24.308889,61.131667,0 24.401111,61.056389,0 24.364444,61.051111,0 24.198333,61.008056,0 24.115833,61.084167,0 24.308889,61.131667,0</coordinates></LinearRing></outerBoundaryIs></Polygon></Placemark>
<Placemark><name>EFD117B PAROLA</name><styleUrl>#D</styleUrl><description><![CDATA[<b>EFD117B PAROLA</b><br/>Upper: 3500 FT AMSL<br/>Lower: SFC<br/>Source: Traficom OPS M1-28 Liite 1 (Vaara-alueet)]]></description><Polygon><outerBoundaryIs><LinearRing><coordinates>24.308889,61.131667,0 24.543056,61.135000,0 24.636944,61.079722,0 24.437222,61.061389,0 24.401111,61.056389,0 24.308889,61.131667,0</coordinates></LinearRing></outerBoundaryIs></Polygon></Placemark>
<Placemark><name>EFD117C PAROLA</name><styleUrl>#D</styleUrl><description><![CDATA[<b>EFD117C PAROLA</b><br/>Upper: 3500 FT AMSL<br/>Lower: SFC<br/>Source: Traficom OPS M1-28 Liite 1 (Vaara-alueet)]]></description><Polygon><outerBoundaryIs><LinearRing><coordinates>24.364444,61.051111,0 24.407222,61.019444,0 24.248889,60.961111,0 24.198333,61.008056,0 24.364444,61.051111,0</coordinates></LinearRing></outerBoundaryIs></Polygon></Placemark>
<Placemark><name>EFD117D PAROLA</name><styleUrl>#D</styleUrl><description><![CDATA[<b>EFD117D PAROLA</b><br/>Upper: 3500 FT AMSL<br/>Lower: SFC<br/>Source: Traficom OPS M1-28 Liite 1 (Vaara-alueet)]]></description><Polygon><outerBoundaryIs><LinearRing><coordinates>24.401111,61.056389,0 24.437222,61.061389,0 24.488333,61.022222,0 24.407222,61.019444,0 24.364444,61.051111,0 24.401111,61.056389,0</coordinates></LinearRing></outerBoundaryIs></Polygon></Placemark>
<Placemark><name>EFD117E PAROLA</name><styleUrl>#D</styleUrl><description><![CDATA[<b>EFD117E PAROLA</b><br/>Upper: 3500 FT AMSL<br/>Lower: SFC<br/>Source: Traficom OPS M1-28 Liite 1 (Vaara-alueet)]]></description><Polygon><outerBoundaryIs><LinearRing><coordinates>24.636944,61.079722,0 24.711667,61.040278,0 24.586389,61.021944,0 24.524167,61.025000,0 24.488333,61.022222,0 24.437222,61.061389,0 24.636944,61.079722,0</coordinates></LinearRing></outerBoundaryIs></Polygon></Placemark>
<Placemark><name>EFD118 ISOLÄHDE</name><styleUrl>#D</styleUrl><description><![CDATA[<b>EFD118 ISOLÄHDE</b><br/>Upper: FL 195<br/>Lower: SFC<br/>Source: Traficom OPS M1-28 Liite 1 (Vaara-alueet)]]></description><Polygon><outerBoundaryIs><LinearRing><coordinates>26.346667,60.963611,0 26.125833,60.724444,0 26.050833,60.886944,0 26.090278,60.933889,0 26.346667,60.963611,0</coordinates></LinearRing></outerBoundaryIs></Polygon></Placemark>
<Placemark><name>EFD119A HYVINKÄÄ</name><styleUrl>#D</styleUrl><description><![CDATA[<b>EFD119A HYVINKÄÄ</b><br/>Upper: FL 195<br/>Lower: SFC<br/>Source: Traficom OPS M1-28 Liite 1 (Vaara-alueet)]]></description><Polygon><outerBoundaryIs><LinearRing><coordinates>24.882222,60.701667,0 25.064722,60.699444,0 24.996667,60.650278,0 24.804167,60.617222,0 24.719444,60.684722,0 24.882222,60.701667,0</coordinates></LinearRing></outerBoundaryIs></Polygon></Placemark>
<Placemark><name>EFD119B HYVINKÄÄ</name><styleUrl>#D</styleUrl><description><![CDATA[<b>EFD119B HYVINKÄÄ</b><br/>Upper: FL 195<br/>Lower: SFC<br/>Source: Traficom OPS M1-28 Liite 1 (Vaara-alueet)]]></description><Polygon><outerBoundaryIs><LinearRing><coordinates>24.800000,60.746389,0 24.908889,60.752778,0 25.020278,60.751944,0 25.126944,60.744444,0 25.064722,60.699444,0 24.882222,60.701667,0 24.719444,60.684722,0 24.665000,60.728333,0 24.800000,60.746389,0</coordinates></LinearRing></outerBoundaryIs></Polygon></Placemark>
<Placemark><name>EFD119C HYVINKÄÄ</name><styleUrl>#D</styleUrl><description><![CDATA[<b>EFD119C HYVINKÄÄ</b><br/>Upper: FL 195<br/>Lower: SFC<br/>Source: Traficom OPS M1-28 Liite 1 (Vaara-alueet)]]></description><Polygon><outerBoundaryIs><LinearRing><coordinates>24.782222,60.820278,0 25.128333,60.825833,0 25.126944,60.744444,0 25.020278,60.751944,0 24.908889,60.752778,0 24.800000,60.746389,0 24.665000,60.728333,0 24.606389,60.774444,0 24.665000,60.789722,0 24.782222,60.820278,0</coordinates></LinearRing></outerBoundaryIs></Polygon></Placemark>
<Placemark><name>EFD119D HYVINKÄÄ</name><styleUrl>#D</styleUrl><description><![CDATA[<b>EFD119D HYVINKÄÄ</b><br/>Upper: FL 195<br/>Lower: SFC<br/>Source: Traficom OPS M1-28 Liite 1 (Vaara-alueet)]]></description><Polygon><outerBoundaryIs><LinearRing><coordinates>25.440000,60.954444,0 25.751667,60.833889,0 25.485833,60.830833,0 25.128333,60.825833,0 24.782222,60.820278,0 25.086667,60.949722,0 25.440000,60.954444,0</coordinates></LinearRing></outerBoundaryIs></Polygon></Placemark>
<Placemark><name>EFD120A MENKIJÄRVI</name><styleUrl>#D</styleUrl><description><![CDATA[<b>EFD120A MENKIJÄRVI</b><br/>Upper: FL 195<br/>Lower: SFC<br/>Source: Traficom OPS M1-28 Liite 1 (Vaara-alueet)]]></description><Polygon><outerBoundaryIs><LinearRing><coordinates>23.515833,63.073333,0 23.942222,63.018889,0 24.039444,62.965278,0 23.665833,62.628056,0 23.441389,62.736944,0 23.421111,63.040000,0 23.515833,63.073333,0</coordinates></LinearRing></outerBoundaryIs></Polygon></Placemark>
<Placemark><name>EFD120B MENKIJÄRVI</name><styleUrl>#D</styleUrl><description><![CDATA[<b>EFD120B MENKIJÄRVI</b><br/>Upper: FL 195<br/>Lower: SFC<br/>Source: Traficom OPS M1-28 Liite 1 (Vaara-alueet)]]></description><Polygon><outerBoundaryIs><LinearRing><coordinates>24.039444,62.965278,0 24.211944,62.869167,0 24.200833,62.604167,0 23.857222,62.619722,0 23.665833,62.628056,0 24.039444,62.965278,0</coordinates></LinearRing></outerBoundaryIs></Polygon></Placemark>
<Placemark><name>EFD120C MENKIJÄRVI</name><styleUrl>#D</styleUrl><description><![CDATA[<b>EFD120C MENKIJÄRVI</b><br/>Upper: FL 195<br/>Lower: SFC<br/>Source: Traficom OPS M1-28 Liite 1 (Vaara-alueet)]]></description><Polygon><outerBoundaryIs><LinearRing><coordinates>23.857222,62.619722,0 24.200833,62.604167,0 23.791111,62.295556,0 23.682500,62.372500,0 23.666944,62.383333,0 23.857222,62.619722,0</coordinates></LinearRing></outerBoundaryIs></Polygon></Placemark>
<Placemark><name>EFD120D MENKIJÄRVI</name><styleUrl>#D</styleUrl><description><![CDATA[<b>EFD120D MENKIJÄRVI</b><br/>Upper: FL 195<br/>Lower: SFC<br/>Source: Traficom OPS M1-28 Liite 1 (Vaara-alueet)]]></description><Polygon><outerBoundaryIs><LinearRing><coordinates>23.665833,62.628056,0 23.857222,62.619722,0 23.666944,62.383333,0 23.551111,62.464722,0 23.665833,62.628056,0</coordinates></LinearRing></outerBoundaryIs></Polygon></Placemark>
<Placemark><name>EFD121A HAAPAVESI</name><styleUrl>#D</styleUrl><description><![CDATA[<b>EFD121A HAAPAVESI</b><br/>Upper: FL 195<br/>Lower: SFC<br/>Source: Traficom OPS M1-28 Liite 1 (Vaara-alueet)]]></description><Polygon><outerBoundaryIs><LinearRing><coordinates>25.283333,64.166667,0 25.271111,63.806389,0 25.672222,63.887500,0 25.673889,64.166667,0 25.283333,64.166667,0</coordinates></LinearRing></outerBoundaryIs></Polygon></Placemark>
<Placemark><name>EFD121B HAAPAVESI</name><styleUrl>#D</styleUrl><description><![CDATA[<b>EFD121B HAAPAVESI</b><br/>Upper: FL 195<br/>Lower: SFC<br/>Source: Traficom OPS M1-28 Liite 1 (Vaara-alueet)]]></description><Polygon><outerBoundaryIs><LinearRing><coordinates>25.673889,64.166667,0 25.672222,63.887500,0 26.133333,63.976944,0 26.133333,64.166667,0 25.673889,64.166667,0</coordinates></LinearRing></outerBoundaryIs></Polygon></Placemark>
<Placemark><name>EFD122 AHMOSUO</name><styleUrl>#D</styleUrl><description><![CDATA[<b>EFD122 AHMOSUO</b><br/>Upper: FL 195<br/>Lower: SFC<br/>Source: Traficom OPS M1-28 Liite 1 (Vaara-alueet)]]></description><Polygon><outerBoundaryIs><LinearRing><coordinates>25.714167,64.940278,0 25.834722,64.898889,0 25.768333,64.864167,0 25.647500,64.905556,0 25.714167,64.940278,0</coordinates></LinearRing></outerBoundaryIs></Polygon></Placemark>
<Placemark><name>EFD123A TEISKO</name><styleUrl>#D</styleUrl><description><![CDATA[<b>EFD123A TEISKO</b><br/>Upper: FL 195<br/>Lower: SFC<br/>Source: Traficom OPS M1-28 Liite 1 (Vaara-alueet)]]></description><Polygon><outerBoundaryIs><LinearRing><coordinates>23.698611,61.990556,0 24.049444,61.948611,0 24.131944,61.718611,0 23.752222,61.723333,0 23.620833,61.693889,0 23.359444,61.928889,0 23.418889,61.980000,0 23.698611,61.990556,0</coordinates></LinearRing></outerBoundaryIs></Polygon></Placemark>
<Placemark><name>EFD123B TEISKO</name><styleUrl>#D</styleUrl><description><![CDATA[<b>EFD123B TEISKO</b><br/>Upper: FL 195<br/>Lower: SFC<br/>Source: Traficom OPS M1-28 Liite 1 (Vaara-alueet)]]></description><Polygon><outerBoundaryIs><LinearRing><coordinates>24.049444,61.948611,0 24.374167,61.854722,0 24.395833,61.718056,0 24.262222,61.685833,0 24.131944,61.718611,0 24.049444,61.948611,0</coordinates></LinearRing></outerBoundaryIs></Polygon></Placemark>
<Placemark><name>EFD123C TEISKO</name><styleUrl>#D</styleUrl><description><![CDATA[<b>EFD123C TEISKO</b><br/>Upper: FL 195<br/>Lower: SFC<br/>Source: Traficom OPS M1-28 Liite 1 (Vaara-alueet)]]></description><Polygon><outerBoundaryIs><LinearRing><coordinates>24.569722,61.724167,0 24.802500,61.606111,0 24.597778,61.600000,0 24.262222,61.685833,0 24.395833,61.718056,0 24.569722,61.724167,0</coordinates></LinearRing></outerBoundaryIs></Polygon></Placemark>
<Placemark><name>EFD124A KAUHAVA</name><styleUrl>#D</styleUrl><description><![CDATA[<b>EFD124A KAUHAVA</b><br/>Upper: FL 195<br/>Lower: SFC<br/>Source: Traficom OPS M1-28 Liite 1 (Vaara-alueet)]]></description><Polygon><outerBoundaryIs><LinearRing><coordinates>22.940000,63.173056,0 23.158333,63.174722,0 23.161944,63.074444,0 22.942500,63.073056,0 22.940000,63.173056,0</coordinates></LinearRing></outerBoundaryIs></Polygon></Placemark>
<Placemark><name>EFD124B KAUHAVA</name><styleUrl>#D</styleUrl><description><![CDATA[<b>EFD124B KAUHAVA</b><br/>Upper: FL 195<br/>Lower: SFC<br/>Source: Traficom OPS M1-28 Liite 1 (Vaara-alueet)]]></description><Polygon><outerBoundaryIs><LinearRing><coordinates>22.777778,63.300000,0 23.145833,63.269444,0 23.158333,63.174722,0 22.940000,63.173056,0 22.777778,63.300000,0</coordinates></LinearRing></outerBoundaryIs></Polygon></Placemark>
<Placemark><name>EFD124C KAUHAVA</name><styleUrl>#D</styleUrl><description><![CDATA[<b>EFD124C KAUHAVA</b><br/>Upper: FL 195<br/>Lower: SFC<br/>Source: Traficom OPS M1-28 Liite 1 (Vaara-alueet)]]></description><Polygon><outerBoundaryIs><LinearRing><coordinates>23.596944,63.348889,0 23.942222,63.018889,0 23.515833,63.073333,0 23.161944,63.074444,0 23.158333,63.174722,0 23.145833,63.269444,0 23.596944,63.348889,0</coordinates></LinearRing></outerBoundaryIs></Polygon></Placemark>
<Placemark><name>EFD124D KAUHAVA</name><styleUrl>#D</styleUrl><description><![CDATA[<b>EFD124D KAUHAVA</b><br/>Upper: FL 195<br/>Lower: SFC<br/>Source: Traficom OPS M1-28 Liite 1 (Vaara-alueet)]]></description><Polygon><outerBoundaryIs><LinearRing><coordinates>22.732500,63.072778,0 22.942500,63.073056,0 23.161944,63.074444,0 23.515833,63.073333,0 23.421111,63.040000,0 23.441389,62.736944,0 22.732500,63.072778,0</coordinates></LinearRing></outerBoundaryIs></Polygon></Placemark>
<Placemark><name>EFD124E KAUHAVA</name><styleUrl>#D</styleUrl><description><![CDATA[<b>EFD124E KAUHAVA</b><br/>Upper: FL 195<br/>Lower: SFC<br/>Source: Traficom OPS M1-28 Liite 1 (Vaara-alueet)]]></description><Polygon><outerBoundaryIs><LinearRing><coordinates>22.618333,63.365556,0 22.777778,63.300000,0 22.940000,63.173056,0 22.942500,63.073056,0 22.732500,63.072778,0 22.388056,63.030833,0 22.294444,63.171389,0 22.618333,63.365556,0</coordinates></LinearRing></outerBoundaryIs></Polygon></Placemark>
<Placemark><name>EFD125 IMMOLA</name><styleUrl>#D</styleUrl><description><![CDATA[<b>EFD125 IMMOLA</b><br/>Upper: FL 195<br/>Lower: SFC<br/>Source: Traficom OPS M1-28 Liite 1 (Vaara-alueet)]]></description><Polygon><outerBoundaryIs><LinearRing><coordinates>28.596111,61.667222,0 28.851111,61.667500,0 29.165556,61.558889,0 29.113611,61.432222,0 29.113611,61.253333,0 29.040833,61.229444,0 28.908889,61.178889,0 28.787222,61.144167,0 28.664722,61.058333,0 28.688056,61.309722,0 28.424722,61.372500,0 28.359722,61.359444,0 28.177222,61.448611,0 28.596111,61.667222,0</coordinates></LinearRing></outerBoundaryIs></Polygon></Placemark>
<Placemark><name>EFD126 VESIVEHMAA</name><styleUrl>#D</styleUrl><description><![CDATA[<b>EFD126 VESIVEHMAA</b><br/>Upper: FL 195<br/>Lower: SFC<br/>Source: Traficom OPS M1-28 Liite 1 (Vaara-alueet)]]></description><Polygon><outerBoundaryIs><LinearRing><coordinates>25.475000,61.033333,0 26.045833,61.033333,0 26.108333,61.345833,0 25.490278,61.345833,0 25.475000,61.033333,0</coordinates></LinearRing></outerBoundaryIs></Polygon></Placemark>
<Placemark><name>EFD128A NUMMELA</name><styleUrl>#D</styleUrl><description><![CDATA[<b>EFD128A NUMMELA</b><br/>Upper: FL 195<br/>Lower: SFC<br/>Source: Traficom OPS M1-28 Liite 1 (Vaara-alueet)]]></description><Polygon><outerBoundaryIs><LinearRing><coordinates>24.291111,60.500000,0 24.294167,60.402222,0 24.387222,60.370833,0 24.385278,60.317778,0 24.308611,60.282500,0 24.161111,60.275278,0 24.291111,60.500000,0</coordinates></LinearRing></outerBoundaryIs></Polygon></Placemark>
<Placemark><name>EFD128B NUMMELA</name><styleUrl>#D</styleUrl><description><![CDATA[<b>EFD128B NUMMELA</b><br/>Upper: FL 195<br/>Lower: SFC<br/>Source: Traficom OPS M1-28 Liite 1 (Vaara-alueet)]]></description><Polygon><outerBoundaryIs><LinearRing><coordinates>24.352222,60.654167,0 24.424444,60.589722,0 24.381111,60.569722,0 24.291111,60.500000,0 24.161111,60.275278,0 23.968333,60.265833,0 24.043611,60.447778,0 24.270556,60.600000,0 24.352222,60.654167,0</coordinates></LinearRing></outerBoundaryIs></Polygon></Placemark>
<Placemark><name>EFD128C NUMMELA</name><styleUrl>#D</styleUrl><description><![CDATA[<b>EFD128C NUMMELA</b><br/>Upper: FL 195<br/>Lower: SFC<br/>Source: Traficom OPS M1-28 Liite 1 (Vaara-alueet)]]></description><Polygon><outerBoundaryIs><LinearRing><coordinates>24.606389,60.774444,0 24.665000,60.728333,0 24.719444,60.684722,0 24.525833,60.636389,0 24.424444,60.589722,0 24.352222,60.654167,0 24.485556,60.742500,0 24.606389,60.774444,0</coordinates></LinearRing></outerBoundaryIs></Polygon></Placemark>
<Placemark><name>EFD128D NUMMELA</name><styleUrl>#D</styleUrl><description><![CDATA[<b>EFD128D NUMMELA</b><br/>Upper: FL 195<br/>Lower: SFC<br/>Source: Traficom OPS M1-28 Liite 1 (Vaara-alueet)]]></description><Polygon><outerBoundaryIs><LinearRing><coordinates>24.063333,60.601667,0 24.270556,60.600000,0 24.043611,60.447778,0 24.016944,60.383889,0 23.968333,60.265833,0 23.793889,60.256944,0 23.848056,60.389444,0 23.886111,60.482222,0 24.063333,60.601667,0</coordinates></LinearRing></outerBoundaryIs></Polygon></Placemark>
<Placemark><name>EFD128E NUMMELA</name><styleUrl>#D</styleUrl><description><![CDATA[<b>EFD128E NUMMELA</b><br/>Upper: FL 195<br/>Lower: SFC<br/>Source: Traficom OPS M1-28 Liite 1 (Vaara-alueet)]]></description><Polygon><outerBoundaryIs><LinearRing><coordinates>24.269167,60.280556,0 23.915278,60.136944,0 23.968333,60.265833,0 24.161111,60.275278,0 24.269167,60.280556,0</coordinates></LinearRing></outerBoundaryIs></Polygon></Placemark>
<Placemark><name>EFD129A PIIKAJÄRVI</name><styleUrl>#D</styleUrl><description><![CDATA[<b>EFD129A PIIKAJÄRVI</b><br/>Upper: FL 195<br/>Lower: SFC<br/>Source: Traficom OPS M1-28 Liite 1 (Vaara-alueet)]]></description><Polygon><outerBoundaryIs><LinearRing><coordinates>22.245278,61.301111,0 22.470000,61.287778,0 22.450556,61.152500,0 22.153056,61.103611,0 22.087500,61.260278,0 22.245278,61.301111,0</coordinates></LinearRing></outerBoundaryIs></Polygon></Placemark>
<Placemark><name>EFD129B PIIKAJÄRVI</name><styleUrl>#D</styleUrl><description><![CDATA[<b>EFD129B PIIKAJÄRVI</b><br/>Upper: FL 195<br/>Lower: SFC<br/>Source: Traficom OPS M1-28 Liite 1 (Vaara-alueet)]]></description><Polygon><outerBoundaryIs><LinearRing><coordinates>22.598333,61.176667,0 22.531667,61.116389,0 22.477222,61.061111,0 22.438333,61.031389,0 22.458056,61.011944,0 22.315833,61.031389,0 22.153056,61.103611,0 22.450556,61.152500,0 22.598333,61.176667,0</coordinates></LinearRing></outerBoundaryIs></Polygon></Placemark>
<Placemark><name>EFD129C PIIKAJÄRVI</name><styleUrl>#D</styleUrl><description><![CDATA[<b>EFD129C PIIKAJÄRVI</b><br/>Upper: FL 195<br/>Lower: SFC<br/>Source: Traficom OPS M1-28 Liite 1 (Vaara-alueet)]]></description><Polygon><outerBoundaryIs><LinearRing><coordinates>22.470000,61.287778,0 22.606944,61.279722,0 22.598333,61.176667,0 22.450556,61.152500,0 22.470000,61.287778,0</coordinates></LinearRing></outerBoundaryIs></Polygon></Placemark>
<Placemark><name>EFD131A PYHTÄÄ</name><styleUrl>#D</styleUrl><description><![CDATA[<b>EFD131A PYHTÄÄ</b><br/>Upper: FL 195<br/>Lower: SFC<br/>Source: Traficom OPS M1-28 Liite 1 (Vaara-alueet)]]></description><Polygon><outerBoundaryIs><LinearRing><coordinates>26.333056,60.631389,0 26.430556,60.587222,0 26.626667,60.608333,0 26.743889,60.433333,0 26.446944,60.383611,0 26.308333,60.509722,0 26.333056,60.631389,0</coordinates></LinearRing></outerBoundaryIs></Polygon></Placemark>
<Placemark><name>EFD131B PYHTÄÄ</name><styleUrl>#D</styleUrl><description><![CDATA[<b>EFD131B PYHTÄÄ</b><br/>Upper: FL 195<br/>Lower: SFC<br/>Source: Traficom OPS M1-28 Liite 1 (Vaara-alueet)]]></description><Polygon><outerBoundaryIs><LinearRing><coordinates>26.590000,60.663056,0 26.626667,60.608333,0 26.430556,60.587222,0 26.333056,60.631389,0 26.590000,60.663056,0</coordinates></LinearRing></outerBoundaryIs></Polygon></Placemark>
<Placemark><name>EFD132 KIIKALA</name><styleUrl>#D</styleUrl><description><![CDATA[<b>EFD132 KIIKALA</b><br/>Upper: FL 195<br/>Lower: SFC<br/>Source: Traficom OPS M1-28 Liite 1 (Vaara-alueet)]]></description><Polygon><outerBoundaryIs><LinearRing><coordinates>23.833333,60.576667,0 23.440000,60.576667,0 23.458611,60.401667,0 23.833333,60.387222,0 23.833333,60.576667,0</coordinates></LinearRing></outerBoundaryIs></Polygon></Placemark>
<Placemark><name>EFD135A AHMOSUO</name><styleUrl>#D</styleUrl><description><![CDATA[<b>EFD135A AHMOSUO</b><br/>Upper: FL 195<br/>Lower: SFC<br/>Source: Traficom OPS M1-28 Liite 1 (Vaara-alueet)]]></description><Polygon><outerBoundaryIs><LinearRing><coordinates>26.308333,64.996389,0 26.311944,64.810556,0 25.716667,64.883056,0 25.708611,64.984722,0 26.308333,64.996389,0</coordinates></LinearRing></outerBoundaryIs></Polygon></Placemark>
<Placemark><name>EFD135B AHMOSUO</name><styleUrl>#D</styleUrl><description><![CDATA[<b>EFD135B AHMOSUO</b><br/>Upper: FL 195<br/>Lower: SFC<br/>Source: Traficom OPS M1-28 Liite 1 (Vaara-alueet)]]></description><Polygon><outerBoundaryIs><LinearRing><coordinates>25.912222,65.143056,0 26.308333,64.996389,0 25.708611,64.984722,0 25.912222,65.143056,0</coordinates></LinearRing></outerBoundaryIs></Polygon></Placemark>
<Placemark><name>EFD136 RAAHE-PATTIJOKI</name><styleUrl>#D</styleUrl><description><![CDATA[<b>EFD136 RAAHE-PATTIJOKI</b><br/>Upper: FL 195<br/>Lower: SFC<br/>Source: Traficom OPS M1-28 Liite 1 (Vaara-alueet)]]></description><Polygon><outerBoundaryIs><LinearRing><coordinates>24.662778,64.766944,0 24.975833,64.511944,0 24.984722,64.446667,0 24.805000,64.536111,0 24.529722,64.663889,0 24.662778,64.766944,0</coordinates></LinearRing></outerBoundaryIs></Polygon></Placemark>
<Placemark><name>EFD137 BOKSI</name><styleUrl>#D</styleUrl><description><![CDATA[<b>EFD137 BOKSI</b><br/>Upper: FL 195<br/>Lower: SFC<br/>Source: Traficom OPS M1-28 Liite 1 (Vaara-alueet)]]></description><Polygon><outerBoundaryIs><LinearRing><coordinates>25.425833,60.364722,0 25.505556,60.330278,0 25.460556,60.290000,0 25.368611,60.286944,0 25.425833,60.364722,0</coordinates></LinearRing></outerBoundaryIs></Polygon></Placemark>
<Placemark><name>EFD138 SANTIS</name><styleUrl>#D</styleUrl><description><![CDATA[<b>EFD138 SANTIS</b><br/>Upper: FL 195<br/>Lower: SFC<br/>Source: Traficom OPS M1-28 Liite 1 (Vaara-alueet)]]></description><Polygon><outerBoundaryIs><LinearRing><coordinates>25.041944,60.155278,0 25.116667,60.150000,0 25.180278,60.146944,0 25.223611,60.125278,0 25.194444,60.101111,0 25.096944,60.112778,0 24.996944,60.112778,0 25.041944,60.155278,0</coordinates></LinearRing></outerBoundaryIs></Polygon></Placemark>
<Placemark><name>EFD139A ARABIA</name><styleUrl>#D</styleUrl><description><![CDATA[<b>EFD139A ARABIA</b><br/>Upper: FL 195<br/>Lower: SFC<br/>Source: Traficom OPS M1-28 Liite 1 (Vaara-alueet)]]></description><Polygon><outerBoundaryIs><LinearRing><coordinates>24.980833,60.217222,0 25.012500,60.185556,0 24.959444,60.153611,0 24.906389,60.201389,0 24.918333,60.206944,0 24.926944,60.206111,0 24.980833,60.217222,0</coordinates></LinearRing></outerBoundaryIs></Polygon></Placemark>
<Placemark><name>EFD139B ARABIA</name><styleUrl>#D</styleUrl><description><![CDATA[<b>EFD139B ARABIA</b><br/>Upper: FL 195<br/>Lower: SFC<br/>Source: Traficom OPS M1-28 Liite 1 (Vaara-alueet)]]></description><Polygon><outerBoundaryIs><LinearRing><coordinates>24.980833,60.217222,0 25.013889,60.215000,0 25.012500,60.185556,0 24.980833,60.217222,0</coordinates></LinearRing></outerBoundaryIs></Polygon></Placemark>
<Placemark><name>EFD141A RÄYSKÄLÄ</name><styleUrl>#D</styleUrl><description><![CDATA[<b>EFD141A RÄYSKÄLÄ</b><br/>Upper: FL 195<br/>Lower: SFC<br/>Source: Traficom OPS M1-28 Liite 1 (Vaara-alueet)]]></description><Polygon><outerBoundaryIs><LinearRing><coordinates>24.170556,60.814722,0 24.352222,60.654167,0 24.270556,60.600000,0 24.063333,60.601667,0 23.877222,60.650833,0 23.843333,60.798889,0 24.170556,60.814722,0</coordinates></LinearRing></outerBoundaryIs></Polygon></Placemark>
<Placemark><name>EFD141B RÄYSKÄLÄ</name><styleUrl>#D</styleUrl><description><![CDATA[<b>EFD141B RÄYSKÄLÄ</b><br/>Upper: FL 195<br/>Lower: SFC<br/>Source: Traficom OPS M1-28 Liite 1 (Vaara-alueet)]]></description><Polygon><outerBoundaryIs><LinearRing><coordinates>23.851389,61.092500,0 24.170556,60.814722,0 23.843333,60.798889,0 23.776389,61.087778,0 23.851389,61.092500,0</coordinates></LinearRing></outerBoundaryIs></Polygon></Placemark>
<Placemark><name>EFD141C RÄYSKÄLÄ</name><styleUrl>#D</styleUrl><description><![CDATA[<b>EFD141C RÄYSKÄLÄ</b><br/>Upper: FL 195<br/>Lower: SFC<br/>Source: Traficom OPS M1-28 Liite 1 (Vaara-alueet)]]></description><Polygon><outerBoundaryIs><LinearRing><coordinates>24.236667,61.167778,0 24.431944,60.996667,0 24.665000,60.789722,0 24.606389,60.774444,0 24.485556,60.742500,0 24.352222,60.654167,0 24.170556,60.814722,0 23.851389,61.092500,0 23.917222,61.096667,0 24.236667,61.167778,0</coordinates></LinearRing></outerBoundaryIs></Polygon></Placemark>
<Placemark><name>EFD142 JÄMIJÄRVI</name><styleUrl>#D</styleUrl><description><![CDATA[<b>EFD142 JÄMIJÄRVI</b><br/>Upper: FL 195<br/>Lower: SFC<br/>Source: Traficom OPS M1-28 Liite 1 (Vaara-alueet)]]></description><Polygon><outerBoundaryIs><LinearRing><coordinates>22.771111,61.931111,0 22.955833,61.781389,0 22.796389,61.640556,0 22.471667,61.731944,0 22.479722,61.850278,0 22.771111,61.931111,0</coordinates></LinearRing></outerBoundaryIs></Polygon></Placemark>
<Placemark><name>EFD143 HYPPY</name><styleUrl>#D</styleUrl><description><![CDATA[<b>EFD143 HYPPY</b><br/>Upper: FL 195<br/>Lower: SFC<br/>Source: Traficom OPS M1-28 Liite 1 (Vaara-alueet)]]></description><Polygon><outerBoundaryIs><LinearRing><coordinates>25.030000,60.283056,0 25.134167,60.278056,0 25.109444,60.208611,0 24.980833,60.217222,0 24.993889,60.242500,0 25.030000,60.283056,0</coordinates></LinearRing></outerBoundaryIs></Polygon></Placemark>
<Placemark><name>EFD144A PUDASJÄRVI</name><styleUrl>#D</styleUrl><description><![CDATA[<b>EFD144A PUDASJÄRVI</b><br/>Upper: FL 195<br/>Lower: SFC<br/>Source: Traficom OPS M1-28 Liite 1 (Vaara-alueet)]]></description><Polygon><outerBoundaryIs><LinearRing><coordinates>27.344722,65.547778,0 27.341389,65.207778,0 26.404167,65.237500,0 26.404167,65.274167,0 27.344722,65.547778,0</coordinates></LinearRing></outerBoundaryIs></Polygon></Placemark>
<Placemark><name>EFD144B PUDASJÄRVI</name><styleUrl>#D</styleUrl><description><![CDATA[<b>EFD144B PUDASJÄRVI</b><br/>Upper: FL 195<br/>Lower: SFC<br/>Source: Traficom OPS M1-28 Liite 1 (Vaara-alueet)]]></description><Polygon><outerBoundaryIs><LinearRing><coordinates>27.050556,65.706111,0 27.344722,65.547778,0 26.404167,65.274167,0 26.404167,65.518611,0 27.050556,65.706111,0</coordinates></LinearRing></outerBoundaryIs></Polygon></Placemark>
<Placemark><name>EFD144C PUDASJÄRVI</name><styleUrl>#D</styleUrl><description><![CDATA[<b>EFD144C PUDASJÄRVI</b><br/>Upper: FL 195<br/>Lower: SFC<br/>Source: Traficom OPS M1-28 Liite 1 (Vaara-alueet)]]></description><Polygon><outerBoundaryIs><LinearRing><coordinates>27.441944,65.816944,0 27.821944,65.682222,0 27.344722,65.547778,0 27.050556,65.706111,0 27.441944,65.816944,0</coordinates></LinearRing></outerBoundaryIs></Polygon></Placemark>
<Placemark><name>EFD144D PUDASJÄRVI</name><styleUrl>#D</styleUrl><description><![CDATA[<b>EFD144D PUDASJÄRVI</b><br/>Upper: FL 195<br/>Lower: SFC<br/>Source: Traficom OPS M1-28 Liite 1 (Vaara-alueet)]]></description><Polygon><outerBoundaryIs><LinearRing><coordinates>27.821944,65.682222,0 28.000000,65.617222,0 28.000000,65.183333,0 27.341389,65.207778,0 27.344722,65.547778,0 27.821944,65.682222,0</coordinates></LinearRing></outerBoundaryIs></Polygon></Placemark>
<Placemark><name>EFD145A RAUTAVAARA</name><styleUrl>#D</styleUrl><description><![CDATA[<b>EFD145A RAUTAVAARA</b><br/>Upper: FL 195<br/>Lower: SFC<br/>Source: Traficom OPS M1-28 Liite 1 (Vaara-alueet)]]></description><Polygon><outerBoundaryIs><LinearRing><coordinates>28.021389,63.638056,0 28.385000,63.382500,0 28.191944,63.309167,0 27.916111,63.397222,0 28.021389,63.638056,0</coordinates></LinearRing></outerBoundaryIs></Polygon></Placemark>
<Placemark><name>EFD145B RAUTAVAARA</name><styleUrl>#D</styleUrl><description><![CDATA[<b>EFD145B RAUTAVAARA</b><br/>Upper: FL 195<br/>Lower: SFC<br/>Source: Traficom OPS M1-28 Liite 1 (Vaara-alueet)]]></description><Polygon><outerBoundaryIs><LinearRing><coordinates>27.460000,63.870556,0 27.683056,63.871111,0 28.021389,63.638056,0 27.916111,63.397222,0 27.611111,63.417222,0 27.391111,63.375278,0 27.457500,63.599722,0 27.460000,63.870556,0</coordinates></LinearRing></outerBoundaryIs></Polygon></Placemark>
<Placemark><name>EFD146 ALAVUS</name><styleUrl>#D</styleUrl><description><![CDATA[<b>EFD146 ALAVUS</b><br/>Upper: FL 195<br/>Lower: SFC<br/>Source: Traficom OPS M1-28 Liite 1 (Vaara-alueet)]]></description><Polygon><outerBoundaryIs><LinearRing><coordinates>23.441389,62.736944,0 23.665833,62.628056,0 23.551111,62.464722,0 23.454722,62.533611,0 23.441389,62.736944,0</coordinates></LinearRing></outerBoundaryIs></Polygon></Placemark>
<Placemark><name>EFD147A KYMI</name><styleUrl>#D</styleUrl><description><![CDATA[<b>EFD147A KYMI</b><br/>Upper: FL 195<br/>Lower: SFC<br/>Source: Traficom OPS M1-28 Liite 1 (Vaara-alueet)]]></description><Polygon><outerBoundaryIs><LinearRing><coordinates>27.221111,60.670833,0 27.213611,60.566944,0 26.946944,60.466944,0 26.743889,60.433333,0 26.626667,60.608333,0 27.221111,60.670833,0</coordinates></LinearRing></outerBoundaryIs></Polygon></Placemark>
<Placemark><name>EFD147B KYMI</name><styleUrl>#D</styleUrl><description><![CDATA[<b>EFD147B KYMI</b><br/>Upper: FL 195<br/>Lower: SFC<br/>Source: Traficom OPS M1-28 Liite 1 (Vaara-alueet)]]></description><Polygon><outerBoundaryIs><LinearRing><coordinates>27.369722,60.744722,0 27.393056,60.688333,0 27.221111,60.670833,0 26.626667,60.608333,0 26.590000,60.663056,0 27.369722,60.744722,0</coordinates></LinearRing></outerBoundaryIs></Polygon></Placemark>
<Placemark><name>EFD149 KITEE</name><styleUrl>#D</styleUrl><description><![CDATA[<b>EFD149 KITEE</b><br/>Upper: FL 195<br/>Lower: SFC<br/>Source: Traficom OPS M1-28 Liite 1 (Vaara-alueet)]]></description><Polygon><outerBoundaryIs><LinearRing><coordinates>30.520000,62.635556,0 30.931111,62.564444,0 29.749722,61.770000,0 29.789722,61.963611,0 29.303333,62.129167,0 29.389444,62.216667,0 29.641667,62.365278,0 30.071944,62.333333,0 30.421111,62.431944,0 30.551111,62.587778,0 30.520000,62.635556,0</coordinates></LinearRing></outerBoundaryIs></Polygon></Placemark>
<Placemark><name>EFD151 HANKONIEMI</name><styleUrl>#D</styleUrl><description><![CDATA[<b>EFD151 HANKONIEMI</b><br/>Upper: 3000 FT MSL<br/>Lower: SFC<br/>Source: Traficom OPS M1-28 Liite 1 (Vaara-alueet)]]></description><Polygon><outerBoundaryIs><LinearRing><coordinates>23.250000,59.964722,0 23.250000,59.828611,0 23.130000,59.823333,0 22.905000,59.813333,0 22.905000,59.883333,0 23.250000,59.964722,0</coordinates></LinearRing></outerBoundaryIs></Polygon></Placemark>
<Placemark><name>EFD152A TAMMISAARI</name><styleUrl>#D</styleUrl><description><![CDATA[<b>EFD152A TAMMISAARI</b><br/>Upper: 3000 FT MSL<br/>Lower: SFC<br/>Source: Traficom OPS M1-28 Liite 1 (Vaara-alueet)]]></description><Polygon><outerBoundaryIs><LinearRing><coordinates>23.400556,60.000000,0 23.475000,59.968889,0 23.380278,59.830000,0 23.280000,59.830000,0 23.250000,59.828611,0 23.250000,59.964722,0 23.400556,60.000000,0</coordinates></LinearRing></outerBoundaryIs></Polygon></Placemark>
<Placemark><name>EFD152B TAMMISAARI</name><styleUrl>#D</styleUrl><description><![CDATA[<b>EFD152B TAMMISAARI</b><br/>Upper: 3000 FT MSL<br/>Lower: SFC<br/>Source: Traficom OPS M1-28 Liite 1 (Vaara-alueet)]]></description><Polygon><outerBoundaryIs><LinearRing><coordinates>23.543333,60.044167,0 23.630278,60.044167,0 23.630278,59.828611,0 23.530278,59.830000,0 23.380278,59.830000,0 23.475000,59.968889,0 23.400556,60.000000,0 23.543333,60.044167,0</coordinates></LinearRing></outerBoundaryIs></Polygon></Placemark>
<Placemark><name>EFD153 HÄLVÄLÄ</name><styleUrl>#D</styleUrl><description><![CDATA[<b>EFD153 HÄLVÄLÄ</b><br/>Upper: 5000 FT MSL<br/>Lower: SFC<br/>Source: Traficom OPS M1-28 Liite 1 (Vaara-alueet)]]></description><Polygon><outerBoundaryIs><LinearRing><coordinates>25.392778,61.033333,0 25.547222,61.033333,0 25.547222,60.966667,0 25.392778,60.966667,0 25.392778,61.033333,0</coordinates></LinearRing></outerBoundaryIs></Polygon></Placemark>
<Placemark><name>EFD154 UPINNIEMI</name><styleUrl>#D</styleUrl><description><![CDATA[<b>EFD154 UPINNIEMI</b><br/>Upper: 1300 FT MSL<br/>Lower: SFC<br/>Source: Traficom OPS M1-28 Liite 1 (Vaara-alueet)]]></description><Polygon><outerBoundaryIs><LinearRing><coordinates>24.348056,60.123611,0 24.488333,60.123611,0 24.485278,59.941944,0 24.403611,59.941944,0 24.403611,60.047500,0 24.302778,60.047500,0 24.348056,60.123611,0</coordinates></LinearRing></outerBoundaryIs></Polygon></Placemark>
<Placemark><name>EFD155A TOLKKINEN</name><styleUrl>#D</styleUrl><description><![CDATA[<b>EFD155A TOLKKINEN</b><br/>Upper: 2500 FT MSL<br/>Lower: SFC<br/>Source: Traficom OPS M1-28 Liite 1 (Vaara-alueet)]]></description><Polygon><outerBoundaryIs><LinearRing><coordinates>25.763056,60.440000,0 25.792222,60.300556,0 25.559444,60.293333,0 25.666944,60.418333,0 25.763056,60.440000,0</coordinates></LinearRing></outerBoundaryIs></Polygon></Placemark>
<Placemark><name>EFD155B TOLKKINEN</name><styleUrl>#D</styleUrl><description><![CDATA[<b>EFD155B TOLKKINEN</b><br/>Upper: 2500 FT MSL<br/>Lower: SFC<br/>Source: Traficom OPS M1-28 Liite 1 (Vaara-alueet)]]></description><Polygon><outerBoundaryIs><LinearRing><coordinates>25.666944,60.418333,0 25.497222,60.220278,0 25.417778,60.288611,0 25.460556,60.290000,0 25.505556,60.330278,0 25.426944,60.364167,0 25.666944,60.418333,0</coordinates></LinearRing></outerBoundaryIs></Polygon></Placemark>
<Placemark><name>EFD155C TOLKKINEN</name><styleUrl>#D</styleUrl><description><![CDATA[<b>EFD155C TOLKKINEN</b><br/>Upper: 2500 FT MSL<br/>Lower: SFC<br/>Source: Traficom OPS M1-28 Liite 1 (Vaara-alueet)]]></description><Polygon><outerBoundaryIs><LinearRing><coordinates>25.792222,60.300556,0 25.813056,60.201111,0 25.533333,60.188889,0 25.497222,60.220278,0 25.559444,60.293333,0 25.792222,60.300556,0</coordinates></LinearRing></outerBoundaryIs></Polygon></Placemark>
<Placemark><name>EFD157A PIEKSÄMÄKI</name><styleUrl>#D</styleUrl><description><![CDATA[<b>EFD157A PIEKSÄMÄKI</b><br/>Upper: FL 195<br/>Lower: SFC<br/>Source: Traficom OPS M1-28 Liite 1 (Vaara-alueet)]]></description><Polygon><outerBoundaryIs><LinearRing><coordinates>27.160000,62.533056,0 27.217500,62.306389,0 27.165833,62.203611,0 26.576389,62.120556,0 27.160000,62.533056,0</coordinates></LinearRing></outerBoundaryIs></Polygon></Placemark>
<Placemark><name>EFD157B PIEKSÄMÄKI</name><styleUrl>#D</styleUrl><description><![CDATA[<b>EFD157B PIEKSÄMÄKI</b><br/>Upper: FL 195<br/>Lower: SFC<br/>Source: Traficom OPS M1-28 Liite 1 (Vaara-alueet)]]></description><Polygon><outerBoundaryIs><LinearRing><coordinates>27.160000,62.533056,0 26.576389,62.120556,0 26.560833,62.410278,0 27.160000,62.533056,0</coordinates></LinearRing></outerBoundaryIs></Polygon></Placemark>
<Placemark><name>EFD158 LAPPEENRANTA</name><styleUrl>#D</styleUrl><description><![CDATA[<b>EFD158 LAPPEENRANTA</b><br/>Upper: 2700 FT MSL<br/>Lower: SFC<br/>Source: Traficom OPS M1-28 Liite 1 (Vaara-alueet)]]></description><Polygon><outerBoundaryIs><LinearRing><coordinates>28.190278,61.041944,0 28.201111,61.029722,0 28.175833,61.024722,0 28.165000,61.036944,0 28.190278,61.041944,0</coordinates></LinearRing></outerBoundaryIs></Polygon></Placemark>
<Placemark><name>EFD159 SANTAHAMINA</name><styleUrl>#D</styleUrl><description><![CDATA[<b>EFD159 SANTAHAMINA</b><br/>Upper: 3000 FT MSL<br/>Lower: 1300 FT MSL<br/>Source: Traficom OPS M1-28 Liite 1 (Vaara-alueet)]]></description><Polygon><outerBoundaryIs><LinearRing><coordinates>25.039444,60.166667,0 25.080556,60.166667,0 25.080556,60.152500,0 25.041944,60.155278,0 25.019444,60.133889,0 25.019167,60.157500,0 25.039444,60.166667,0</coordinates></LinearRing></outerBoundaryIs></Polygon></Placemark>
<Placemark><name>EFD160N BOTHNIA NORTH</name><styleUrl>#D</styleUrl><description><![CDATA[<b>EFD160N BOTHNIA NORTH</b><br/>Upper: FL 660<br/>Lower: FL 95<br/>Source: Traficom OPS M1-28 Liite 1 (Vaara-alueet)]]></description><Polygon><outerBoundaryIs><LinearRing><coordinates>23.908611,65.374444,0 24.414722,65.304722,0 24.192222,65.111944,0 24.220278,64.907778,0 24.523056,64.666944,0 23.890278,64.338056,0 23.445000,64.100278,0 22.710833,64.040556,0 21.961667,63.974722,0 22.922222,64.681389,0 23.908611,65.374444,0</coordinates></LinearRing></outerBoundaryIs></Polygon></Placemark>
<Placemark><name>EFD160S BOTHNIA SOUTH</name><styleUrl>#D</styleUrl><description><![CDATA[<b>EFD160S BOTHNIA SOUTH</b><br/>Upper: FL 660<br/>Lower: FL 95<br/>Source: Traficom OPS M1-28 Liite 1 (Vaara-alueet)]]></description><Polygon><outerBoundaryIs><LinearRing><coordinates>22.710833,64.040556,0 21.879167,63.485000,0 21.433056,63.605556,0 21.500000,63.616667,0 21.961667,63.974722,0 22.710833,64.040556,0</coordinates></LinearRing></outerBoundaryIs></Polygon></Placemark>
<Placemark><name>EFD161A KYLÄJÄRVI</name><styleUrl>#D</styleUrl><description><![CDATA[<b>EFD161A KYLÄJÄRVI</b><br/>Upper: FL 170<br/>Lower: SFC<br/>Source: Traficom OPS M1-28 Liite 1 (Vaara-alueet)]]></description><Polygon><outerBoundaryIs><LinearRing><coordinates>26.332222,67.500000,0 26.442222,67.500000,0 26.527500,67.466944,0 26.551111,67.432500,0 26.485000,67.401667,0 26.462500,67.417222,0 26.412500,67.417222,0 26.362500,67.425556,0 26.312500,67.402222,0 26.332222,67.500000,0</coordinates></LinearRing></outerBoundaryIs></Polygon></Placemark>
<Placemark><name>EFD161B KYLÄJÄRVI</name><styleUrl>#D</styleUrl><description><![CDATA[<b>EFD161B KYLÄJÄRVI</b><br/>Upper: FL 170<br/>Lower: SFC<br/>Source: Traficom OPS M1-28 Liite 1 (Vaara-alueet)]]></description><Polygon><outerBoundaryIs><LinearRing><coordinates>26.442222,67.500000,0 26.548056,67.500000,0 26.597500,67.481667,0 26.565556,67.439444,0 26.551111,67.432500,0 26.527500,67.466944,0 26.442222,67.500000,0</coordinates></LinearRing></outerBoundaryIs></Polygon></Placemark>
<Placemark><name>EFD162A PAHKAJÄRVI</name><styleUrl>#D</styleUrl><description><![CDATA[<b>EFD162A PAHKAJÄRVI</b><br/>Upper: FL 195<br/>Lower: SFC<br/>Source: Traficom OPS M1-28 Liite 1 (Vaara-alueet)]]></description><Polygon><outerBoundaryIs><LinearRing><coordinates>27.115278,61.137500,0 27.200833,61.068333,0 26.857778,61.030833,0 26.870278,61.109444,0 26.923333,61.084444,0 26.978333,61.097500,0 27.008611,61.118611,0 27.036667,61.127778,0 27.115278,61.137500,0</coordinates></LinearRing></outerBoundaryIs></Polygon></Placemark>
<Placemark><name>EFD162B PAHKAJÄRVI</name><styleUrl>#D</styleUrl><description><![CDATA[<b>EFD162B PAHKAJÄRVI</b><br/>Upper: FL 195<br/>Lower: SFC<br/>Source: Traficom OPS M1-28 Liite 1 (Vaara-alueet)]]></description><Polygon><outerBoundaryIs><LinearRing><coordinates>26.876111,61.137778,0 26.870278,61.109444,0 26.857778,61.030833,0 26.722222,61.015556,0 26.691111,61.135000,0 26.876111,61.137778,0</coordinates></LinearRing></outerBoundaryIs></Polygon></Placemark>
<Placemark><name>EFD162C PAHKAJÄRVI</name><styleUrl>#D</styleUrl><description><![CDATA[<b>EFD162C PAHKAJÄRVI</b><br/>Upper: 3500 FT MSL<br/>Lower: SFC<br/>Source: Traficom OPS M1-28 Liite 1 (Vaara-alueet)]]></description><Polygon><outerBoundaryIs><LinearRing><coordinates>27.215278,61.262222,0 27.414722,61.088333,0 27.200833,61.068333,0 27.115278,61.137500,0 27.096667,61.206389,0 27.071389,61.230000,0 27.215278,61.262222,0</coordinates></LinearRing></outerBoundaryIs></Polygon></Placemark>
<Placemark><name>EFD162D PAHKAJÄRVI</name><styleUrl>#D</styleUrl><description><![CDATA[<b>EFD162D PAHKAJÄRVI</b><br/>Upper: FL 195<br/>Lower: SFC<br/>Source: Traficom OPS M1-28 Liite 1 (Vaara-alueet)]]></description><Polygon><outerBoundaryIs><LinearRing><coordinates>26.876667,61.347222,0 27.211111,61.331389,0 27.215278,61.262222,0 27.071389,61.230000,0 26.875833,61.230000,0 26.876667,61.347222,0</coordinates></LinearRing></outerBoundaryIs></Polygon></Placemark>
<Placemark><name>EFD162E PAHKAJÄRVI</name><styleUrl>#D</styleUrl><description><![CDATA[<b>EFD162E PAHKAJÄRVI</b><br/>Upper: FL 195<br/>Lower: SFC<br/>Source: Traficom OPS M1-28 Liite 1 (Vaara-alueet)]]></description><Polygon><outerBoundaryIs><LinearRing><coordinates>26.876667,61.347222,0 26.875833,61.230000,0 26.876111,61.137778,0 26.691111,61.135000,0 26.682222,61.341389,0 26.876667,61.347222,0</coordinates></LinearRing></outerBoundaryIs></Polygon></Placemark>
<Placemark><name>EFD163A VUOSANKA</name><styleUrl>#D</styleUrl><description><![CDATA[<b>EFD163A VUOSANKA</b><br/>Upper: 4500 FT MSL<br/>Lower: SFC<br/>Source: Traficom OPS M1-28 Liite 1 (Vaara-alueet)]]></description><Polygon><outerBoundaryIs><LinearRing><coordinates>28.889167,64.488056,0 28.916111,64.274722,0 28.691389,64.279167,0 28.608056,64.500000,0 28.889167,64.488056,0</coordinates></LinearRing></outerBoundaryIs></Polygon></Placemark>
<Placemark><name>EFD163B VUOSANKA</name><styleUrl>#D</styleUrl><description><![CDATA[<b>EFD163B VUOSANKA</b><br/>Upper: 4500 FT MSL<br/>Lower: SFC<br/>Source: Traficom OPS M1-28 Liite 1 (Vaara-alueet)]]></description><Polygon><outerBoundaryIs><LinearRing><coordinates>29.022500,64.488889,0 29.268333,64.436667,0 29.349167,64.313333,0 28.916111,64.274722,0 28.889167,64.488056,0 29.022500,64.488889,0</coordinates></LinearRing></outerBoundaryIs></Polygon></Placemark>
<Placemark><name>EFD164A ORIPÄÄ</name><styleUrl>#D</styleUrl><description><![CDATA[<b>EFD164A ORIPÄÄ</b><br/>Upper: FL 195<br/>Lower: SFC<br/>Source: Traficom OPS M1-28 Liite 1 (Vaara-alueet)]]></description><Polygon><outerBoundaryIs><LinearRing><coordinates>22.438333,60.886389,0 22.458056,61.011944,0 22.586667,60.980278,0 22.438333,60.886389,0</coordinates></LinearRing></outerBoundaryIs></Polygon></Placemark>
<Placemark><name>EFD164B ORIPÄÄ</name><styleUrl>#D</styleUrl><description><![CDATA[<b>EFD164B ORIPÄÄ</b><br/>Upper: FL 195<br/>Lower: SFC<br/>Source: Traficom OPS M1-28 Liite 1 (Vaara-alueet)]]></description><Polygon><outerBoundaryIs><LinearRing><coordinates>22.438333,60.886389,0 22.586667,60.980278,0 22.685000,60.955556,0 22.736667,60.990833,0 23.024444,60.870278,0 22.880556,60.771667,0 22.420278,60.773611,0 22.438333,60.886389,0</coordinates></LinearRing></outerBoundaryIs></Polygon></Placemark>
<Placemark><name>EFD164C ORIPÄÄ</name><styleUrl>#D</styleUrl><description><![CDATA[<b>EFD164C ORIPÄÄ</b><br/>Upper: FL 195<br/>Lower: SFC<br/>Source: Traficom OPS M1-28 Liite 1 (Vaara-alueet)]]></description><Polygon><outerBoundaryIs><LinearRing><coordinates>22.531667,61.116389,0 22.736667,60.990833,0 22.685000,60.955556,0 22.586667,60.980278,0 22.458056,61.011944,0 22.438333,61.031389,0 22.477222,61.061111,0 22.531667,61.116389,0</coordinates></LinearRing></outerBoundaryIs></Polygon></Placemark>
<Placemark><name>EFD164D ORIPÄÄ</name><styleUrl>#D</styleUrl><description><![CDATA[<b>EFD164D ORIPÄÄ</b><br/>Upper: FL 195<br/>Lower: SFC<br/>Source: Traficom OPS M1-28 Liite 1 (Vaara-alueet)]]></description><Polygon><outerBoundaryIs><LinearRing><coordinates>22.598333,61.176667,0 22.894167,61.096111,0 22.736667,60.990833,0 22.531667,61.116389,0 22.598333,61.176667,0</coordinates></LinearRing></outerBoundaryIs></Polygon></Placemark>
<Placemark><name>EFD164E ORIPÄÄ</name><styleUrl>#D</styleUrl><description><![CDATA[<b>EFD164E ORIPÄÄ</b><br/>Upper: FL 195<br/>Lower: SFC<br/>Source: Traficom OPS M1-28 Liite 1 (Vaara-alueet)]]></description><Polygon><outerBoundaryIs><LinearRing><coordinates>22.894167,61.096111,0 23.071667,61.047500,0 23.301667,61.058611,0 23.024444,60.870278,0 22.736667,60.990833,0 22.894167,61.096111,0</coordinates></LinearRing></outerBoundaryIs></Polygon></Placemark>
<Placemark><name>EFD164F ORIPÄÄ</name><styleUrl>#D</styleUrl><description><![CDATA[<b>EFD164F ORIPÄÄ</b><br/>Upper: FL 195<br/>Lower: SFC<br/>Source: Traficom OPS M1-28 Liite 1 (Vaara-alueet)]]></description><Polygon><outerBoundaryIs><LinearRing><coordinates>22.420278,60.773611,0 22.880556,60.771667,0 22.820833,60.730556,0 22.414444,60.736111,0 22.420278,60.773611,0</coordinates></LinearRing></outerBoundaryIs></Polygon></Placemark>
<Placemark><name>EFD164G ORIPÄÄ</name><styleUrl>#D</styleUrl><description><![CDATA[<b>EFD164G ORIPÄÄ</b><br/>Upper: FL 195<br/>Lower: SFC<br/>Source: Traficom OPS M1-28 Liite 1 (Vaara-alueet)]]></description><Polygon><outerBoundaryIs><LinearRing><coordinates>22.880556,60.771667,0 23.165556,60.634444,0 23.030833,60.629722,0 22.820833,60.730556,0 22.880556,60.771667,0</coordinates></LinearRing></outerBoundaryIs></Polygon></Placemark>
<Placemark><name>EFD165 RAASI</name><styleUrl>#D</styleUrl><description><![CDATA[<b>EFD165 RAASI</b><br/>Upper: 3500 FT MSL<br/>Lower: SFC<br/>Source: Traficom OPS M1-28 Liite 1 (Vaara-alueet)]]></description><Polygon><outerBoundaryIs><LinearRing><coordinates>22.252778,60.898889,0 22.438333,60.886389,0 22.420278,60.773611,0 22.181111,60.775000,0 22.252778,60.898889,0</coordinates></LinearRing></outerBoundaryIs></Polygon></Placemark>
<Placemark><name>EFD166 PYHÄJÄRVI</name><styleUrl>#D</styleUrl><description><![CDATA[<b>EFD166 PYHÄJÄRVI</b><br/>Upper: 3500 FT (as written)<br/>Lower: SFC<br/>Source: Traficom OPS M1-28 Liite 1 (Vaara-alueet)]]></description><Polygon><outerBoundaryIs><LinearRing><coordinates>22.153056,61.103611,0 22.210833,61.104167,0 22.255556,61.079167,0 22.316389,61.105833,0 22.315833,61.031389,0 22.458056,61.011944,0 22.438333,60.886389,0 22.252778,60.898889,0 22.135833,61.055833,0 22.153056,61.103611,0</coordinates></LinearRing></outerBoundaryIs></Polygon></Placemark>
<Placemark><name>EFD300 ITÄINEN VAARA-ALUE (inner boundary only)</name><styleUrl>#DL</styleUrl><description><![CDATA[<b>EFD300 ITÄINEN VAARA-ALUE</b><br/>Upper: 1000 FT SFC<br/>Lower: SFC<br/>Border legs (Norway/Russia) have no coordinates in the source; only the listed points are drawn<br/>Source: Traficom OPS M1-28 Liite 1 (Vaara-alueet)]]></description><LineString><coordinates>27.293056,60.200278,0 27.213611,60.200278,0 26.763611,60.200278,0 26.791667,60.263056,0 27.180278,60.266944,0 27.363611,60.283611,0 27.496944,60.366944,0 27.496944,60.450278,0 27.753611,60.724444,0 28.501111,60.983333,0 28.664722,61.058333,0 28.787222,61.144167,0 28.908889,61.178889,0 29.040833,61.229444,0 29.113611,61.253333,0 29.113611,61.432222,0 29.165556,61.558889,0 29.541111,61.635000,0 29.749722,61.770000,0 30.931111,62.564444,0 31.242222,62.887222,0 29.607778,63.736111,0 30.157778,64.057778,0 29.759722,64.346111,0 29.277500,64.978333,0 29.414444,65.605556,0 30.045556,65.738611,0 29.906111,66.040278,0 29.340278,66.263333,0 28.601944,66.938333,0 29.598889,67.636111,0 28.333333,68.102778,0 28.023889,68.590000,0 28.295833,68.683889,0 28.229167,68.783889,0 27.995833,68.867222,0 28.071111,68.978056,0 28.703056,69.171111,0 28.823333,69.171944,0 28.818056,69.159722,0</coordinates></LineString></Placemark>
</Folder></Document></kml>