<?xml version="1.0" encoding="UTF-8"?>
<kml xmlns="http://www.opengis.net/kml/2.2"><Document>
<name>Finnish UASZoneVersion 2026-10-5</name>
<Style id="PROHIBITED"><LineStyle><color>ffa000a0</color><width>1.5</width></LineStyle><PolyStyle><color>b3a000a0</color></PolyStyle></Style>
<Style id="REQ_AUTHORISATION"><LineStyle><color>ffff00ff</color><width>1.5</width></LineStyle><PolyStyle><color>70ff00ff</color></PolyStyle></Style>
<Style id="NO_RESTRICTION"><LineStyle><color>ff3f9e2e</color><width>1.5</width></LineStyle><PolyStyle><color>803f9e2e</color></PolyStyle></Style>
<Folder><name>Prohibited (50)</name>
<Placemark><name>FIN306 Helsingin vankila UAS</name><styleUrl>#PROHIBITED</styleUrl><description><![CDATA[<table><tr><td><b>Identifier</b></td><td>FIN306</td></tr><tr><td><b>Restriction</b></td><td>Prohibited</td></tr><tr><td><b>Reason</b></td><td>Sensitive</td></tr><tr><td><b>Upper limit</b></td><td>not given</td></tr><tr><td><b>Lower limit</b></td><td>not given</td></tr><tr><td><b>Valid</b></td><td>2021-07-23 to 2027-04-21, any day</td></tr></table><p>Authority: <a href="https://www.droneinfo.fi/fi/uas-ilmatilavyohykkeet">Traficom</a></p>]]></description><Polygon><tessellate>1</tessellate><outerBoundaryIs><LinearRing><coordinates>24.965833,60.192500,0 24.966944,60.192778,0 24.967778,60.192500,0 24.970556,60.192500,0 24.971389,60.192500,0 24.972500,60.194167,0 24.972500,60.195000,0 24.971389,60.196111,0 24.969444,60.196389,0 24.968056,60.195833,0 24.966944,60.195000,0 24.966667,60.193056,0 24.965833,60.192778,0 24.965833,60.192500,0</coordinates></LinearRing></outerBoundaryIs></Polygon></Placemark>
<Placemark><name>FIN307 Suomenlinnan vankila UAS</name><styleUrl>#PROHIBITED</styleUrl><description><![CDATA[<table><tr><td><b>Identifier</b></td><td>FIN307</td></tr><tr><td><b>Restriction</b></td><td>Prohibited</td></tr><tr><td><b>Reason</b></td><td>Sensitive</td></tr><tr><td><b>Upper limit</b></td><td>not given</td></tr><tr><td><b>Lower limit</b></td><td>not given</td></tr><tr><td><b>Valid</b></td><td>2021-07-23 to 2027-04-21, any day</td></tr></table><p>Authority: <a href="https://www.droneinfo.fi/fi/uas-ilmatilavyohykkeet">Traficom</a></p>]]></description><Polygon><tessellate>1</tessellate><outerBoundaryIs><LinearRing><coordinates>24.993056,60.143333,0 24.990278,60.143056,0 24.989722,60.143611,0 24.990278,60.143889,0 24.990000,60.144444,0 24.990833,60.145000,0 24.991944,60.145000,0 24.992778,60.144444,0 24.993333,60.144722,0 24.993889,60.143611,0 24.993056,60.143333,0</coordinates></LinearRing></outerBoundaryIs></Polygon></Placemark>
<Placemark><name>FIN308 Huittisten vankila UAS</name><styleUrl>#PROHIBITED</styleUrl><description><![CDATA[<table><tr><td><b>Identifier</b></td><td>FIN308</td></tr><tr><td><b>Restriction</b></td><td>Prohibited</td></tr><tr><td><b>Reason</b></td><td>Sensitive</td></tr><tr><td><b>Upper limit</b></td><td>not given</td></tr><tr><td><b>Lower limit</b></td><td>not given</td></tr><tr><td><b>Valid</b></td><td>2021-07-23 to 2027-04-21, any day</td></tr></table><p>Authority: <a href="https://www.droneinfo.fi/fi/uas-ilmatilavyohykkeet">Traficom</a></p>]]></description><Polygon><tessellate>1</tessellate><outerBoundaryIs><LinearRing><coordinates>22.589167,61.205278,0 22.581944,61.201667,0 22.578056,61.203056,0 22.569722,61.207222,0 22.573333,61.209444,0 22.589167,61.205278,0</coordinates></LinearRing></outerBoundaryIs></Polygon></Placemark>
<Placemark><name>FIN309 Hämeenlinnan vankila UAS</name><styleUrl>#PROHIBITED</styleUrl><description><![CDATA[<table><tr><td><b>Identifier</b></td><td>FIN309</td></tr><tr><td><b>Restriction</b></td><td>Prohibited</td></tr><tr><td><b>Reason</b></td><td>Sensitive</td></tr><tr><td><b>Upper limit</b></td><td>not given</td></tr><tr><td><b>Lower limit</b></td><td>not given</td></tr><tr><td><b>Valid</b></td><td>2021-07-23 to 2027-04-21, any day</td></tr></table><p>Authority: <a href="https://www.droneinfo.fi/fi/uas-ilmatilavyohykkeet">Traficom</a></p>]]></description><Polygon><tessellate>1</tessellate><outerBoundaryIs><LinearRing><coordinates>24.400000,61.021389,0 24.402222,61.018333,0 24.401944,61.018333,0 24.400556,61.017500,0 24.398889,61.018333,0 24.393889,61.022222,0 24.400000,61.022500,0 24.400000,61.021389,0</coordinates></LinearRing></outerBoundaryIs></Polygon></Placemark>
<Placemark><name>FIN310 Vanajan ja Ojoisten vankila - Ojoinen UAS</name><styleUrl>#PROHIBITED</styleUrl><description><![CDATA[<table><tr><td><b>Identifier</b></td><td>FIN310</td></tr><tr><td><b>Restriction</b></td><td>Prohibited</td></tr><tr><td><b>Reason</b></td><td>Sensitive</td></tr><tr><td><b>Upper limit</b></td><td>not given</td></tr><tr><td><b>Lower limit</b></td><td>not given</td></tr><tr><td><b>Valid</b></td><td>2021-07-23 to 2050-04-21, any day</td></tr></table><p>Authority: <a href="https://www.droneinfo.fi/fi/uas-ilmatilavyohykkeet">Traficom</a></p>]]></description><Polygon><tessellate>1</tessellate><outerBoundaryIs><LinearRing><coordinates>24.447222,61.006111,0 24.448333,61.008056,0 24.448611,61.008056,0 24.448611,61.008056,0 24.448889,61.007500,0 24.449167,61.006389,0 24.451389,61.005000,0 24.446667,61.003889,0 24.446111,61.003889,0 24.444444,61.004167,0 24.444167,61.004722,0 24.447222,61.006111,0</coordinates></LinearRing></outerBoundaryIs></Polygon></Placemark>
<Placemark><name>FIN311 Vanajan ja Ojoisten vankila - Vanaja UAS</name><styleUrl>#PROHIBITED</styleUrl><description><![CDATA[<table><tr><td><b>Identifier</b></td><td>FIN311</td></tr><tr><td><b>Restriction</b></td><td>Prohibited</td></tr><tr><td><b>Reason</b></td><td>Sensitive</td></tr><tr><td><b>Upper limit</b></td><td>not given</td></tr><tr><td><b>Lower limit</b></td><td>not given</td></tr><tr><td><b>Valid</b></td><td>2021-07-23 to 2050-04-21, any day</td></tr></table><p>Authority: <a href="https://www.droneinfo.fi/fi/uas-ilmatilavyohykkeet">Traficom</a></p>]]></description><Polygon><tessellate>1</tessellate><outerBoundaryIs><LinearRing><coordinates>24.539444,60.947500,0 24.539722,60.945556,0 24.537778,60.944444,0 24.525833,60.943056,0 24.525833,60.943056,0 24.521111,60.945556,0 24.519444,60.946944,0 24.525278,60.947500,0 24.531111,60.945833,0 24.537778,60.948056,0 24.539444,60.947500,0</coordinates></LinearRing></outerBoundaryIs></Polygon></Placemark>
<Placemark><name>FIN312 Jokelan vankila UAS</name><styleUrl>#PROHIBITED</styleUrl><description><![CDATA[<table><tr><td><b>Identifier</b></td><td>FIN312</td></tr><tr><td><b>Restriction</b></td><td>Prohibited</td></tr><tr><td><b>Reason</b></td><td>Sensitive</td></tr><tr><td><b>Upper limit</b></td><td>not given</td></tr><tr><td><b>Lower limit</b></td><td>not given</td></tr><tr><td><b>Valid</b></td><td>2021-07-23 to 2027-04-21, any day</td></tr></table><p>Authority: <a href="https://www.droneinfo.fi/fi/uas-ilmatilavyohykkeet">Traficom</a></p>]]></description><Polygon><tessellate>1</tessellate><outerBoundaryIs><LinearRing><coordinates>24.973056,60.552222,0 24.976389,60.553333,0 24.977222,60.553056,0 24.980556,60.553056,0 24.980278,60.551389,0 24.981111,60.551111,0 24.980278,60.549444,0 24.979167,60.549167,0 24.977500,60.549722,0 24.973056,60.552222,0</coordinates></LinearRing></outerBoundaryIs></Polygon></Placemark>
<Placemark><name>FIN313 Juuan vankila UAS</name><styleUrl>#PROHIBITED</styleUrl><description><![CDATA[<table><tr><td><b>Identifier</b></td><td>FIN313</td></tr><tr><td><b>Restriction</b></td><td>Prohibited</td></tr><tr><td><b>Reason</b></td><td>Sensitive</td></tr><tr><td><b>Upper limit</b></td><td>not given</td></tr><tr><td><b>Lower limit</b></td><td>not given</td></tr><tr><td><b>Valid</b></td><td>2021-07-23 to 2027-04-21, any day</td></tr></table><p>Authority: <a href="https://www.droneinfo.fi/fi/uas-ilmatilavyohykkeet">Traficom</a></p>]]></description><Polygon><tessellate>1</tessellate><outerBoundaryIs><LinearRing><coordinates>29.248056,63.245556,0 29.245278,63.246667,0 29.246111,63.247222,0 29.247222,63.246667,0 29.247778,63.247222,0 29.250000,63.246389,0 29.249722,63.246111,0 29.251667,63.245278,0 29.249722,63.244722,0 29.249167,63.245000,0 29.248333,63.244722,0 29.248056,63.245556,0</coordinates></LinearRing></outerBoundaryIs></Polygon></Placemark>
<Placemark><name>FIN314 Keravan vankila UAS</name><styleUrl>#PROHIBITED</styleUrl><description><![CDATA[<table><tr><td><b>Identifier</b></td><td>FIN314</td></tr><tr><td><b>Restriction</b></td><td>Prohibited</td></tr><tr><td><b>Reason</b></td><td>Sensitive</td></tr><tr><td><b>Upper limit</b></td><td>not given</td></tr><tr><td><b>Lower limit</b></td><td>not given</td></tr><tr><td><b>Valid</b></td><td>2021-07-23 to 2027-04-21, any day</td></tr></table><p>Authority: <a href="https://www.droneinfo.fi/fi/uas-ilmatilavyohykkeet">Traficom</a></p>]]></description><Polygon><tessellate>1</tessellate><outerBoundaryIs><LinearRing><coordinates>25.128611,60.425278,0 25.129167,60.429167,0 25.129444,60.429722,0 25.137500,60.429722,0 25.138333,60.426667,0 25.135278,60.425556,0 25.130833,60.425000,0 25.128611,60.425278,0</coordinates></LinearRing></outerBoundaryIs></Polygon></Placemark>
<Placemark><name>FIN315 Kestilän vankila UAS</name><styleUrl>#PROHIBITED</styleUrl><description><![CDATA[<table><tr><td><b>Identifier</b></td><td>FIN315</td></tr><tr><td><b>Restriction</b></td><td>Prohibited</td></tr><tr><td><b>Reason</b></td><td>Sensitive</td></tr><tr><td><b>Upper limit</b></td><td>not given</td></tr><tr><td><b>Lower limit</b></td><td>not given</td></tr><tr><td><b>Valid</b></td><td>2021-07-23 to 2027-04-21, any day</td></tr></table><p>Authority: <a href="https://www.droneinfo.fi/fi/uas-ilmatilavyohykkeet">Traficom</a></p>]]></description><Polygon><tessellate>1</tessellate><outerBoundaryIs><LinearRing><coordinates>26.277778,64.343056,0 26.277778,64.343611,0 26.279722,64.343889,0 26.281667,64.341944,0 26.282500,64.340278,0 26.278611,64.340278,0 26.277778,64.343056,0</coordinates></LinearRing></outerBoundaryIs></Polygon></Placemark>
<Placemark><name>FIN316 Kuopion vankila UAS</name><styleUrl>#PROHIBITED</styleUrl><description><![CDATA[<table><tr><td><b>Identifier</b></td><td>FIN316</td></tr><tr><td><b>Restriction</b></td><td>Prohibited</td></tr><tr><td><b>Reason</b></td><td>Sensitive</td></tr><tr><td><b>Upper limit</b></td><td>not given</td></tr><tr><td><b>Lower limit</b></td><td>not given</td></tr><tr><td><b>Valid</b></td><td>2021-07-23 to 2027-04-21, any day</td></tr></table><p>Authority: <a href="https://www.droneinfo.fi/fi/uas-ilmatilavyohykkeet">Traficom</a></p>]]></description><Polygon><tessellate>1</tessellate><outerBoundaryIs><LinearRing><coordinates>27.690833,62.896389,0 27.690556,62.897222,0 27.693611,62.897500,0 27.694722,62.896667,0 27.692778,62.895833,0 27.691111,62.895833,0 27.690833,62.896389,0</coordinates></LinearRing></outerBoundaryIs></Polygon></Placemark>
<Placemark><name>FIN317 Kylmäkosken vankila UAS</name><styleUrl>#PROHIBITED</styleUrl><description><![CDATA[<table><tr><td><b>Identifier</b></td><td>FIN317</td></tr><tr><td><b>Restriction</b></td><td>Prohibited</td></tr><tr><td><b>Reason</b></td><td>Sensitive</td></tr><tr><td><b>Upper limit</b></td><td>not given</td></tr><tr><td><b>Lower limit</b></td><td>not given</td></tr><tr><td><b>Valid</b></td><td>2021-07-23 to 2027-04-21, any day</td></tr></table><p>Authority: <a href="https://www.droneinfo.fi/fi/uas-ilmatilavyohykkeet">Traficom</a></p>]]></description><Polygon><tessellate>1</tessellate><outerBoundaryIs><LinearRing><coordinates>23.711944,61.173889,0 23.720833,61.173333,0 23.721944,61.172222,0 23.723611,61.172222,0 23.723889,61.171944,0 23.722500,61.171667,0 23.722222,61.171389,0 23.719444,61.171389,0 23.718611,61.171944,0 23.715556,61.170833,0 23.710833,61.171389,0 23.711111,61.172778,0 23.711944,61.173889,0</coordinates></LinearRing></outerBoundaryIs></Polygon></Placemark>
<Placemark><name>FIN318 Käyrän vankila UAS</name><styleUrl>#PROHIBITED</styleUrl><description><![CDATA[<table><tr><td><b>Identifier</b></td><td>FIN318</td></tr><tr><td><b>Restriction</b></td><td>Prohibited</td></tr><tr><td><b>Reason</b></td><td>Sensitive</td></tr><tr><td><b>Upper limit</b></td><td>not given</td></tr><tr><td><b>Lower limit</b></td><td>not given</td></tr><tr><td><b>Valid</b></td><td>2021-07-23 to 2027-04-21, any day</td></tr></table><p>Authority: <a href="https://www.droneinfo.fi/fi/uas-ilmatilavyohykkeet">Traficom</a></p>]]></description><Polygon><tessellate>1</tessellate><outerBoundaryIs><LinearRing><coordinates>22.543889,60.603611,0 22.542500,60.603611,0 22.537222,60.605833,0 22.540278,60.608056,0 22.542500,60.606944,0 22.543611,60.607500,0 22.543611,60.607500,0 22.546389,60.606389,0 22.547500,60.605556,0 22.543889,60.603611,0</coordinates></LinearRing></outerBoundaryIs></Polygon></Placemark>
<Placemark><name>FIN319 Köyliön vankila UAS</name><styleUrl>#PROHIBITED</styleUrl><description><![CDATA[<table><tr><td><b>Identifier</b></td><td>FIN319</td></tr><tr><td><b>Restriction</b></td><td>Prohibited</td></tr><tr><td><b>Reason</b></td><td>Sensitive</td></tr><tr><td><b>Upper limit</b></td><td>not given</td></tr><tr><td><b>Lower limit</b></td><td>not given</td></tr><tr><td><b>Valid</b></td><td>2021-07-23 to 2050-04-13, any day</td></tr></table><p>Authority: <a href="https://www.droneinfo.fi/fi/uas-ilmatilavyohykkeet">Traficom</a></p>]]></description><Polygon><tessellate>1</tessellate><outerBoundaryIs><LinearRing><coordinates>22.457500,61.100833,0 22.457222,61.103333,0 22.468333,61.103611,0 22.474444,61.101389,0 22.475833,61.098889,0 22.477500,61.098611,0 22.477222,61.098611,0 22.475833,61.098333,0 22.476111,61.096111,0 22.462222,61.095556,0 22.460833,61.099444,0 22.457500,61.100833,0</coordinates></LinearRing></outerBoundaryIs></Polygon></Placemark>
<Placemark><name>FIN320 Mikkelin vankila UAS</name><styleUrl>#PROHIBITED</styleUrl><description><![CDATA[<table><tr><td><b>Identifier</b></td><td>FIN320</td></tr><tr><td><b>Restriction</b></td><td>Prohibited</td></tr><tr><td><b>Reason</b></td><td>Sensitive</td></tr><tr><td><b>Upper limit</b></td><td>not given</td></tr><tr><td><b>Lower limit</b></td><td>not given</td></tr><tr><td><b>Valid</b></td><td>2021-07-23 to 2027-04-21, any day</td></tr></table><p>Authority: <a href="https://www.droneinfo.fi/fi/uas-ilmatilavyohykkeet">Traficom</a></p>]]></description><Polygon><tessellate>1</tessellate><outerBoundaryIs><LinearRing><coordinates>27.271667,61.685000,0 27.270833,61.683889,0 27.270556,61.683889,0 27.270000,61.684167,0 27.270556,61.685278,0 27.271667,61.685000,0</coordinates></LinearRing></outerBoundaryIs></Polygon></Placemark>
<Placemark><name>FIN321 Oulun vankila UAS</name><styleUrl>#PROHIBITED</styleUrl><description><![CDATA[<table><tr><td><b>Identifier</b></td><td>FIN321</td></tr><tr><td><b>Restriction</b></td><td>Prohibited</td></tr><tr><td><b>Reason</b></td><td>Sensitive</td></tr><tr><td><b>Upper limit</b></td><td>not given</td></tr><tr><td><b>Lower limit</b></td><td>not given</td></tr><tr><td><b>Valid</b></td><td>2021-07-23 to 2050-04-21, any day</td></tr></table><p>Authority: <a href="https://www.droneinfo.fi/fi/uas-ilmatilavyohykkeet">Traficom</a></p>]]></description><Polygon><tessellate>1</tessellate><outerBoundaryIs><LinearRing><coordinates>25.579722,65.060833,0 25.583611,65.059722,0 25.580000,65.058056,0 25.576667,65.059167,0 25.579722,65.060833,0</coordinates></LinearRing></outerBoundaryIs></Polygon></Placemark>
<Placemark><name>FIN322 Naarajärven vankila UAS</name><styleUrl>#PROHIBITED</styleUrl><description><![CDATA[<table><tr><td><b>Identifier</b></td><td>FIN322</td></tr><tr><td><b>Restriction</b></td><td>Prohibited</td></tr><tr><td><b>Reason</b></td><td>Sensitive</td></tr><tr><td><b>Upper limit</b></td><td>not given</td></tr><tr><td><b>Lower limit</b></td><td>not given</td></tr><tr><td><b>Valid</b></td><td>2021-07-23 to 2027-04-21, any day</td></tr></table><p>Authority: <a href="https://www.droneinfo.fi/fi/uas-ilmatilavyohykkeet">Traficom</a></p>]]></description><Polygon><tessellate>1</tessellate><outerBoundaryIs><LinearRing><coordinates>27.010833,62.293333,0 27.017778,62.295278,0 27.023333,62.297778,0 27.029444,62.294167,0 27.027500,62.292500,0 27.023889,62.290556,0 27.021667,62.291111,0 27.020278,62.290833,0 27.016389,62.292222,0 27.010833,62.293056,0 27.010833,62.293333,0</coordinates></LinearRing></outerBoundaryIs></Polygon></Placemark>
<Placemark><name>FIN323 Pyhäselän vankila UAS</name><styleUrl>#PROHIBITED</styleUrl><description><![CDATA[<table><tr><td><b>Identifier</b></td><td>FIN323</td></tr><tr><td><b>Restriction</b></td><td>Prohibited</td></tr><tr><td><b>Reason</b></td><td>Sensitive</td></tr><tr><td><b>Upper limit</b></td><td>not given</td></tr><tr><td><b>Lower limit</b></td><td>not given</td></tr><tr><td><b>Valid</b></td><td>2021-07-23 to 2027-04-21, any day</td></tr></table><p>Authority: <a href="https://www.droneinfo.fi/fi/uas-ilmatilavyohykkeet">Traficom</a></p>]]></description><Polygon><tessellate>1</tessellate><outerBoundaryIs><LinearRing><coordinates>29.963611,62.441389,0 29.958889,62.442222,0 29.957778,62.443611,0 29.963611,62.443611,0 29.965000,62.441667,0 29.963611,62.441389,0</coordinates></LinearRing></outerBoundaryIs></Polygon></Placemark>
<Placemark><name>FIN324 Riihimäen vankila UAS</name><styleUrl>#PROHIBITED</styleUrl><description><![CDATA[<table><tr><td><b>Identifier</b></td><td>FIN324</td></tr><tr><td><b>Restriction</b></td><td>Prohibited</td></tr><tr><td><b>Reason</b></td><td>Sensitive</td></tr><tr><td><b>Upper limit</b></td><td>not given</td></tr><tr><td><b>Lower limit</b></td><td>not given</td></tr><tr><td><b>Valid</b></td><td>2021-07-23 to 2027-04-21, any day</td></tr></table><p>Authority: <a href="https://www.droneinfo.fi/fi/uas-ilmatilavyohykkeet">Traficom</a></p>]]></description><Polygon><tessellate>1</tessellate><outerBoundaryIs><LinearRing><coordinates>24.788333,60.761667,0 24.784167,60.763611,0 24.785000,60.764722,0 24.786111,60.765278,0 24.788056,60.765833,0 24.788056,60.765833,0 24.788056,60.765000,0 24.790000,60.764167,0 24.788333,60.761667,0</coordinates></LinearRing></outerBoundaryIs></Polygon></Placemark>
<Placemark><name>FIN325 Sukevan vankila UAS</name><styleUrl>#PROHIBITED</styleUrl><description><![CDATA[<table><tr><td><b>Identifier</b></td><td>FIN325</td></tr><tr><td><b>Restriction</b></td><td>Prohibited</td></tr><tr><td><b>Reason</b></td><td>Sensitive</td></tr><tr><td><b>Upper limit</b></td><td>not given</td></tr><tr><td><b>Lower limit</b></td><td>not given</td></tr><tr><td><b>Valid</b></td><td>2021-07-23 to 2027-04-21, any day</td></tr></table><p>Authority: <a href="https://www.droneinfo.fi/fi/uas-ilmatilavyohykkeet">Traficom</a></p>]]></description><Polygon><tessellate>1</tessellate><outerBoundaryIs><LinearRing><coordinates>27.492778,63.911667,0 27.493889,63.912500,0 27.509167,63.910556,0 27.498889,63.907500,0 27.493333,63.909722,0 27.492778,63.911667,0</coordinates></LinearRing></outerBoundaryIs></Polygon></Placemark>
<Placemark><name>FIN326 Sulkavan vankila UAS</name><styleUrl>#PROHIBITED</styleUrl><description><![CDATA[<table><tr><td><b>Identifier</b></td><td>FIN326</td></tr><tr><td><b>Restriction</b></td><td>Prohibited</td></tr><tr><td><b>Reason</b></td><td>Sensitive</td></tr><tr><td><b>Upper limit</b></td><td>not given</td></tr><tr><td><b>Lower limit</b></td><td>not given</td></tr><tr><td><b>Valid</b></td><td>2021-07-23 to 2027-04-21, any day</td></tr></table><p>Authority: <a href="https://www.droneinfo.fi/fi/uas-ilmatilavyohykkeet">Traficom</a></p>]]></description><Polygon><tessellate>1</tessellate><outerBoundaryIs><LinearRing><coordinates>28.306944,61.779167,0 28.306111,61.780556,0 28.309444,61.780278,0 28.313611,61.780000,0 28.317778,61.780556,0 28.316944,61.777778,0 28.315833,61.777500,0 28.314444,61.778333,0 28.306944,61.779167,0</coordinates></LinearRing></outerBoundaryIs></Polygon></Placemark>
<Placemark><name>FIN327 Turun vankila UAS</name><styleUrl>#PROHIBITED</styleUrl><description><![CDATA[<table><tr><td><b>Identifier</b></td><td>FIN327</td></tr><tr><td><b>Restriction</b></td><td>Prohibited</td></tr><tr><td><b>Reason</b></td><td>Sensitive</td></tr><tr><td><b>Upper limit</b></td><td>not given</td></tr><tr><td><b>Lower limit</b></td><td>not given</td></tr><tr><td><b>Valid</b></td><td>2021-07-23 to 2027-04-21, any day</td></tr></table><p>Authority: <a href="https://www.droneinfo.fi/fi/uas-ilmatilavyohykkeet">Traficom</a></p>]]></description><Polygon><tessellate>1</tessellate><outerBoundaryIs><LinearRing><coordinates>22.318333,60.498056,0 22.318611,60.497500,0 22.318056,60.493333,0 22.312500,60.493333,0 22.310556,60.494444,0 22.315278,60.498333,0 22.317222,60.498611,0 22.318333,60.498056,0</coordinates></LinearRing></outerBoundaryIs></Polygon></Placemark>
<Placemark><name>FIN329 Vaasan vankila UAS</name><styleUrl>#PROHIBITED</styleUrl><description><![CDATA[<table><tr><td><b>Identifier</b></td><td>FIN329</td></tr><tr><td><b>Restriction</b></td><td>Prohibited</td></tr><tr><td><b>Reason</b></td><td>Sensitive</td></tr><tr><td><b>Upper limit</b></td><td>not given</td></tr><tr><td><b>Lower limit</b></td><td>not given</td></tr><tr><td><b>Valid</b></td><td>2021-07-23 to 2027-04-21, any day</td></tr></table><p>Authority: <a href="https://www.droneinfo.fi/fi/uas-ilmatilavyohykkeet">Traficom</a></p>]]></description><Polygon><tessellate>1</tessellate><outerBoundaryIs><LinearRing><coordinates>21.607778,63.088611,0 21.606944,63.089444,0 21.606667,63.089444,0 21.606667,63.089722,0 21.606667,63.089722,0 21.607778,63.090000,0 21.608889,63.088889,0 21.607778,63.088611,0</coordinates></LinearRing></outerBoundaryIs></Polygon></Placemark>
<Placemark><name>FIN330 Vantaan vankila UAS</name><styleUrl>#PROHIBITED</styleUrl><description><![CDATA[<table><tr><td><b>Identifier</b></td><td>FIN330</td></tr><tr><td><b>Restriction</b></td><td>Prohibited</td></tr><tr><td><b>Reason</b></td><td>Sensitive</td></tr><tr><td><b>Upper limit</b></td><td>not given</td></tr><tr><td><b>Lower limit</b></td><td>not given</td></tr><tr><td><b>Valid</b></td><td>2021-07-23 to 2027-04-21, any day</td></tr></table><p>Authority: <a href="https://www.droneinfo.fi/fi/uas-ilmatilavyohykkeet">Traficom</a></p>]]></description><Polygon><tessellate>1</tessellate><outerBoundaryIs><LinearRing><coordinates>25.093889,60.284722,0 25.094444,60.290000,0 25.098333,60.289722,0 25.098611,60.290556,0 25.099444,60.290278,0 25.101111,60.287778,0 25.095556,60.285833,0 25.094167,60.284722,0 25.093889,60.284722,0</coordinates></LinearRing></outerBoundaryIs></Polygon></Placemark>
<Placemark><name>FIN331 Vilppulan vankila UAS</name><styleUrl>#PROHIBITED</styleUrl><description><![CDATA[<table><tr><td><b>Identifier</b></td><td>FIN331</td></tr><tr><td><b>Restriction</b></td><td>Prohibited</td></tr><tr><td><b>Reason</b></td><td>Sensitive</td></tr><tr><td><b>Upper limit</b></td><td>not given</td></tr><tr><td><b>Lower limit</b></td><td>not given</td></tr><tr><td><b>Valid</b></td><td>2021-07-23 to 2027-04-21, any day</td></tr></table><p>Authority: <a href="https://www.droneinfo.fi/fi/uas-ilmatilavyohykkeet">Traficom</a></p>]]></description><Polygon><tessellate>1</tessellate><outerBoundaryIs><LinearRing><coordinates>24.436111,62.041111,0 24.439722,62.046111,0 24.446667,62.048889,0 24.453611,62.044722,0 24.455278,62.037500,0 24.450278,62.036944,0 24.436944,62.038611,0 24.436111,62.041111,0</coordinates></LinearRing></outerBoundaryIs></Polygon></Placemark>
<Placemark><name>FIN332 Ylitornion vankila UAS</name><styleUrl>#PROHIBITED</styleUrl><description><![CDATA[<table><tr><td><b>Identifier</b></td><td>FIN332</td></tr><tr><td><b>Restriction</b></td><td>Prohibited</td></tr><tr><td><b>Reason</b></td><td>Sensitive</td></tr><tr><td><b>Upper limit</b></td><td>not given</td></tr><tr><td><b>Lower limit</b></td><td>not given</td></tr><tr><td><b>Valid</b></td><td>2021-07-23 to 2027-04-21, any day</td></tr></table><p>Authority: <a href="https://www.droneinfo.fi/fi/uas-ilmatilavyohykkeet">Traficom</a></p>]]></description><Polygon><tessellate>1</tessellate><outerBoundaryIs><LinearRing><coordinates>23.718056,66.290833,0 23.707500,66.289167,0 23.704444,66.290278,0 23.705556,66.292500,0 23.710833,66.293333,0 23.712500,66.292778,0 23.716389,66.291389,0 23.717778,66.291389,0 23.718056,66.290833,0</coordinates></LinearRing></outerBoundaryIs></Polygon></Placemark>
<Placemark><name>FIN333 Kieltävä UAS Yhdysvaltain Suomen Suurlähetystö</name><styleUrl>#PROHIBITED</styleUrl><description><![CDATA[<table><tr><td><b>Identifier</b></td><td>FIN333</td></tr><tr><td><b>Restriction</b></td><td>Prohibited</td></tr><tr><td><b>Reason</b></td><td>Sensitive</td></tr><tr><td><b>Upper limit</b></td><td>150 m AGL</td></tr><tr><td><b>Lower limit</b></td><td>not given</td></tr><tr><td><b>Valid</b></td><td>2021-09-01 to 2027-04-21, any day</td></tr></table><p>Authority: <a href="https://www.droneinfo.fi/fi/uas-ilmatilavyohykkeet">Traficom</a></p>]]></description><Polygon><tessellate>1</tessellate><outerBoundaryIs><LinearRing><coordinates>24.959722,60.157500,0 24.960556,60.157500,0 24.961389,60.157500,0 24.961667,60.157222,0 24.962500,60.157500,0 24.962500,60.156944,0 24.962222,60.156389,0 24.961944,60.156389,0 24.961667,60.156389,0 24.961389,60.156389,0 24.960833,60.156667,0 24.960278,60.156944,0 24.959722,60.157500,0</coordinates></LinearRing></outerBoundaryIs></Polygon></Placemark>
<Placemark><name>FIN387 Kieltävä UAS Ison-Britannian ja Ranskan suurlähetystöt UAS</name><styleUrl>#PROHIBITED</styleUrl><description><![CDATA[<table><tr><td><b>Identifier</b></td><td>FIN387</td></tr><tr><td><b>Restriction</b></td><td>Prohibited</td></tr><tr><td><b>Reason</b></td><td>Sensitive</td></tr><tr><td><b>Upper limit</b></td><td>150 m AGL</td></tr><tr><td><b>Lower limit</b></td><td>not given</td></tr><tr><td><b>Valid</b></td><td>2023-04-20 to 2027-04-21, any day</td></tr></table><p>Authority: <a href="https://www.droneinfo.fi/fi/uas-ilmatilavyohykkeet">Traficom</a></p>]]></description><Polygon><tessellate>1</tessellate><outerBoundaryIs><LinearRing><coordinates>24.961389,60.156389,0 24.961111,60.156111,0 24.960556,60.155833,0 24.959722,60.155556,0 24.959167,60.155833,0 24.958333,60.156389,0 24.960278,60.156944,0 24.960278,60.156944,0 24.961389,60.156389,0</coordinates></LinearRing></outerBoundaryIs></Polygon></Placemark>
<Placemark><name>FIN400 Saksan suurlähetystö UAS</name><styleUrl>#PROHIBITED</styleUrl><description><![CDATA[<table><tr><td><b>Identifier</b></td><td>FIN400</td></tr><tr><td><b>Restriction</b></td><td>Prohibited</td></tr><tr><td><b>Reason</b></td><td>Sensitive</td></tr><tr><td><b>Upper limit</b></td><td>150 m AGL</td></tr><tr><td><b>Lower limit</b></td><td>not given</td></tr><tr><td><b>Valid</b></td><td>2023-04-20 to 2027-04-17, any day</td></tr></table><p>Authority: <a href="https://www.droneinfo.fi/fi/uas-ilmatilavyohykkeet">Traficom</a></p>]]></description><Polygon><tessellate>1</tessellate><outerBoundaryIs><LinearRing><coordinates>24.866111,60.185833,0 24.866667,60.186667,0 24.868333,60.185833,0 24.866944,60.185000,0 24.866111,60.185833,0</coordinates></LinearRing></outerBoundaryIs></Polygon></Placemark>
<Placemark><name>FIN589 Ukrainan suurlähetystö UAS</name><styleUrl>#PROHIBITED</styleUrl><description><![CDATA[<table><tr><td><b>Identifier</b></td><td>FIN589</td></tr><tr><td><b>Restriction</b></td><td>Prohibited</td></tr><tr><td><b>Reason</b></td><td>Sensitive</td></tr><tr><td><b>Upper limit</b></td><td>150 m AGL</td></tr><tr><td><b>Lower limit</b></td><td>not given</td></tr><tr><td><b>Valid</b></td><td>2024-08-18 to 2027-04-16, any day</td></tr></table><p>Authority: <a href="https://www.droneinfo.fi/fi/uas-ilmatilavyohykkeet">Traficom</a></p>]]></description><Polygon><tessellate>1</tessellate><outerBoundaryIs><LinearRing><coordinates>25.017222,60.185833,0 25.018611,60.185556,0 25.018056,60.185000,0 25.016667,60.185278,0 25.017222,60.185833,0</coordinates></LinearRing></outerBoundaryIs></Polygon></Placemark>
<Placemark><name>FIN642 Vaalan vankila UAS</name><styleUrl>#PROHIBITED</styleUrl><description><![CDATA[<table><tr><td><b>Identifier</b></td><td>FIN642</td></tr><tr><td><b>Restriction</b></td><td>Prohibited</td></tr><tr><td><b>Reason</b></td><td>Sensitive</td></tr><tr><td><b>Upper limit</b></td><td>not given</td></tr><tr><td><b>Lower limit</b></td><td>not given</td></tr><tr><td><b>Valid</b></td><td>2025-04-16 to 2027-04-20, any day</td></tr></table><p>Authority: <a href="https://www.droneinfo.fi/fi/uas-ilmatilavyohykkeet">Traficom</a></p>]]></description><Polygon><tessellate>1</tessellate><outerBoundaryIs><LinearRing><coordinates>26.833611,64.572778,0 26.838056,64.572778,0 26.846389,64.571944,0 26.844722,64.568889,0 26.836389,64.568611,0 26.833611,64.572778,0</coordinates></LinearRing></outerBoundaryIs></Polygon></Placemark>
<Placemark><name>FIN691 Puolan suurlähetystö UAS</name><styleUrl>#PROHIBITED</styleUrl><description><![CDATA[<table><tr><td><b>Identifier</b></td><td>FIN691</td></tr><tr><td><b>Restriction</b></td><td>Prohibited</td></tr><tr><td><b>Reason</b></td><td>Sensitive</td></tr><tr><td><b>Upper limit</b></td><td>150 m AGL</td></tr><tr><td><b>Lower limit</b></td><td>not given</td></tr><tr><td><b>Valid</b></td><td>2025-12-09 to 2050-04-15, any day</td></tr></table><p>Authority: <a href="https://www.droneinfo.fi/fi/uas-ilmatilavyohykkeet">Traficom</a></p>]]></description><Polygon><tessellate>1</tessellate><outerBoundaryIs><LinearRing><coordinates>25.015000,60.179722,0 25.015833,60.179722,0 25.016111,60.180000,0 25.017222,60.179722,0 25.017222,60.179167,0 25.015833,60.178889,0 25.015000,60.178889,0 25.015000,60.179722,0</coordinates></LinearRing></outerBoundaryIs></Polygon></Placemark>
<Placemark><name>FIN695 Helsinki pelastuslaitos UAS 1</name><styleUrl>#PROHIBITED</styleUrl><description><![CDATA[<table><tr><td><b>Identifier</b></td><td>FIN695</td></tr><tr><td><b>Restriction</b></td><td>Prohibited</td></tr><tr><td><b>Reason</b></td><td>Sensitive</td></tr><tr><td><b>Upper limit</b></td><td>150 m AGL</td></tr><tr><td><b>Lower limit</b></td><td>not given</td></tr><tr><td><b>Valid</b></td><td>2026-01-06 to 2050-04-15, any day</td></tr></table><p>Authority: <a href="https://www.droneinfo.fi/fi/uas-ilmatilavyohykkeet">Traficom</a></p>]]></description><Polygon><tessellate>1</tessellate><outerBoundaryIs><LinearRing><coordinates>24.951389,60.185278,0 24.951389,60.184167,0 24.950000,60.184167,0 24.950000,60.185278,0 24.951389,60.185278,0</coordinates></LinearRing></outerBoundaryIs></Polygon></Placemark>
<Placemark><name>FIN696 Helsinki pelastuslaitos UAS 2</name><styleUrl>#PROHIBITED</styleUrl><description><![CDATA[<table><tr><td><b>Identifier</b></td><td>FIN696</td></tr><tr><td><b>Restriction</b></td><td>Prohibited</td></tr><tr><td><b>Reason</b></td><td>Sensitive</td></tr><tr><td><b>Upper limit</b></td><td>150 m AGL</td></tr><tr><td><b>Lower limit</b></td><td>not given</td></tr><tr><td><b>Valid</b></td><td>2026-01-06 to 2050-04-15, any day</td></tr></table><p>Authority: <a href="https://www.droneinfo.fi/fi/uas-ilmatilavyohykkeet">Traficom</a></p>]]></description><Polygon><tessellate>1</tessellate><outerBoundaryIs><LinearRing><coordinates>24.945833,60.165556,0 24.945833,60.164722,0 24.945000,60.164722,0 24.945000,60.164722,0 24.944722,60.165000,0 24.944722,60.165278,0 24.944722,60.165556,0 24.945833,60.165556,0</coordinates></LinearRing></outerBoundaryIs></Polygon></Placemark>
<Placemark><name>FIN697 Helsinki pelastuslaitos UAS 3</name><styleUrl>#PROHIBITED</styleUrl><description><![CDATA[<table><tr><td><b>Identifier</b></td><td>FIN697</td></tr><tr><td><b>Restriction</b></td><td>Prohibited</td></tr><tr><td><b>Reason</b></td><td>Sensitive</td></tr><tr><td><b>Upper limit</b></td><td>150 m AGL</td></tr><tr><td><b>Lower limit</b></td><td>not given</td></tr><tr><td><b>Valid</b></td><td>2026-01-06 to 2050-04-15, any day</td></tr></table><p>Authority: <a href="https://www.droneinfo.fi/fi/uas-ilmatilavyohykkeet">Traficom</a></p>]]></description><Polygon><tessellate>1</tessellate><outerBoundaryIs><LinearRing><coordinates>24.921111,60.160000,0 24.921389,60.159167,0 24.920556,60.159167,0 24.920278,60.159444,0 24.920556,60.159722,0 24.920556,60.160000,0 24.921111,60.160000,0</coordinates></LinearRing></outerBoundaryIs></Polygon></Placemark>
<Placemark><name>FIN698 Helsinki pelastuslaitos UAS 4</name><styleUrl>#PROHIBITED</styleUrl><description><![CDATA[<table><tr><td><b>Identifier</b></td><td>FIN698</td></tr><tr><td><b>Restriction</b></td><td>Prohibited</td></tr><tr><td><b>Reason</b></td><td>Sensitive</td></tr><tr><td><b>Upper limit</b></td><td>150 m AGL</td></tr><tr><td><b>Lower limit</b></td><td>not given</td></tr><tr><td><b>Valid</b></td><td>2026-01-06 to 2050-04-15, any day</td></tr></table><p>Authority: <a href="https://www.droneinfo.fi/fi/uas-ilmatilavyohykkeet">Traficom</a></p>]]></description><Polygon><tessellate>1</tessellate><outerBoundaryIs><LinearRing><coordinates>24.895556,60.209444,0 24.895000,60.208611,0 24.891389,60.208889,0 24.893056,60.209444,0 24.895556,60.209444,0</coordinates></LinearRing></outerBoundaryIs></Polygon></Placemark>
<Placemark><name>FIN699 Helsinki pelastuslaitos UAS 5</name><styleUrl>#PROHIBITED</styleUrl><description><![CDATA[<table><tr><td><b>Identifier</b></td><td>FIN699</td></tr><tr><td><b>Restriction</b></td><td>Prohibited</td></tr><tr><td><b>Reason</b></td><td>Sensitive</td></tr><tr><td><b>Upper limit</b></td><td>150 m AGL</td></tr><tr><td><b>Lower limit</b></td><td>not given</td></tr><tr><td><b>Valid</b></td><td>2026-01-06 to 2050-04-15, any day</td></tr></table><p>Authority: <a href="https://www.droneinfo.fi/fi/uas-ilmatilavyohykkeet">Traficom</a></p>]]></description><Polygon><tessellate>1</tessellate><outerBoundaryIs><LinearRing><coordinates>24.861667,60.230556,0 24.860833,60.230000,0 24.860000,60.230278,0 24.861111,60.230833,0 24.861667,60.230556,0</coordinates></LinearRing></outerBoundaryIs></Polygon></Placemark>
<Placemark><name>FIN700 Helsinki pelastuslaitos UAS 6</name><styleUrl>#PROHIBITED</styleUrl><description><![CDATA[<table><tr><td><b>Identifier</b></td><td>FIN700</td></tr><tr><td><b>Restriction</b></td><td>Prohibited</td></tr><tr><td><b>Reason</b></td><td>Sensitive</td></tr><tr><td><b>Upper limit</b></td><td>150 m AGL</td></tr><tr><td><b>Lower limit</b></td><td>not given</td></tr><tr><td><b>Valid</b></td><td>2026-01-06 to 2050-04-15, any day</td></tr></table><p>Authority: <a href="https://www.droneinfo.fi/fi/uas-ilmatilavyohykkeet">Traficom</a></p>]]></description><Polygon><tessellate>1</tessellate><outerBoundaryIs><LinearRing><coordinates>24.958056,60.216944,0 24.957222,60.216111,0 24.956111,60.216389,0 24.956944,60.217222,0 24.958056,60.216944,0</coordinates></LinearRing></outerBoundaryIs></Polygon></Placemark>
<Placemark><name>FIN701 Helsinki pelastuslaitos UAS 7</name><styleUrl>#PROHIBITED</styleUrl><description><![CDATA[<table><tr><td><b>Identifier</b></td><td>FIN701</td></tr><tr><td><b>Restriction</b></td><td>Prohibited</td></tr><tr><td><b>Reason</b></td><td>Sensitive</td></tr><tr><td><b>Upper limit</b></td><td>150 m AGL</td></tr><tr><td><b>Lower limit</b></td><td>not given</td></tr><tr><td><b>Valid</b></td><td>2026-01-06 to 2050-04-15, any day</td></tr></table><p>Authority: <a href="https://www.droneinfo.fi/fi/uas-ilmatilavyohykkeet">Traficom</a></p>]]></description><Polygon><tessellate>1</tessellate><outerBoundaryIs><LinearRing><coordinates>25.051389,60.248333,0 25.050833,60.247222,0 25.049722,60.247222,0 25.049444,60.246944,0 25.048333,60.247222,0 25.049444,60.248333,0 25.050000,60.248333,0 25.050278,60.248611,0 25.051389,60.248333,0</coordinates></LinearRing></outerBoundaryIs></Polygon></Placemark>
<Placemark><name>FIN702 Helsinki pelastuslaitos UAS 8</name><styleUrl>#PROHIBITED</styleUrl><description><![CDATA[<table><tr><td><b>Identifier</b></td><td>FIN702</td></tr><tr><td><b>Restriction</b></td><td>Prohibited</td></tr><tr><td><b>Reason</b></td><td>Sensitive</td></tr><tr><td><b>Upper limit</b></td><td>150 m AGL</td></tr><tr><td><b>Lower limit</b></td><td>not given</td></tr><tr><td><b>Valid</b></td><td>2026-01-06 to 2050-04-15, any day</td></tr></table><p>Authority: <a href="https://www.droneinfo.fi/fi/uas-ilmatilavyohykkeet">Traficom</a></p>]]></description><Polygon><tessellate>1</tessellate><outerBoundaryIs><LinearRing><coordinates>25.018611,60.278333,0 25.018889,60.278056,0 25.017222,60.277778,0 25.017222,60.278056,0 25.018611,60.278333,0</coordinates></LinearRing></outerBoundaryIs></Polygon></Placemark>
<Placemark><name>FIN703 Helsinki pelastuslaitos UAS 9</name><styleUrl>#PROHIBITED</styleUrl><description><![CDATA[<table><tr><td><b>Identifier</b></td><td>FIN703</td></tr><tr><td><b>Restriction</b></td><td>Prohibited</td></tr><tr><td><b>Reason</b></td><td>Sensitive</td></tr><tr><td><b>Upper limit</b></td><td>150 m AGL</td></tr><tr><td><b>Lower limit</b></td><td>not given</td></tr><tr><td><b>Valid</b></td><td>2026-01-06 to 2050-04-15, any day</td></tr></table><p>Authority: <a href="https://www.droneinfo.fi/fi/uas-ilmatilavyohykkeet">Traficom</a></p>]]></description><Polygon><tessellate>1</tessellate><outerBoundaryIs><LinearRing><coordinates>25.124167,60.227500,0 25.124444,60.226944,0 25.124444,60.226667,0 25.124167,60.226667,0 25.123889,60.226111,0 25.123056,60.226111,0 25.123056,60.227500,0 25.124167,60.227500,0</coordinates></LinearRing></outerBoundaryIs></Polygon></Placemark>
<Placemark><name>FIN704 Helsinki pelastuslaitos UAS 10</name><styleUrl>#PROHIBITED</styleUrl><description><![CDATA[<table><tr><td><b>Identifier</b></td><td>FIN704</td></tr><tr><td><b>Restriction</b></td><td>Prohibited</td></tr><tr><td><b>Reason</b></td><td>Sensitive</td></tr><tr><td><b>Upper limit</b></td><td>150 m AGL</td></tr><tr><td><b>Lower limit</b></td><td>not given</td></tr><tr><td><b>Valid</b></td><td>2026-01-06 to 2050-04-15, any day</td></tr></table><p>Authority: <a href="https://www.droneinfo.fi/fi/uas-ilmatilavyohykkeet">Traficom</a></p>]]></description><Polygon><tessellate>1</tessellate><outerBoundaryIs><LinearRing><coordinates>25.079444,60.232778,0 25.078889,60.232222,0 25.077778,60.232500,0 25.078333,60.233056,0 25.079444,60.232778,0</coordinates></LinearRing></outerBoundaryIs></Polygon></Placemark>
<Placemark><name>FIN705 Helsinki pelastuslaitos UAS 11</name><styleUrl>#PROHIBITED</styleUrl><description><![CDATA[<table><tr><td><b>Identifier</b></td><td>FIN705</td></tr><tr><td><b>Restriction</b></td><td>Prohibited</td></tr><tr><td><b>Reason</b></td><td>Sensitive</td></tr><tr><td><b>Upper limit</b></td><td>150 m AGL</td></tr><tr><td><b>Lower limit</b></td><td>not given</td></tr><tr><td><b>Valid</b></td><td>2026-01-06 to 2050-04-15, any day</td></tr></table><p>Authority: <a href="https://www.droneinfo.fi/fi/uas-ilmatilavyohykkeet">Traficom</a></p>]]></description><Polygon><tessellate>1</tessellate><outerBoundaryIs><LinearRing><coordinates>25.043333,60.197500,0 25.043056,60.196389,0 25.042222,60.196389,0 25.042500,60.197500,0 25.043333,60.197500,0</coordinates></LinearRing></outerBoundaryIs></Polygon></Placemark>
<Placemark><name>FIN706 Helsinki pelastuslaitos UAS 12</name><styleUrl>#PROHIBITED</styleUrl><description><![CDATA[<table><tr><td><b>Identifier</b></td><td>FIN706</td></tr><tr><td><b>Restriction</b></td><td>Prohibited</td></tr><tr><td><b>Reason</b></td><td>Sensitive</td></tr><tr><td><b>Upper limit</b></td><td>150 m AGL</td></tr><tr><td><b>Lower limit</b></td><td>not given</td></tr><tr><td><b>Valid</b></td><td>2026-01-06 to 2050-04-15, any day</td></tr></table><p>Authority: <a href="https://www.droneinfo.fi/fi/uas-ilmatilavyohykkeet">Traficom</a></p>]]></description><Polygon><tessellate>1</tessellate><outerBoundaryIs><LinearRing><coordinates>24.990556,60.146389,0 24.990833,60.146111,0 24.990278,60.145833,0 24.989722,60.146111,0 24.990556,60.146389,0</coordinates></LinearRing></outerBoundaryIs></Polygon></Placemark>
<Placemark><name>FIN707 Helsinki pelastuslaitos UAS 13</name><styleUrl>#PROHIBITED</styleUrl><description><![CDATA[<table><tr><td><b>Identifier</b></td><td>FIN707</td></tr><tr><td><b>Restriction</b></td><td>Prohibited</td></tr><tr><td><b>Reason</b></td><td>Sensitive</td></tr><tr><td><b>Upper limit</b></td><td>150 m AGL</td></tr><tr><td><b>Lower limit</b></td><td>not given</td></tr><tr><td><b>Valid</b></td><td>2026-01-06 to 2050-04-15, any day</td></tr></table><p>Authority: <a href="https://www.droneinfo.fi/fi/uas-ilmatilavyohykkeet">Traficom</a></p>]]></description><Polygon><tessellate>1</tessellate><outerBoundaryIs><LinearRing><coordinates>25.049722,60.210000,0 25.049167,60.208889,0 25.047778,60.208889,0 25.046667,60.209444,0 25.046944,60.210000,0 25.047778,60.210000,0 25.048333,60.210278,0 25.049722,60.210000,0</coordinates></LinearRing></outerBoundaryIs></Polygon></Placemark>
<Placemark><name>FIN708 Helsinki pelastuslaitos UAS 14</name><styleUrl>#PROHIBITED</styleUrl><description><![CDATA[<table><tr><td><b>Identifier</b></td><td>FIN708</td></tr><tr><td><b>Restriction</b></td><td>Prohibited</td></tr><tr><td><b>Reason</b></td><td>Sensitive</td></tr><tr><td><b>Upper limit</b></td><td>150 m AGL</td></tr><tr><td><b>Lower limit</b></td><td>not given</td></tr><tr><td><b>Valid</b></td><td>2026-01-06 to 2050-04-15, any day</td></tr></table><p>Authority: <a href="https://www.droneinfo.fi/fi/uas-ilmatilavyohykkeet">Traficom</a></p>]]></description><Polygon><tessellate>1</tessellate><outerBoundaryIs><LinearRing><coordinates>24.957500,60.212222,0 24.957222,60.211667,0 24.956944,60.211667,0 24.956944,60.212222,0 24.957500,60.212222,0</coordinates></LinearRing></outerBoundaryIs></Polygon></Placemark>
<Placemark><name>FIN709 Helsinki pelastuslaitos UAS 15</name><styleUrl>#PROHIBITED</styleUrl><description><![CDATA[<table><tr><td><b>Identifier</b></td><td>FIN709</td></tr><tr><td><b>Restriction</b></td><td>Prohibited</td></tr><tr><td><b>Reason</b></td><td>Sensitive</td></tr><tr><td><b>Upper limit</b></td><td>150 m AGL</td></tr><tr><td><b>Lower limit</b></td><td>not given</td></tr><tr><td><b>Valid</b></td><td>2026-01-06 to 2050-04-15, any day</td></tr></table><p>Authority: <a href="https://www.droneinfo.fi/fi/uas-ilmatilavyohykkeet">Traficom</a></p>]]></description><Polygon><tessellate>1</tessellate><outerBoundaryIs><LinearRing><coordinates>25.039167,60.149722,0 25.039167,60.149444,0 25.036667,60.149444,0 25.037222,60.150000,0 25.039167,60.149722,0</coordinates></LinearRing></outerBoundaryIs></Polygon></Placemark>
<Placemark><name>FIN712 Oulun uusi vankila UAS</name><styleUrl>#PROHIBITED</styleUrl><description><![CDATA[<table><tr><td><b>Identifier</b></td><td>FIN712</td></tr><tr><td><b>Restriction</b></td><td>Prohibited</td></tr><tr><td><b>Reason</b></td><td>Sensitive</td></tr><tr><td><b>Upper limit</b></td><td>not given</td></tr><tr><td><b>Lower limit</b></td><td>not given</td></tr><tr><td><b>Valid</b></td><td>2026-02-17 to 2027-04-14, any day</td></tr></table><p>Authority: <a href="https://www.droneinfo.fi/fi/uas-ilmatilavyohykkeet">Traficom</a></p>]]></description><Polygon><tessellate>1</tessellate><outerBoundaryIs><LinearRing><coordinates>25.579722,65.060833,0 25.583611,65.059722,0 25.580000,65.058056,0 25.576667,65.059167,0 25.579722,65.060833,0</coordinates></LinearRing></outerBoundaryIs></Polygon></Placemark>
<Placemark><name>FIN735 Venäjän suurlähetystö UAS</name><styleUrl>#PROHIBITED</styleUrl><description><![CDATA[<table><tr><td><b>Identifier</b></td><td>FIN735</td></tr><tr><td><b>Restriction</b></td><td>Prohibited</td></tr><tr><td><b>Reason</b></td><td>Sensitive</td></tr><tr><td><b>Upper limit</b></td><td>150 m AGL</td></tr><tr><td><b>Lower limit</b></td><td>not given</td></tr><tr><td><b>Valid</b></td><td>2026-05-31 to 2050-04-06, any day</td></tr></table><p>Authority: <a href="https://www.droneinfo.fi/fi/uas-ilmatilavyohykkeet">Traficom</a></p>]]></description><Polygon><tessellate>1</tessellate><outerBoundaryIs><LinearRing><coordinates>24.953333,60.160556,0 24.954444,60.159444,0 24.950556,60.158611,0 24.950278,60.158889,0 24.949444,60.159167,0 24.949722,60.159444,0 24.949722,60.159722,0 24.953333,60.160556,0</coordinates></LinearRing></outerBoundaryIs></Polygon></Placemark>
<Placemark><name>FIN744 Israelin suurlähetystö UAS</name><styleUrl>#PROHIBITED</styleUrl><description><![CDATA[<table><tr><td><b>Identifier</b></td><td>FIN744</td></tr><tr><td><b>Restriction</b></td><td>Prohibited</td></tr><tr><td><b>Reason</b></td><td>Sensitive</td></tr><tr><td><b>Upper limit</b></td><td>150 m AGL</td></tr><tr><td><b>Lower limit</b></td><td>not given</td></tr><tr><td><b>Valid</b></td><td>2026-08-04 to 2050-04-13, any day</td></tr></table><p>Authority: <a href="https://www.droneinfo.fi/fi/uas-ilmatilavyohykkeet">Traficom</a></p>]]></description><Polygon><tessellate>1</tessellate><outerBoundaryIs><LinearRing><coordinates>24.936389,60.168889,0 24.937222,60.168333,0 24.936111,60.168056,0 24.935556,60.168611,0 24.936389,60.168889,0</coordinates></LinearRing></outerBoundaryIs></Polygon></Placemark>
</Folder>
<Folder><name>Authorisation required (569)</name>
<Placemark><name>EFAAUAS UAS-ilmatilavyöhyke Aavahelukka</name><styleUrl>#REQ_AUTHORISATION</styleUrl><description><![CDATA[<table><tr><td><b>Identifier</b></td><td>EFAAUAS</td></tr><tr><td><b>Restriction</b></td><td>Authorisation required</td></tr><tr><td><b>Reason</b></td><td>Air traffic</td></tr><tr><td><b>Upper limit</b></td><td>not given</td></tr><tr><td><b>Lower limit</b></td><td>not given</td></tr><tr><td><b>Valid</b></td><td>2020-12-31 to 2027-04-17, any day</td></tr></table><p>Authority: <a href="https://www.droneinfo.fi/fi/uas-ilmatilavyohykkeet">Traficom</a></p>]]></description><Polygon><tessellate>1</tessellate><outerBoundaryIs><LinearRing><coordinates>23.951389,67.625556,0 24.027778,67.593889,0 23.993056,67.581667,0 23.916667,67.613333,0 23.951389,67.625556,0</coordinates></LinearRing></outerBoundaryIs></Polygon></Placemark>
<Placemark><name>EFAHUAS UAS-ilmatilavyöhyke Ahmosuo</name><styleUrl>#REQ_AUTHORISATION</styleUrl><description><![CDATA[<table><tr><td><b>Identifier</b></td><td>EFAHUAS</td></tr><tr><td><b>Restriction</b></td><td>Authorisation required</td></tr><tr><td><b>Reason</b></td><td>Air traffic</td></tr><tr><td><b>Upper limit</b></td><td>not given</td></tr><tr><td><b>Lower limit</b></td><td>not given</td></tr><tr><td><b>Valid</b></td><td>2020-12-31 to 2027-04-17, any day</td></tr></table><p>Authority: <a href="https://www.droneinfo.fi/fi/uas-ilmatilavyohykkeet">Traficom</a></p>]]></description><Polygon><tessellate>1</tessellate><outerBoundaryIs><LinearRing><coordinates>25.725833,64.915556,0 25.804167,64.888333,0 25.777222,64.874444,0 25.699167,64.901667,0 25.725833,64.915556,0</coordinates></LinearRing></outerBoundaryIs></Polygon></Placemark>
<Placemark><name>EFALUAS UAS-ilmatilavyöhyke Alavus</name><styleUrl>#REQ_AUTHORISATION</styleUrl><description><![CDATA[<table><tr><td><b>Identifier</b></td><td>EFALUAS</td></tr><tr><td><b>Restriction</b></td><td>Authorisation required</td></tr><tr><td><b>Reason</b></td><td>Air traffic</td></tr><tr><td><b>Upper limit</b></td><td>not given</td></tr><tr><td><b>Lower limit</b></td><td>not given</td></tr><tr><td><b>Valid</b></td><td>2020-12-31 to 2027-04-17, any day</td></tr></table><p>Authority: <a href="https://www.droneinfo.fi/fi/uas-ilmatilavyohykkeet">Traficom</a></p>]]></description><Polygon><tessellate>1</tessellate><outerBoundaryIs><LinearRing><coordinates>23.613611,62.566944,0 23.619722,62.549167,0 23.528056,62.542500,0 23.521944,62.560278,0 23.613611,62.566944,0</coordinates></LinearRing></outerBoundaryIs></Polygon></Placemark>
<Placemark><name>EFEJUAS UAS-ilmatilavyöhyke Jorvin sairaala</name><styleUrl>#REQ_AUTHORISATION</styleUrl><description><![CDATA[<table><tr><td><b>Identifier</b></td><td>EFEJUAS</td></tr><tr><td><b>Restriction</b></td><td>Authorisation required</td></tr><tr><td><b>Reason</b></td><td>Air traffic</td></tr><tr><td><b>Upper limit</b></td><td>not given</td></tr><tr><td><b>Lower limit</b></td><td>not given</td></tr><tr><td><b>Valid</b></td><td>2020-12-31 to 2027-04-17, any day</td></tr></table><p>Authority: <a href="https://www.droneinfo.fi/fi/uas-ilmatilavyohykkeet">Traficom</a></p>]]></description><Polygon><tessellate>1</tessellate><outerBoundaryIs><LinearRing><coordinates>24.686111,60.226111,0 24.695556,60.223611,0 24.695833,60.218333,0 24.686667,60.215556,0 24.677222,60.218056,0 24.676944,60.223333,0 24.686111,60.226111,0</coordinates></LinearRing></outerBoundaryIs></Polygon></Placemark>
<Placemark><name>EFEKUAS UAS-ilmatilavyöhyke Kilpisjärvi</name><styleUrl>#REQ_AUTHORISATION</styleUrl><description><![CDATA[<table><tr><td><b>Identifier</b></td><td>EFEKUAS</td></tr><tr><td><b>Restriction</b></td><td>Authorisation required</td></tr><tr><td><b>Reason</b></td><td>Air traffic</td></tr><tr><td><b>Upper limit</b></td><td>not given</td></tr><tr><td><b>Lower limit</b></td><td>not given</td></tr><tr><td><b>Valid</b></td><td>2020-12-31 to 2027-04-21, any day</td></tr></table><p>Authority: <a href="https://www.droneinfo.fi/fi/uas-ilmatilavyohykkeet">Traficom</a></p>]]></description><Polygon><tessellate>1</tessellate><outerBoundaryIs><LinearRing><coordinates>20.895000,69.007500,0 20.908611,69.005278,0 20.910000,69.000000,0 20.897778,68.996944,0 20.884167,68.999167,0 20.882778,69.004444,0 20.895000,69.007500,0</coordinates></LinearRing></outerBoundaryIs></Polygon></Placemark>
<Placemark><name>EFETUASA UAS-ilmatilavyöhyke A Enontekiö</name><styleUrl>#REQ_AUTHORISATION</styleUrl><description><![CDATA[<table><tr><td><b>Identifier</b></td><td>EFETUASA</td></tr><tr><td><b>Restriction</b></td><td>Authorisation required</td></tr><tr><td><b>Reason</b></td><td>Air traffic</td></tr><tr><td><b>Upper limit</b></td><td>50 m AGL</td></tr><tr><td><b>Lower limit</b></td><td>not given</td></tr><tr><td><b>Valid</b></td><td>2020-12-31 to 2027-04-17, any day</td></tr></table><p>Authority: <a href="https://www.droneinfo.fi/fi/uas-ilmatilavyohykkeet">Traficom</a></p>]]></description><Polygon><tessellate>1</tessellate><outerBoundaryIs><LinearRing><coordinates>23.431944,68.382500,0 23.471944,68.372222,0 23.416667,68.342778,0 23.376667,68.352778,0 23.431944,68.382500,0</coordinates></LinearRing></outerBoundaryIs></Polygon></Placemark>
<Placemark><name>EFETUASB UAS-ilmatilavyöhyke B Enontekiö</name><styleUrl>#REQ_AUTHORISATION</styleUrl><description><![CDATA[<table><tr><td><b>Identifier</b></td><td>EFETUASB</td></tr><tr><td><b>Restriction</b></td><td>Authorisation required</td></tr><tr><td><b>Reason</b></td><td>Air traffic</td></tr><tr><td><b>Upper limit</b></td><td>50 m AGL</td></tr><tr><td><b>Lower limit</b></td><td>not given</td></tr><tr><td><b>Valid</b></td><td>2020-12-31 to 2027-04-17, any day</td></tr></table><p>Authority: <a href="https://www.droneinfo.fi/fi/uas-ilmatilavyohykkeet">Traficom</a></p>]]></description><Polygon><tessellate>1</tessellate><outerBoundaryIs><LinearRing><coordinates>23.419444,68.407500,0 23.539444,68.376667,0 23.429167,68.318056,0 23.308889,68.348056,0 23.419444,68.407500,0</coordinates></LinearRing></outerBoundaryIs></Polygon></Placemark>
<Placemark><name>EFETUASC UAS-ilmatilavyöhyke C Enontekiö</name><styleUrl>#REQ_AUTHORISATION</styleUrl><description><![CDATA[<table><tr><td><b>Identifier</b></td><td>EFETUASC</td></tr><tr><td><b>Restriction</b></td><td>Authorisation required</td></tr><tr><td><b>Reason</b></td><td>Air traffic</td></tr><tr><td><b>Upper limit</b></td><td>120 m AGL</td></tr><tr><td><b>Lower limit</b></td><td>50 m AGL</td></tr><tr><td><b>Valid</b></td><td>2020-12-31 to 2027-04-17, any day</td></tr></table><p>Authority: <a href="https://www.droneinfo.fi/fi/uas-ilmatilavyohykkeet">Traficom</a></p>]]></description><Polygon><tessellate>1</tessellate><outerBoundaryIs><LinearRing><coordinates>23.420833,68.440000,0 23.621111,68.388333,0 23.427778,68.285833,0 23.227500,68.335833,0 23.420833,68.440000,0</coordinates></LinearRing></outerBoundaryIs></Polygon></Placemark>
<Placemark><name>EFETUASD UAS-ilmatilavyöhyke D Enontekiö</name><styleUrl>#REQ_AUTHORISATION</styleUrl><description><![CDATA[<table><tr><td><b>Identifier</b></td><td>EFETUASD</td></tr><tr><td><b>Restriction</b></td><td>Authorisation required</td></tr><tr><td><b>Reason</b></td><td>Air traffic</td></tr><tr><td><b>Upper limit</b></td><td>not given</td></tr><tr><td><b>Lower limit</b></td><td>120 m AGL</td></tr><tr><td><b>Valid</b></td><td>2020-12-31 to 2027-04-17, any day</td></tr></table><p>Authority: <a href="https://www.droneinfo.fi/fi/uas-ilmatilavyohykkeet">Traficom</a></p>]]></description><Polygon><tessellate>1</tessellate><outerBoundaryIs><LinearRing><coordinates>23.453611,68.596944,0 24.010278,68.453889,0 23.380000,68.120000,0 23.226389,68.200000,0 23.023611,68.335833,0 22.986389,68.347222,0 23.453611,68.596944,0</coordinates></LinearRing></outerBoundaryIs></Polygon></Placemark>
<Placemark><name>EFEUUAS UAS-ilmatilavyöhyke Eura</name><styleUrl>#REQ_AUTHORISATION</styleUrl><description><![CDATA[<table><tr><td><b>Identifier</b></td><td>EFEUUAS</td></tr><tr><td><b>Restriction</b></td><td>Authorisation required</td></tr><tr><td><b>Reason</b></td><td>Air traffic</td></tr><tr><td><b>Upper limit</b></td><td>not given</td></tr><tr><td><b>Lower limit</b></td><td>not given</td></tr><tr><td><b>Valid</b></td><td>2020-12-31 to 2027-04-21, any day</td></tr></table><p>Authority: <a href="https://www.droneinfo.fi/fi/uas-ilmatilavyohykkeet">Traficom</a></p>]]></description><Polygon><tessellate>1</tessellate><outerBoundaryIs><LinearRing><coordinates>22.167778,61.132778,0 22.249722,61.116111,0 22.235278,61.099444,0 22.153333,61.116111,0 22.167778,61.132778,0</coordinates></LinearRing></outerBoundaryIs></Polygon></Placemark>
<Placemark><name>EFFHUAS UAS-ilmatilavyöhyke Kelloniemi</name><styleUrl>#REQ_AUTHORISATION</styleUrl><description><![CDATA[<table><tr><td><b>Identifier</b></td><td>EFFHUAS</td></tr><tr><td><b>Restriction</b></td><td>Authorisation required</td></tr><tr><td><b>Reason</b></td><td>Air traffic</td></tr><tr><td><b>Upper limit</b></td><td>not given</td></tr><tr><td><b>Lower limit</b></td><td>not given</td></tr><tr><td><b>Valid</b></td><td>2020-12-31 to 2027-04-21, any day</td></tr></table><p>Authority: <a href="https://www.droneinfo.fi/fi/uas-ilmatilavyohykkeet">Traficom</a></p>]]></description><Polygon><tessellate>1</tessellate><outerBoundaryIs><LinearRing><coordinates>27.723333,62.929722,0 27.733611,62.926944,0 27.733611,62.921667,0 27.723333,62.919167,0 27.713056,62.921667,0 27.713056,62.927222,0 27.723333,62.929722,0</coordinates></LinearRing></outerBoundaryIs></Polygon></Placemark>
<Placemark><name>EFFOUAS UAS-ilmatilavyöhyke Forssa</name><styleUrl>#REQ_AUTHORISATION</styleUrl><description><![CDATA[<table><tr><td><b>Identifier</b></td><td>EFFOUAS</td></tr><tr><td><b>Restriction</b></td><td>Authorisation required</td></tr><tr><td><b>Reason</b></td><td>Air traffic</td></tr><tr><td><b>Upper limit</b></td><td>not given</td></tr><tr><td><b>Lower limit</b></td><td>not given</td></tr><tr><td><b>Valid</b></td><td>2020-12-31 to 2027-04-21, any day</td></tr></table><p>Authority: <a href="https://www.droneinfo.fi/fi/uas-ilmatilavyohykkeet">Traficom</a></p>]]></description><Polygon><tessellate>1</tessellate><outerBoundaryIs><LinearRing><coordinates>23.667500,60.825556,0 23.694444,60.813611,0 23.635833,60.782500,0 23.608889,60.794444,0 23.667500,60.825556,0</coordinates></LinearRing></outerBoundaryIs></Polygon></Placemark>
<Placemark><name>EFGEUAS UAS-ilmatilavyöhyke Genböle</name><styleUrl>#REQ_AUTHORISATION</styleUrl><description><![CDATA[<table><tr><td><b>Identifier</b></td><td>EFGEUAS</td></tr><tr><td><b>Restriction</b></td><td>Authorisation required</td></tr><tr><td><b>Reason</b></td><td>Air traffic</td></tr><tr><td><b>Upper limit</b></td><td>not given</td></tr><tr><td><b>Lower limit</b></td><td>not given</td></tr><tr><td><b>Valid</b></td><td>2020-12-31 to 2027-04-21, any day</td></tr></table><p>Authority: <a href="https://www.droneinfo.fi/fi/uas-ilmatilavyohykkeet">Traficom</a></p>]]></description><Polygon><tessellate>1</tessellate><outerBoundaryIs><LinearRing><coordinates>22.558056,60.099444,0 22.564722,60.081667,0 22.488333,60.074444,0 22.481667,60.092222,0 22.558056,60.099444,0</coordinates></LinearRing></outerBoundaryIs></Polygon></Placemark>
<Placemark><name>EFHAUASA UAS-ilmatilavyöhyke A Halli</name><styleUrl>#REQ_AUTHORISATION</styleUrl><description><![CDATA[<table><tr><td><b>Identifier</b></td><td>EFHAUASA</td></tr><tr><td><b>Restriction</b></td><td>Authorisation required</td></tr><tr><td><b>Reason</b></td><td>Air traffic</td></tr><tr><td><b>Upper limit</b></td><td>50 m AGL</td></tr><tr><td><b>Lower limit</b></td><td>not given</td></tr><tr><td><b>Valid</b></td><td>2020-12-31 to 2027-04-21, any day</td></tr></table><p>Authority: <a href="https://www.droneinfo.fi/fi/uas-ilmatilavyohykkeet">Traficom</a></p>]]></description><Polygon><tessellate>1</tessellate><outerBoundaryIs><LinearRing><coordinates>24.828889,61.866389,0 24.831389,61.848611,0 24.744444,61.845833,0 24.741667,61.863611,0 24.828889,61.866389,0</coordinates></LinearRing></outerBoundaryIs></Polygon></Placemark>
<Placemark><name>EFHAUASB UAS-ilmatilavyöhyke B Halli</name><styleUrl>#REQ_AUTHORISATION</styleUrl><description><![CDATA[<table><tr><td><b>Identifier</b></td><td>EFHAUASB</td></tr><tr><td><b>Restriction</b></td><td>Authorisation required</td></tr><tr><td><b>Reason</b></td><td>Air traffic</td></tr><tr><td><b>Upper limit</b></td><td>50 m AGL</td></tr><tr><td><b>Lower limit</b></td><td>not given</td></tr><tr><td><b>Valid</b></td><td>2020-12-31 to 2027-04-21, any day</td></tr></table><p>Authority: <a href="https://www.droneinfo.fi/fi/uas-ilmatilavyohykkeet">Traficom</a></p>]]></description><Polygon><tessellate>1</tessellate><outerBoundaryIs><LinearRing><coordinates>24.864444,61.885556,0 24.871667,61.831944,0 24.709444,61.826667,0 24.700833,61.880278,0 24.864444,61.885556,0</coordinates></LinearRing></outerBoundaryIs></Polygon></Placemark>
<Placemark><name>EFHAUASC UAS-ilmatilavyöhyke C Halli</name><styleUrl>#REQ_AUTHORISATION</styleUrl><description><![CDATA[<table><tr><td><b>Identifier</b></td><td>EFHAUASC</td></tr><tr><td><b>Restriction</b></td><td>Authorisation required</td></tr><tr><td><b>Reason</b></td><td>Air traffic</td></tr><tr><td><b>Upper limit</b></td><td>not given</td></tr><tr><td><b>Lower limit</b></td><td>50 m AGL</td></tr><tr><td><b>Valid</b></td><td>2020-12-31 to 2027-04-21, any day</td></tr></table><p>Authority: <a href="https://www.droneinfo.fi/fi/uas-ilmatilavyohykkeet">Traficom</a></p>]]></description><Polygon><tessellate>1</tessellate><outerBoundaryIs><LinearRing><coordinates>25.208889,61.993889,0 25.240556,61.745000,0 24.395833,61.718056,0 24.356111,61.966389,0 25.208889,61.993889,0</coordinates></LinearRing></outerBoundaryIs></Polygon></Placemark>
<Placemark><name>EFHHUAS UAS-ilmatilavyöhyke Kanta-Hämeen keskussairaala</name><styleUrl>#REQ_AUTHORISATION</styleUrl><description><![CDATA[<table><tr><td><b>Identifier</b></td><td>EFHHUAS</td></tr><tr><td><b>Restriction</b></td><td>Authorisation required</td></tr><tr><td><b>Reason</b></td><td>Air traffic</td></tr><tr><td><b>Upper limit</b></td><td>not given</td></tr><tr><td><b>Lower limit</b></td><td>not given</td></tr><tr><td><b>Valid</b></td><td>2020-12-31 to 2027-04-21, any day</td></tr></table><p>Authority: <a href="https://www.droneinfo.fi/fi/uas-ilmatilavyohykkeet">Traficom</a></p>]]></description><Polygon><tessellate>1</tessellate><outerBoundaryIs><LinearRing><coordinates>24.414722,60.996389,0 24.424722,60.993889,0 24.425000,60.988611,0 24.415833,60.985833,0 24.405833,60.988333,0 24.405556,60.993611,0 24.414722,60.996389,0</coordinates></LinearRing></outerBoundaryIs></Polygon></Placemark>
<Placemark><name>EFHKUASA UAS-ilmatilavyöhyke A Helsinki-Vantaa</name><styleUrl>#REQ_AUTHORISATION</styleUrl><description><![CDATA[<table><tr><td><b>Identifier</b></td><td>EFHKUASA</td></tr><tr><td><b>Restriction</b></td><td>Authorisation required</td></tr><tr><td><b>Reason</b></td><td>Air traffic</td></tr><tr><td><b>Upper limit</b></td><td>50 m AGL</td></tr><tr><td><b>Lower limit</b></td><td>not given</td></tr><tr><td><b>Valid</b></td><td>2020-12-31 to 2027-04-21, any day</td></tr></table><p>Authority: <a href="https://www.droneinfo.fi/fi/uas-ilmatilavyohykkeet">Traficom</a></p>]]></description><Polygon><tessellate>1</tessellate><outerBoundaryIs><LinearRing><coordinates>24.980556,60.294722,0 24.902778,60.300278,0 24.883611,60.300000,0 24.872500,60.306944,0 24.878333,60.313611,0 24.945000,60.343889,0 24.980278,60.343333,0 25.004444,60.330000,0 25.012500,60.303056,0 24.980556,60.294722,0</coordinates></LinearRing></outerBoundaryIs></Polygon></Placemark>
<Placemark><name>EFHKUASB UAS-ilmatilavyöhyke B Helsinki-Vantaa</name><styleUrl>#REQ_AUTHORISATION</styleUrl><description><![CDATA[<table><tr><td><b>Identifier</b></td><td>EFHKUASB</td></tr><tr><td><b>Restriction</b></td><td>Authorisation required</td></tr><tr><td><b>Reason</b></td><td>Air traffic</td></tr><tr><td><b>Upper limit</b></td><td>50 m AGL</td></tr><tr><td><b>Lower limit</b></td><td>not given</td></tr><tr><td><b>Valid</b></td><td>2020-12-31 to 2027-04-21, any day</td></tr></table><p>Authority: <a href="https://www.droneinfo.fi/fi/uas-ilmatilavyohykkeet">Traficom</a></p>]]></description><Polygon><tessellate>1</tessellate><outerBoundaryIs><LinearRing><coordinates>24.965000,60.270556,0 24.900278,60.274722,0 24.827500,60.314722,0 24.947500,60.369167,0 24.982778,60.368889,0 25.055278,60.328889,0 25.061111,60.295278,0 24.965000,60.270556,0</coordinates></LinearRing></outerBoundaryIs></Polygon></Placemark>
<Placemark><name>EFHKUASC UAS-ilmatilavyöhyke C Helsinki-Vantaa</name><styleUrl>#REQ_AUTHORISATION</styleUrl><description><![CDATA[<table><tr><td><b>Identifier</b></td><td>EFHKUASC</td></tr><tr><td><b>Restriction</b></td><td>Authorisation required</td></tr><tr><td><b>Reason</b></td><td>Air traffic</td></tr><tr><td><b>Upper limit</b></td><td>120 m AGL</td></tr><tr><td><b>Lower limit</b></td><td>50 m AGL</td></tr><tr><td><b>Valid</b></td><td>2020-12-31 to 2027-04-21, any day</td></tr></table><p>Authority: <a href="https://www.droneinfo.fi/fi/uas-ilmatilavyohykkeet">Traficom</a></p>]]></description><Polygon><tessellate>1</tessellate><outerBoundaryIs><LinearRing><coordinates>24.957500,60.238333,0 24.884444,60.243333,0 24.763333,60.310000,0 24.835000,60.357778,0 24.963333,60.400833,0 24.998611,60.400278,0 25.119444,60.333611,0 25.117778,60.279444,0 24.957500,60.238333,0</coordinates></LinearRing></outerBoundaryIs></Polygon></Placemark>
<Placemark><name>EFHKUASD UAS-ilmatilavyöhyke D Helsinki-Vantaa</name><styleUrl>#REQ_AUTHORISATION</styleUrl><description><![CDATA[<table><tr><td><b>Identifier</b></td><td>EFHKUASD</td></tr><tr><td><b>Restriction</b></td><td>Authorisation required</td></tr><tr><td><b>Reason</b></td><td>Air traffic</td></tr><tr><td><b>Upper limit</b></td><td>not given</td></tr><tr><td><b>Lower limit</b></td><td>120 m AGL</td></tr><tr><td><b>Valid</b></td><td>2020-12-31 to 2027-04-17, any day</td></tr></table><p>Authority: <a href="https://www.droneinfo.fi/fi/uas-ilmatilavyohykkeet">Traficom</a></p>]]></description><Polygon><tessellate>1</tessellate><outerBoundaryIs><LinearRing><coordinates>24.707500,60.411944,0 24.921667,60.457778,0 24.957778,60.455833,0 25.142222,60.409444,0 25.205556,60.369167,0 25.211667,60.274722,0 25.153889,60.227500,0 25.019722,60.193889,0 24.997500,60.220556,0 24.926944,60.206111,0 24.813611,60.217222,0 24.686667,60.273333,0 24.647222,60.326667,0 24.707500,60.411944,0</coordinates></LinearRing></outerBoundaryIs></Polygon></Placemark>
<Placemark><name>EFHLUAS UAS-ilmatilavyöhyke Hailuoto</name><styleUrl>#REQ_AUTHORISATION</styleUrl><description><![CDATA[<table><tr><td><b>Identifier</b></td><td>EFHLUAS</td></tr><tr><td><b>Restriction</b></td><td>Authorisation required</td></tr><tr><td><b>Reason</b></td><td>Air traffic</td></tr><tr><td><b>Upper limit</b></td><td>not given</td></tr><tr><td><b>Lower limit</b></td><td>not given</td></tr><tr><td><b>Valid</b></td><td>2020-12-31 to 2027-04-21, any day</td></tr></table><p>Authority: <a href="https://www.droneinfo.fi/fi/uas-ilmatilavyohykkeet">Traficom</a></p>]]></description><Polygon><tessellate>1</tessellate><outerBoundaryIs><LinearRing><coordinates>24.737222,64.987222,0 24.756944,64.971389,0 24.671111,64.951944,0 24.651389,64.967778,0 24.737222,64.987222,0</coordinates></LinearRing></outerBoundaryIs></Polygon></Placemark>
<Placemark><name>EFHMUAS UAS-ilmatilavyöhyke Hämeenkyrö</name><styleUrl>#REQ_AUTHORISATION</styleUrl><description><![CDATA[<table><tr><td><b>Identifier</b></td><td>EFHMUAS</td></tr><tr><td><b>Restriction</b></td><td>Authorisation required</td></tr><tr><td><b>Reason</b></td><td>Air traffic</td></tr><tr><td><b>Upper limit</b></td><td>not given</td></tr><tr><td><b>Lower limit</b></td><td>not given</td></tr><tr><td><b>Valid</b></td><td>2020-12-31 to 2027-04-21, any day</td></tr></table><p>Authority: <a href="https://www.droneinfo.fi/fi/uas-ilmatilavyohykkeet">Traficom</a></p>]]></description><Polygon><tessellate>1</tessellate><outerBoundaryIs><LinearRing><coordinates>23.110833,61.704167,0 23.121667,61.686944,0 23.037222,61.675278,0 23.026389,61.692500,0 23.110833,61.704167,0</coordinates></LinearRing></outerBoundaryIs></Polygon></Placemark>
<Placemark><name>EFHNUAS UAS-ilmatilavyöhyke Hanko</name><styleUrl>#REQ_AUTHORISATION</styleUrl><description><![CDATA[<table><tr><td><b>Identifier</b></td><td>EFHNUAS</td></tr><tr><td><b>Restriction</b></td><td>Authorisation required</td></tr><tr><td><b>Reason</b></td><td>Air traffic</td></tr><tr><td><b>Upper limit</b></td><td>not given</td></tr><tr><td><b>Lower limit</b></td><td>not given</td></tr><tr><td><b>Valid</b></td><td>2020-12-31 to 2027-04-21, any day</td></tr></table><p>Authority: <a href="https://www.droneinfo.fi/fi/uas-ilmatilavyohykkeet">Traficom</a></p>]]></description><Polygon><tessellate>1</tessellate><outerBoundaryIs><LinearRing><coordinates>23.095556,59.871944,0 23.125000,59.861667,0 23.075278,59.824722,0 23.045833,59.835000,0 23.095556,59.871944,0</coordinates></LinearRing></outerBoundaryIs></Polygon></Placemark>
<Placemark><name>EFHOUAS UAS-ilmatilavyöhyke Oulun yliopistollinen sairaala_uusi</name><styleUrl>#REQ_AUTHORISATION</styleUrl><description><![CDATA[<table><tr><td><b>Identifier</b></td><td>EFHOUAS</td></tr><tr><td><b>Restriction</b></td><td>Authorisation required</td></tr><tr><td><b>Reason</b></td><td>Air traffic</td></tr><tr><td><b>Upper limit</b></td><td>not given</td></tr><tr><td><b>Lower limit</b></td><td>not given</td></tr><tr><td><b>Valid</b></td><td>2026-02-08 to 2050-04-12, any day</td></tr></table><p>Authority: <a href="https://www.droneinfo.fi/fi/uas-ilmatilavyohykkeet">Traficom</a></p>]]></description><Polygon><tessellate>1</tessellate><outerBoundaryIs><LinearRing><coordinates>25.507778,64.998333,0 25.507222,65.011944,0 25.517778,65.015278,0 25.529444,65.011944,0 25.529444,64.998889,0 25.518889,64.995833,0 25.507778,64.998333,0</coordinates></LinearRing></outerBoundaryIs></Polygon></Placemark>
<Placemark><name>EFHPUAS UAS-ilmatilavyöhyke Haapavesi</name><styleUrl>#REQ_AUTHORISATION</styleUrl><description><![CDATA[<table><tr><td><b>Identifier</b></td><td>EFHPUAS</td></tr><tr><td><b>Restriction</b></td><td>Authorisation required</td></tr><tr><td><b>Reason</b></td><td>Air traffic</td></tr><tr><td><b>Upper limit</b></td><td>not given</td></tr><tr><td><b>Lower limit</b></td><td>not given</td></tr><tr><td><b>Valid</b></td><td>2020-12-31 to 2027-04-21, any day</td></tr></table><p>Authority: <a href="https://www.droneinfo.fi/fi/uas-ilmatilavyohykkeet">Traficom</a></p>]]></description><Polygon><tessellate>1</tessellate><outerBoundaryIs><LinearRing><coordinates>25.478056,64.131667,0 25.556667,64.106667,0 25.532500,64.092222,0 25.453889,64.117222,0 25.478056,64.131667,0</coordinates></LinearRing></outerBoundaryIs></Polygon></Placemark>
<Placemark><name>EFHSUAS UAS-ilmatilavyöhyke Seinäjoen keskussairaala</name><styleUrl>#REQ_AUTHORISATION</styleUrl><description><![CDATA[<table><tr><td><b>Identifier</b></td><td>EFHSUAS</td></tr><tr><td><b>Restriction</b></td><td>Authorisation required</td></tr><tr><td><b>Reason</b></td><td>Air traffic</td></tr><tr><td><b>Upper limit</b></td><td>not given</td></tr><tr><td><b>Lower limit</b></td><td>not given</td></tr><tr><td><b>Valid</b></td><td>2020-12-31 to 2027-04-21, any day</td></tr></table><p>Authority: <a href="https://www.droneinfo.fi/fi/uas-ilmatilavyohykkeet">Traficom</a></p>]]></description><Polygon><tessellate>1</tessellate><outerBoundaryIs><LinearRing><coordinates>22.818056,62.777500,0 22.828611,62.775278,0 22.829444,62.769722,0 22.819722,62.766944,0 22.809167,62.769167,0 22.808333,62.774722,0 22.818056,62.777500,0</coordinates></LinearRing></outerBoundaryIs></Polygon></Placemark>
<Placemark><name>EFHVUAS UAS-ilmatilavyöhyke Hyvinkää</name><styleUrl>#REQ_AUTHORISATION</styleUrl><description><![CDATA[<table><tr><td><b>Identifier</b></td><td>EFHVUAS</td></tr><tr><td><b>Restriction</b></td><td>Authorisation required</td></tr><tr><td><b>Reason</b></td><td>Air traffic</td></tr><tr><td><b>Upper limit</b></td><td>not given</td></tr><tr><td><b>Lower limit</b></td><td>not given</td></tr><tr><td><b>Valid</b></td><td>2020-12-31 to 2027-04-21, any day</td></tr></table><p>Authority: <a href="https://www.droneinfo.fi/fi/uas-ilmatilavyohykkeet">Traficom</a></p>]]></description><Polygon><tessellate>1</tessellate><outerBoundaryIs><LinearRing><coordinates>24.894722,60.683333,0 24.936111,60.662500,0 24.876944,60.635000,0 24.837222,60.655833,0 24.894722,60.683333,0</coordinates></LinearRing></outerBoundaryIs></Polygon></Placemark>
<Placemark><name>EFHYUAS UAS-ilmatilavyöhyke Helsingin yliopistollinen sairaala / Meilahti</name><styleUrl>#REQ_AUTHORISATION</styleUrl><description><![CDATA[<table><tr><td><b>Identifier</b></td><td>EFHYUAS</td></tr><tr><td><b>Restriction</b></td><td>Authorisation required</td></tr><tr><td><b>Reason</b></td><td>Air traffic</td></tr><tr><td><b>Upper limit</b></td><td>not given</td></tr><tr><td><b>Lower limit</b></td><td>not given</td></tr><tr><td><b>Valid</b></td><td>2020-12-31 to 2027-04-21, any day</td></tr></table><p>Authority: <a href="https://www.droneinfo.fi/fi/uas-ilmatilavyohykkeet">Traficom</a></p>]]></description><Polygon><tessellate>1</tessellate><outerBoundaryIs><LinearRing><coordinates>24.906944,60.194167,0 24.916667,60.191667,0 24.916944,60.186111,0 24.907778,60.183333,0 24.898056,60.185833,0 24.897778,60.191389,0 24.906944,60.194167,0</coordinates></LinearRing></outerBoundaryIs></Polygon></Placemark>
<Placemark><name>EFIIUAS UAS-ilmatilavyöhyke Iisalmi</name><styleUrl>#REQ_AUTHORISATION</styleUrl><description><![CDATA[<table><tr><td><b>Identifier</b></td><td>EFIIUAS</td></tr><tr><td><b>Restriction</b></td><td>Authorisation required</td></tr><tr><td><b>Reason</b></td><td>Air traffic</td></tr><tr><td><b>Upper limit</b></td><td>not given</td></tr><tr><td><b>Lower limit</b></td><td>not given</td></tr><tr><td><b>Valid</b></td><td>2020-12-31 to 2027-04-21, any day</td></tr></table><p>Authority: <a href="https://www.droneinfo.fi/fi/uas-ilmatilavyohykkeet">Traficom</a></p>]]></description><Polygon><tessellate>1</tessellate><outerBoundaryIs><LinearRing><coordinates>27.144444,63.651667,0 27.144444,63.609722,0 27.103889,63.609722,0 27.103889,63.651667,0 27.144444,63.651667,0</coordinates></LinearRing></outerBoundaryIs></Polygon></Placemark>
<Placemark><name>EFIKUAS UAS-ilmatilavyöhyke Kiikala</name><styleUrl>#REQ_AUTHORISATION</styleUrl><description><![CDATA[<table><tr><td><b>Identifier</b></td><td>EFIKUAS</td></tr><tr><td><b>Restriction</b></td><td>Authorisation required</td></tr><tr><td><b>Reason</b></td><td>Air traffic</td></tr><tr><td><b>Upper limit</b></td><td>not given</td></tr><tr><td><b>Lower limit</b></td><td>not given</td></tr><tr><td><b>Valid</b></td><td>2020-12-31 to 2027-04-21, any day</td></tr></table><p>Authority: <a href="https://www.droneinfo.fi/fi/uas-ilmatilavyohykkeet">Traficom</a></p>]]></description><Polygon><tessellate>1</tessellate><outerBoundaryIs><LinearRing><coordinates>23.635278,60.485556,0 23.671667,60.484722,0 23.670000,60.469167,0 23.697778,60.465556,0 23.688611,60.448056,0 23.668333,60.450833,0 23.667222,60.440556,0 23.630833,60.441389,0 23.632222,60.455556,0 23.607778,60.458611,0 23.616944,60.476111,0 23.634167,60.473889,0 23.635278,60.485556,0</coordinates></LinearRing></outerBoundaryIs></Polygon></Placemark>
<Placemark><name>EFIMUAS UAS-ilmatilavyöhyke Immola</name><styleUrl>#REQ_AUTHORISATION</styleUrl><description><![CDATA[<table><tr><td><b>Identifier</b></td><td>EFIMUAS</td></tr><tr><td><b>Restriction</b></td><td>Authorisation required</td></tr><tr><td><b>Reason</b></td><td>Air traffic</td></tr><tr><td><b>Upper limit</b></td><td>not given</td></tr><tr><td><b>Lower limit</b></td><td>not given</td></tr><tr><td><b>Valid</b></td><td>2020-12-31 to 2027-04-21, any day</td></tr></table><p>Authority: <a href="https://www.droneinfo.fi/fi/uas-ilmatilavyohykkeet">Traficom</a></p>]]></description><Polygon><tessellate>1</tessellate><outerBoundaryIs><LinearRing><coordinates>28.903611,61.273611,0 28.938056,61.266944,0 28.929722,61.256944,0 28.952778,61.255833,0 28.948611,61.237778,0 28.915000,61.239722,0 28.903333,61.226111,0 28.868889,61.232778,0 28.876667,61.241944,0 28.859444,61.242778,0 28.863611,61.260556,0 28.891389,61.259167,0 28.903611,61.273611,0</coordinates></LinearRing></outerBoundaryIs></Polygon></Placemark>
<Placemark><name>EFITUAS UAS-ilmatilavyöhyke Kitee</name><styleUrl>#REQ_AUTHORISATION</styleUrl><description><![CDATA[<table><tr><td><b>Identifier</b></td><td>EFITUAS</td></tr><tr><td><b>Restriction</b></td><td>Authorisation required</td></tr><tr><td><b>Reason</b></td><td>Air traffic</td></tr><tr><td><b>Upper limit</b></td><td>not given</td></tr><tr><td><b>Lower limit</b></td><td>not given</td></tr><tr><td><b>Valid</b></td><td>2020-12-31 to 2027-04-21, any day</td></tr></table><p>Authority: <a href="https://www.droneinfo.fi/fi/uas-ilmatilavyohykkeet">Traficom</a></p>]]></description><Polygon><tessellate>1</tessellate><outerBoundaryIs><LinearRing><coordinates>30.075278,62.192222,0 30.111111,62.185556,0 30.072500,62.139722,0 30.036667,62.146389,0 30.075278,62.192222,0</coordinates></LinearRing></outerBoundaryIs></Polygon></Placemark>
<Placemark><name>EFIVUASA UAS-ilmatilavyöhyke A Ivalo</name><styleUrl>#REQ_AUTHORISATION</styleUrl><description><![CDATA[<table><tr><td><b>Identifier</b></td><td>EFIVUASA</td></tr><tr><td><b>Restriction</b></td><td>Authorisation required</td></tr><tr><td><b>Reason</b></td><td>Air traffic</td></tr><tr><td><b>Upper limit</b></td><td>50 m AGL</td></tr><tr><td><b>Lower limit</b></td><td>not given</td></tr><tr><td><b>Valid</b></td><td>2020-12-31 to 2027-04-21, any day</td></tr></table><p>Authority: <a href="https://www.droneinfo.fi/fi/uas-ilmatilavyohykkeet">Traficom</a></p>]]></description><Polygon><tessellate>1</tessellate><outerBoundaryIs><LinearRing><coordinates>27.428889,68.627500,0 27.462500,68.614444,0 27.381667,68.586944,0 27.348056,68.600000,0 27.428889,68.627500,0</coordinates></LinearRing></outerBoundaryIs></Polygon></Placemark>
<Placemark><name>EFIVUASB UAS-ilmatilavyöhyke B Ivalo</name><styleUrl>#REQ_AUTHORISATION</styleUrl><description><![CDATA[<table><tr><td><b>Identifier</b></td><td>EFIVUASB</td></tr><tr><td><b>Restriction</b></td><td>Authorisation required</td></tr><tr><td><b>Reason</b></td><td>Air traffic</td></tr><tr><td><b>Upper limit</b></td><td>50 m AGL</td></tr><tr><td><b>Lower limit</b></td><td>not given</td></tr><tr><td><b>Valid</b></td><td>2020-12-31 to 2027-04-21, any day</td></tr></table><p>Authority: <a href="https://www.droneinfo.fi/fi/uas-ilmatilavyohykkeet">Traficom</a></p>]]></description><Polygon><tessellate>1</tessellate><outerBoundaryIs><LinearRing><coordinates>27.431111,68.652778,0 27.532222,68.613611,0 27.379444,68.561667,0 27.278611,68.600833,0 27.431111,68.652778,0</coordinates></LinearRing></outerBoundaryIs></Polygon></Placemark>
<Placemark><name>EFIVUASC UAS-ilmatilavyöhyke C Ivalo</name><styleUrl>#REQ_AUTHORISATION</styleUrl><description><![CDATA[<table><tr><td><b>Identifier</b></td><td>EFIVUASC</td></tr><tr><td><b>Restriction</b></td><td>Authorisation required</td></tr><tr><td><b>Reason</b></td><td>Air traffic</td></tr><tr><td><b>Upper limit</b></td><td>120 m AGL</td></tr><tr><td><b>Lower limit</b></td><td>50 m AGL</td></tr><tr><td><b>Valid</b></td><td>2020-12-31 to 2027-04-21, any day</td></tr></table><p>Authority: <a href="https://www.droneinfo.fi/fi/uas-ilmatilavyohykkeet">Traficom</a></p>]]></description><Polygon><tessellate>1</tessellate><outerBoundaryIs><LinearRing><coordinates>27.451389,68.684167,0 27.620000,68.618889,0 27.359167,68.530278,0 27.191111,68.595556,0 27.451389,68.684167,0</coordinates></LinearRing></outerBoundaryIs></Polygon></Placemark>
<Placemark><name>EFIVUASD UAS-ilmatilavyöhyke D Ivalo</name><styleUrl>#REQ_AUTHORISATION</styleUrl><description><![CDATA[<table><tr><td><b>Identifier</b></td><td>EFIVUASD</td></tr><tr><td><b>Restriction</b></td><td>Authorisation required</td></tr><tr><td><b>Reason</b></td><td>Air traffic</td></tr><tr><td><b>Upper limit</b></td><td>not given</td></tr><tr><td><b>Lower limit</b></td><td>120 m AGL</td></tr><tr><td><b>Valid</b></td><td>2020-12-31 to 2027-04-21, any day</td></tr></table><p>Authority: <a href="https://www.droneinfo.fi/fi/uas-ilmatilavyohykkeet">Traficom</a></p>]]></description><Polygon><tessellate>1</tessellate><outerBoundaryIs><LinearRing><coordinates>27.612778,68.847222,0 28.078611,68.664444,0 27.205556,68.366667,0 26.738611,68.547222,0 27.612778,68.847222,0</coordinates></LinearRing></outerBoundaryIs></Polygon></Placemark>
<Placemark><name>EFJEUAS UAS-ilmatilavyöhyke Pohjois-Karjalan keskussairaala</name><styleUrl>#REQ_AUTHORISATION</styleUrl><description><![CDATA[<table><tr><td><b>Identifier</b></td><td>EFJEUAS</td></tr><tr><td><b>Restriction</b></td><td>Authorisation required</td></tr><tr><td><b>Reason</b></td><td>Air traffic</td></tr><tr><td><b>Upper limit</b></td><td>not given</td></tr><tr><td><b>Lower limit</b></td><td>not given</td></tr><tr><td><b>Valid</b></td><td>2020-12-31 to 2027-04-21, any day</td></tr></table><p>Authority: <a href="https://www.droneinfo.fi/fi/uas-ilmatilavyohykkeet">Traficom</a></p>]]></description><Polygon><tessellate>1</tessellate><outerBoundaryIs><LinearRing><coordinates>29.778333,62.596111,0 29.788056,62.593333,0 29.787500,62.588056,0 29.777222,62.585556,0 29.767500,62.588333,0 29.768056,62.593611,0 29.778333,62.596111,0</coordinates></LinearRing></outerBoundaryIs></Polygon></Placemark>
<Placemark><name>EFJMUAS UAS-ilmatilavyöhyke Jämijärvi</name><styleUrl>#REQ_AUTHORISATION</styleUrl><description><![CDATA[<table><tr><td><b>Identifier</b></td><td>EFJMUAS</td></tr><tr><td><b>Restriction</b></td><td>Authorisation required</td></tr><tr><td><b>Reason</b></td><td>Air traffic</td></tr><tr><td><b>Upper limit</b></td><td>not given</td></tr><tr><td><b>Lower limit</b></td><td>not given</td></tr><tr><td><b>Valid</b></td><td>2020-12-31 to 2027-04-21, any day</td></tr></table><p>Authority: <a href="https://www.droneinfo.fi/fi/uas-ilmatilavyohykkeet">Traficom</a></p>]]></description><Polygon><tessellate>1</tessellate><outerBoundaryIs><LinearRing><coordinates>22.715000,61.797778,0 22.723056,61.790000,0 22.757500,61.788889,0 22.754722,61.770833,0 22.742500,61.771389,0 22.755278,61.758889,0 22.721389,61.751111,0 22.698889,61.772778,0 22.662778,61.773889,0 22.665556,61.791944,0 22.686389,61.791111,0 22.715000,61.797778,0</coordinates></LinearRing></outerBoundaryIs></Polygon></Placemark>
<Placemark><name>EFJOUASA UAS-ilmatilavyöhyke A Joensuu</name><styleUrl>#REQ_AUTHORISATION</styleUrl><description><![CDATA[<table><tr><td><b>Identifier</b></td><td>EFJOUASA</td></tr><tr><td><b>Restriction</b></td><td>Authorisation required</td></tr><tr><td><b>Reason</b></td><td>Air traffic</td></tr><tr><td><b>Upper limit</b></td><td>50 m AGL</td></tr><tr><td><b>Lower limit</b></td><td>not given</td></tr><tr><td><b>Valid</b></td><td>2020-12-31 to 2027-04-21, any day</td></tr></table><p>Authority: <a href="https://www.droneinfo.fi/fi/uas-ilmatilavyohykkeet">Traficom</a></p>]]></description><Polygon><tessellate>1</tessellate><outerBoundaryIs><LinearRing><coordinates>29.585556,62.676111,0 29.668333,62.662500,0 29.655278,62.645556,0 29.572778,62.659167,0 29.585556,62.676111,0</coordinates></LinearRing></outerBoundaryIs></Polygon></Placemark>
<Placemark><name>EFJOUASB UAS-ilmatilavyöhyke B Joensuu</name><styleUrl>#REQ_AUTHORISATION</styleUrl><description><![CDATA[<table><tr><td><b>Identifier</b></td><td>EFJOUASB</td></tr><tr><td><b>Restriction</b></td><td>Authorisation required</td></tr><tr><td><b>Reason</b></td><td>Air traffic</td></tr><tr><td><b>Upper limit</b></td><td>50 m AGL</td></tr><tr><td><b>Lower limit</b></td><td>not given</td></tr><tr><td><b>Valid</b></td><td>2020-12-31 to 2027-04-21, any day</td></tr></table><p>Authority: <a href="https://www.droneinfo.fi/fi/uas-ilmatilavyohykkeet">Traficom</a></p>]]></description><Polygon><tessellate>1</tessellate><outerBoundaryIs><LinearRing><coordinates>29.561667,62.699167,0 29.718056,62.673333,0 29.678889,62.622500,0 29.523333,62.648333,0 29.561667,62.699167,0</coordinates></LinearRing></outerBoundaryIs></Polygon></Placemark>
<Placemark><name>EFJOUASC UAS-ilmatilavyöhyke C Joensuu</name><styleUrl>#REQ_AUTHORISATION</styleUrl><description><![CDATA[<table><tr><td><b>Identifier</b></td><td>EFJOUASC</td></tr><tr><td><b>Restriction</b></td><td>Authorisation required</td></tr><tr><td><b>Reason</b></td><td>Air traffic</td></tr><tr><td><b>Upper limit</b></td><td>120 m AGL</td></tr><tr><td><b>Lower limit</b></td><td>50 m AGL</td></tr><tr><td><b>Valid</b></td><td>2020-12-31 to 2027-04-21, any day</td></tr></table><p>Authority: <a href="https://www.droneinfo.fi/fi/uas-ilmatilavyohykkeet">Traficom</a></p>]]></description><Polygon><tessellate>1</tessellate><outerBoundaryIs><LinearRing><coordinates>29.519167,62.725278,0 29.786111,62.681111,0 29.720833,62.596389,0 29.455556,62.640556,0 29.519167,62.725278,0</coordinates></LinearRing></outerBoundaryIs></Polygon></Placemark>
<Placemark><name>EFJOUASD UAS-ilmatilavyöhyke D Joensuu</name><styleUrl>#REQ_AUTHORISATION</styleUrl><description><![CDATA[<table><tr><td><b>Identifier</b></td><td>EFJOUASD</td></tr><tr><td><b>Restriction</b></td><td>Authorisation required</td></tr><tr><td><b>Reason</b></td><td>Air traffic</td></tr><tr><td><b>Upper limit</b></td><td>not given</td></tr><tr><td><b>Lower limit</b></td><td>120 m AGL</td></tr><tr><td><b>Valid</b></td><td>2020-12-31 to 2027-04-21, any day</td></tr></table><p>Authority: <a href="https://www.droneinfo.fi/fi/uas-ilmatilavyohykkeet">Traficom</a></p>]]></description><Polygon><tessellate>1</tessellate><outerBoundaryIs><LinearRing><coordinates>29.316944,62.844444,0 30.114722,62.708611,0 29.923333,62.475556,0 29.131944,62.610278,0 29.316944,62.844444,0</coordinates></LinearRing></outerBoundaryIs></Polygon></Placemark>
<Placemark><name>EFJVUAS UAS-ilmatilavyöhyke Keski-Suomen keskussairaala</name><styleUrl>#REQ_AUTHORISATION</styleUrl><description><![CDATA[<table><tr><td><b>Identifier</b></td><td>EFJVUAS</td></tr><tr><td><b>Restriction</b></td><td>Authorisation required</td></tr><tr><td><b>Reason</b></td><td>Air traffic</td></tr><tr><td><b>Upper limit</b></td><td>not given</td></tr><tr><td><b>Lower limit</b></td><td>not given</td></tr><tr><td><b>Valid</b></td><td>2020-12-31 to 2027-04-21, any day</td></tr></table><p>Authority: <a href="https://www.droneinfo.fi/fi/uas-ilmatilavyohykkeet">Traficom</a></p>]]></description><Polygon><tessellate>1</tessellate><outerBoundaryIs><LinearRing><coordinates>25.703889,62.235000,0 25.714167,62.232500,0 25.714167,62.227222,0 25.704444,62.224444,0 25.694167,62.226944,0 25.694167,62.232222,0 25.703889,62.235000,0</coordinates></LinearRing></outerBoundaryIs></Polygon></Placemark>
<Placemark><name>EFJYUASA UAS-ilmatilavyöhyke A Jyväskylä</name><styleUrl>#REQ_AUTHORISATION</styleUrl><description><![CDATA[<table><tr><td><b>Identifier</b></td><td>EFJYUASA</td></tr><tr><td><b>Restriction</b></td><td>Authorisation required</td></tr><tr><td><b>Reason</b></td><td>Air traffic</td></tr><tr><td><b>Upper limit</b></td><td>50 m AGL</td></tr><tr><td><b>Lower limit</b></td><td>not given</td></tr><tr><td><b>Valid</b></td><td>2020-12-31 to 2027-04-21, any day</td></tr></table><p>Authority: <a href="https://www.droneinfo.fi/fi/uas-ilmatilavyohykkeet">Traficom</a></p>]]></description><Polygon><tessellate>1</tessellate><outerBoundaryIs><LinearRing><coordinates>25.630833,62.458056,0 25.806111,62.379444,0 25.725556,62.340833,0 25.550278,62.419444,0 25.630833,62.458056,0</coordinates></LinearRing></outerBoundaryIs></Polygon></Placemark>
<Placemark><name>EFJYUASB UAS-ilmatilavyöhyke B Jyväskylä</name><styleUrl>#REQ_AUTHORISATION</styleUrl><description><![CDATA[<table><tr><td><b>Identifier</b></td><td>EFJYUASB</td></tr><tr><td><b>Restriction</b></td><td>Authorisation required</td></tr><tr><td><b>Reason</b></td><td>Air traffic</td></tr><tr><td><b>Upper limit</b></td><td>not given</td></tr><tr><td><b>Lower limit</b></td><td>50 m AGL</td></tr><tr><td><b>Valid</b></td><td>2020-12-31 to 2027-04-21, any day</td></tr></table><p>Authority: <a href="https://www.droneinfo.fi/fi/uas-ilmatilavyohykkeet">Traficom</a></p>]]></description><Polygon><tessellate>1</tessellate><outerBoundaryIs><LinearRing><coordinates>25.588056,62.612500,0 26.175000,62.349167,0 25.978611,62.255556,0 25.786944,62.297778,0 25.667222,62.231111,0 25.215278,62.432222,0 25.588056,62.612500,0</coordinates></LinearRing></outerBoundaryIs></Polygon></Placemark>
<Placemark><name>EFJYUASC UAS-ilmatilavyöhyke C Jyväskylä</name><styleUrl>#REQ_AUTHORISATION</styleUrl><description><![CDATA[<table><tr><td><b>Identifier</b></td><td>EFJYUASC</td></tr><tr><td><b>Restriction</b></td><td>Authorisation required</td></tr><tr><td><b>Reason</b></td><td>Air traffic</td></tr><tr><td><b>Upper limit</b></td><td>not given</td></tr><tr><td><b>Lower limit</b></td><td>120 m AGL</td></tr><tr><td><b>Valid</b></td><td>2020-12-31 to 2027-04-21, any day</td></tr></table><p>Authority: <a href="https://www.droneinfo.fi/fi/uas-ilmatilavyohykkeet">Traficom</a></p>]]></description><Polygon><tessellate>1</tessellate><outerBoundaryIs><LinearRing><coordinates>25.786944,62.297778,0 25.978611,62.255556,0 25.801944,62.170556,0 25.667222,62.231111,0 25.786944,62.297778,0</coordinates></LinearRing></outerBoundaryIs></Polygon></Placemark>
<Placemark><name>EFKAUAS UAS-ilmatilavyöhyke Kauhava</name><styleUrl>#REQ_AUTHORISATION</styleUrl><description><![CDATA[<table><tr><td><b>Identifier</b></td><td>EFKAUAS</td></tr><tr><td><b>Restriction</b></td><td>Authorisation required</td></tr><tr><td><b>Reason</b></td><td>Air traffic</td></tr><tr><td><b>Upper limit</b></td><td>not given</td></tr><tr><td><b>Lower limit</b></td><td>not given</td></tr><tr><td><b>Valid</b></td><td>2020-12-31 to 2027-04-21, any day</td></tr></table><p>Authority: <a href="https://www.droneinfo.fi/fi/uas-ilmatilavyohykkeet">Traficom</a></p>]]></description><Polygon><tessellate>1</tessellate><outerBoundaryIs><LinearRing><coordinates>23.067778,63.157500,0 23.074167,63.097500,0 23.035000,63.096667,0 23.028056,63.156667,0 23.067778,63.157500,0</coordinates></LinearRing></outerBoundaryIs></Polygon></Placemark>
<Placemark><name>EFKEUASA UAS-ilmatilavyöhyke A Kemi-Tornio</name><styleUrl>#REQ_AUTHORISATION</styleUrl><description><![CDATA[<table><tr><td><b>Identifier</b></td><td>EFKEUASA</td></tr><tr><td><b>Restriction</b></td><td>Authorisation required</td></tr><tr><td><b>Reason</b></td><td>Air traffic</td></tr><tr><td><b>Upper limit</b></td><td>50 m AGL</td></tr><tr><td><b>Lower limit</b></td><td>not given</td></tr><tr><td><b>Valid</b></td><td>2020-12-31 to 2027-04-21, any day</td></tr></table><p>Authority: <a href="https://www.droneinfo.fi/fi/uas-ilmatilavyohykkeet">Traficom</a></p>]]></description><Polygon><tessellate>1</tessellate><outerBoundaryIs><LinearRing><coordinates>24.567222,65.803056,0 24.610556,65.800833,0 24.597778,65.760833,0 24.554444,65.763056,0 24.567222,65.803056,0</coordinates></LinearRing></outerBoundaryIs></Polygon></Placemark>
<Placemark><name>EFKEUASB UAS-ilmatilavyöhyke B Kemi-Tornio</name><styleUrl>#REQ_AUTHORISATION</styleUrl><description><![CDATA[<table><tr><td><b>Identifier</b></td><td>EFKEUASB</td></tr><tr><td><b>Restriction</b></td><td>Authorisation required</td></tr><tr><td><b>Reason</b></td><td>Air traffic</td></tr><tr><td><b>Upper limit</b></td><td>50 m AGL</td></tr><tr><td><b>Lower limit</b></td><td>not given</td></tr><tr><td><b>Valid</b></td><td>2020-12-31 to 2027-04-21, any day</td></tr></table><p>Authority: <a href="https://www.droneinfo.fi/fi/uas-ilmatilavyohykkeet">Traficom</a></p>]]></description><Polygon><tessellate>1</tessellate><outerBoundaryIs><LinearRing><coordinates>24.529444,65.823056,0 24.659722,65.816389,0 24.635278,65.740833,0 24.505556,65.747500,0 24.529444,65.823056,0</coordinates></LinearRing></outerBoundaryIs></Polygon></Placemark>
<Placemark><name>EFKEUASC UAS-ilmatilavyöhyke C Kemi-Tornio</name><styleUrl>#REQ_AUTHORISATION</styleUrl><description><![CDATA[<table><tr><td><b>Identifier</b></td><td>EFKEUASC</td></tr><tr><td><b>Restriction</b></td><td>Authorisation required</td></tr><tr><td><b>Reason</b></td><td>Air traffic</td></tr><tr><td><b>Upper limit</b></td><td>120 m AGL</td></tr><tr><td><b>Lower limit</b></td><td>50 m AGL</td></tr><tr><td><b>Valid</b></td><td>2020-12-31 to 2027-04-21, any day</td></tr></table><p>Authority: <a href="https://www.droneinfo.fi/fi/uas-ilmatilavyohykkeet">Traficom</a></p>]]></description><Polygon><tessellate>1</tessellate><outerBoundaryIs><LinearRing><coordinates>24.711944,65.840833,0 24.670000,65.711944,0 24.453889,65.723056,0 24.494444,65.851944,0 24.711944,65.840833,0</coordinates></LinearRing></outerBoundaryIs></Polygon></Placemark>
<Placemark><name>EFKEUASD UAS-ilmatilavyöhyke D Kemi-Tornio</name><styleUrl>#REQ_AUTHORISATION</styleUrl><description><![CDATA[<table><tr><td><b>Identifier</b></td><td>EFKEUASD</td></tr><tr><td><b>Restriction</b></td><td>Authorisation required</td></tr><tr><td><b>Reason</b></td><td>Air traffic</td></tr><tr><td><b>Upper limit</b></td><td>not given</td></tr><tr><td><b>Lower limit</b></td><td>120 m AGL</td></tr><tr><td><b>Valid</b></td><td>2020-12-31 to 2027-04-21, any day</td></tr></table><p>Authority: <a href="https://www.droneinfo.fi/fi/uas-ilmatilavyohykkeet">Traficom</a></p>]]></description><Polygon><tessellate>1</tessellate><outerBoundaryIs><LinearRing><coordinates>24.337500,65.977778,0 24.943056,65.944444,0 24.819167,65.573333,0 24.222778,65.605556,0 24.337500,65.977778,0</coordinates></LinearRing></outerBoundaryIs></Polygon></Placemark>
<Placemark><name>EFKGUAS UAS-ilmatilavyöhyke Kumlinge</name><styleUrl>#REQ_AUTHORISATION</styleUrl><description><![CDATA[<table><tr><td><b>Identifier</b></td><td>EFKGUAS</td></tr><tr><td><b>Restriction</b></td><td>Authorisation required</td></tr><tr><td><b>Reason</b></td><td>Air traffic</td></tr><tr><td><b>Upper limit</b></td><td>not given</td></tr><tr><td><b>Lower limit</b></td><td>not given</td></tr><tr><td><b>Valid</b></td><td>2020-12-31 to 2027-04-21, any day</td></tr></table><p>Authority: <a href="https://www.droneinfo.fi/fi/uas-ilmatilavyohykkeet">Traficom</a></p>]]></description><Polygon><tessellate>1</tessellate><outerBoundaryIs><LinearRing><coordinates>20.803333,60.266944,0 20.838333,60.229722,0 20.805556,60.222222,0 20.770556,60.259444,0 20.803333,60.266944,0</coordinates></LinearRing></outerBoundaryIs></Polygon></Placemark>
<Placemark><name>EFKHUAS UAS-ilmatilavyöhyke Kuhmo</name><styleUrl>#REQ_AUTHORISATION</styleUrl><description><![CDATA[<table><tr><td><b>Identifier</b></td><td>EFKHUAS</td></tr><tr><td><b>Restriction</b></td><td>Authorisation required</td></tr><tr><td><b>Reason</b></td><td>Air traffic</td></tr><tr><td><b>Upper limit</b></td><td>not given</td></tr><tr><td><b>Lower limit</b></td><td>not given</td></tr><tr><td><b>Valid</b></td><td>2020-12-31 to 2027-04-21, any day</td></tr></table><p>Authority: <a href="https://www.droneinfo.fi/fi/uas-ilmatilavyohykkeet">Traficom</a></p>]]></description><Polygon><tessellate>1</tessellate><outerBoundaryIs><LinearRing><coordinates>29.409444,64.133056,0 29.490278,64.107778,0 29.466389,64.093056,0 29.385556,64.118611,0 29.409444,64.133056,0</coordinates></LinearRing></outerBoundaryIs></Polygon></Placemark>
<Placemark><name>EFKIUASA UAS-ilmatilavyöhyke A Kajaani</name><styleUrl>#REQ_AUTHORISATION</styleUrl><description><![CDATA[<table><tr><td><b>Identifier</b></td><td>EFKIUASA</td></tr><tr><td><b>Restriction</b></td><td>Authorisation required</td></tr><tr><td><b>Reason</b></td><td>Air traffic</td></tr><tr><td><b>Upper limit</b></td><td>50 m AGL</td></tr><tr><td><b>Lower limit</b></td><td>not given</td></tr><tr><td><b>Valid</b></td><td>2020-12-31 to 2027-04-21, any day</td></tr></table><p>Authority: <a href="https://www.droneinfo.fi/fi/uas-ilmatilavyohykkeet">Traficom</a></p>]]></description><Polygon><tessellate>1</tessellate><outerBoundaryIs><LinearRing><coordinates>27.734167,64.298056,0 27.741667,64.280556,0 27.650556,64.273056,0 27.643056,64.290556,0 27.734167,64.298056,0</coordinates></LinearRing></outerBoundaryIs></Polygon></Placemark>
<Placemark><name>EFKIUASB UAS-ilmatilavyöhyke B Kajaani</name><styleUrl>#REQ_AUTHORISATION</styleUrl><description><![CDATA[<table><tr><td><b>Identifier</b></td><td>EFKIUASB</td></tr><tr><td><b>Restriction</b></td><td>Authorisation required</td></tr><tr><td><b>Reason</b></td><td>Air traffic</td></tr><tr><td><b>Upper limit</b></td><td>50 m AGL</td></tr><tr><td><b>Lower limit</b></td><td>not given</td></tr><tr><td><b>Valid</b></td><td>2020-12-31 to 2027-04-21, any day</td></tr></table><p>Authority: <a href="https://www.droneinfo.fi/fi/uas-ilmatilavyohykkeet">Traficom</a></p>]]></description><Polygon><tessellate>1</tessellate><outerBoundaryIs><LinearRing><coordinates>27.767222,64.318889,0 27.789722,64.266111,0 27.617500,64.251944,0 27.595000,64.304722,0 27.767222,64.318889,0</coordinates></LinearRing></outerBoundaryIs></Polygon></Placemark>
<Placemark><name>EFKIUASC UAS-ilmatilavyöhyke C Kajaani</name><styleUrl>#REQ_AUTHORISATION</styleUrl><description><![CDATA[<table><tr><td><b>Identifier</b></td><td>EFKIUASC</td></tr><tr><td><b>Restriction</b></td><td>Authorisation required</td></tr><tr><td><b>Reason</b></td><td>Air traffic</td></tr><tr><td><b>Upper limit</b></td><td>120 m AGL</td></tr><tr><td><b>Lower limit</b></td><td>50 m AGL</td></tr><tr><td><b>Valid</b></td><td>2020-12-31 to 2027-04-21, any day</td></tr></table><p>Authority: <a href="https://www.droneinfo.fi/fi/uas-ilmatilavyohykkeet">Traficom</a></p>]]></description><Polygon><tessellate>1</tessellate><outerBoundaryIs><LinearRing><coordinates>27.820556,64.341667,0 27.858056,64.253611,0 27.564167,64.229444,0 27.526389,64.317500,0 27.820556,64.341667,0</coordinates></LinearRing></outerBoundaryIs></Polygon></Placemark>
<Placemark><name>EFKIUASD UAS-ilmatilavyöhyke D Kajaani</name><styleUrl>#REQ_AUTHORISATION</styleUrl><description><![CDATA[<table><tr><td><b>Identifier</b></td><td>EFKIUASD</td></tr><tr><td><b>Restriction</b></td><td>Authorisation required</td></tr><tr><td><b>Reason</b></td><td>Air traffic</td></tr><tr><td><b>Upper limit</b></td><td>not given</td></tr><tr><td><b>Lower limit</b></td><td>120 m AGL</td></tr><tr><td><b>Valid</b></td><td>2020-12-31 to 2027-04-21, any day</td></tr></table><p>Authority: <a href="https://www.droneinfo.fi/fi/uas-ilmatilavyohykkeet">Traficom</a></p>]]></description><Polygon><tessellate>1</tessellate><outerBoundaryIs><LinearRing><coordinates>28.089444,64.443056,0 28.189167,64.197778,0 27.299722,64.126944,0 27.192500,64.371667,0 28.089444,64.443056,0</coordinates></LinearRing></outerBoundaryIs></Polygon></Placemark>
<Placemark><name>EFKJUAS UAS-ilmatilavyöhyke Kauhajoki</name><styleUrl>#REQ_AUTHORISATION</styleUrl><description><![CDATA[<table><tr><td><b>Identifier</b></td><td>EFKJUAS</td></tr><tr><td><b>Restriction</b></td><td>Authorisation required</td></tr><tr><td><b>Reason</b></td><td>Air traffic</td></tr><tr><td><b>Upper limit</b></td><td>not given</td></tr><tr><td><b>Lower limit</b></td><td>not given</td></tr><tr><td><b>Valid</b></td><td>2020-12-31 to 2027-04-21, any day</td></tr></table><p>Authority: <a href="https://www.droneinfo.fi/fi/uas-ilmatilavyohykkeet">Traficom</a></p>]]></description><Polygon><tessellate>1</tessellate><outerBoundaryIs><LinearRing><coordinates>22.433889,62.478611,0 22.446111,62.461667,0 22.354722,62.447500,0 22.342500,62.464444,0 22.433889,62.478611,0</coordinates></LinearRing></outerBoundaryIs></Polygon></Placemark>
<Placemark><name>EFKKUASA UAS-ilmatilavyöhyke A Kokkola-Pietarsaari</name><styleUrl>#REQ_AUTHORISATION</styleUrl><description><![CDATA[<table><tr><td><b>Identifier</b></td><td>EFKKUASA</td></tr><tr><td><b>Restriction</b></td><td>Authorisation required</td></tr><tr><td><b>Reason</b></td><td>Air traffic</td></tr><tr><td><b>Upper limit</b></td><td>50 m AGL</td></tr><tr><td><b>Lower limit</b></td><td>not given</td></tr><tr><td><b>Valid</b></td><td>2020-12-31 to 2027-04-21, any day</td></tr></table><p>Authority: <a href="https://www.droneinfo.fi/fi/uas-ilmatilavyohykkeet">Traficom</a></p>]]></description><Polygon><tessellate>1</tessellate><outerBoundaryIs><LinearRing><coordinates>23.131389,63.740278,0 23.171111,63.736944,0 23.154167,63.697500,0 23.114444,63.700833,0 23.131389,63.740278,0</coordinates></LinearRing></outerBoundaryIs></Polygon></Placemark>
<Placemark><name>EFKKUASB UAS-ilmatilavyöhyke B Kokkola-Pietarsaari</name><styleUrl>#REQ_AUTHORISATION</styleUrl><description><![CDATA[<table><tr><td><b>Identifier</b></td><td>EFKKUASB</td></tr><tr><td><b>Restriction</b></td><td>Authorisation required</td></tr><tr><td><b>Reason</b></td><td>Air traffic</td></tr><tr><td><b>Upper limit</b></td><td>50 m AGL</td></tr><tr><td><b>Lower limit</b></td><td>not given</td></tr><tr><td><b>Valid</b></td><td>2020-12-31 to 2027-04-21, any day</td></tr></table><p>Authority: <a href="https://www.droneinfo.fi/fi/uas-ilmatilavyohykkeet">Traficom</a></p>]]></description><Polygon><tessellate>1</tessellate><outerBoundaryIs><LinearRing><coordinates>23.099167,63.761111,0 23.218611,63.751111,0 23.186389,63.676667,0 23.067222,63.686667,0 23.099167,63.761111,0</coordinates></LinearRing></outerBoundaryIs></Polygon></Placemark>
<Placemark><name>EFKKUASC UAS-ilmatilavyöhyke C Kokkola-Pietarsaari</name><styleUrl>#REQ_AUTHORISATION</styleUrl><description><![CDATA[<table><tr><td><b>Identifier</b></td><td>EFKKUASC</td></tr><tr><td><b>Restriction</b></td><td>Authorisation required</td></tr><tr><td><b>Reason</b></td><td>Air traffic</td></tr><tr><td><b>Upper limit</b></td><td>120 m AGL</td></tr><tr><td><b>Lower limit</b></td><td>50 m AGL</td></tr><tr><td><b>Valid</b></td><td>2020-12-31 to 2027-04-21, any day</td></tr></table><p>Authority: <a href="https://www.droneinfo.fi/fi/uas-ilmatilavyohykkeet">Traficom</a></p>]]></description><Polygon><tessellate>1</tessellate><outerBoundaryIs><LinearRing><coordinates>23.070556,63.790833,0 23.269722,63.774167,0 23.214722,63.646944,0 23.016389,63.663611,0 23.070556,63.790833,0</coordinates></LinearRing></outerBoundaryIs></Polygon></Placemark>
<Placemark><name>EFKKUASD UAS-ilmatilavyöhyke D Kokkola-Pietarsaari</name><styleUrl>#REQ_AUTHORISATION</styleUrl><description><![CDATA[<table><tr><td><b>Identifier</b></td><td>EFKKUASD</td></tr><tr><td><b>Restriction</b></td><td>Authorisation required</td></tr><tr><td><b>Reason</b></td><td>Air traffic</td></tr><tr><td><b>Upper limit</b></td><td>not given</td></tr><tr><td><b>Lower limit</b></td><td>120 m AGL</td></tr><tr><td><b>Valid</b></td><td>2020-12-31 to 2027-04-17, any day</td></tr></table><p>Authority: <a href="https://www.droneinfo.fi/fi/uas-ilmatilavyohykkeet">Traficom</a></p>]]></description><Polygon><tessellate>1</tessellate><outerBoundaryIs><LinearRing><coordinates>22.942222,63.922500,0 23.497500,63.876389,0 23.336667,63.504722,0 22.788056,63.550833,0 22.942222,63.922500,0</coordinates></LinearRing></outerBoundaryIs></Polygon></Placemark>
<Placemark><name>EFKMUAS UAS-ilmatilavyöhyke Kemijärvi</name><styleUrl>#REQ_AUTHORISATION</styleUrl><description><![CDATA[<table><tr><td><b>Identifier</b></td><td>EFKMUAS</td></tr><tr><td><b>Restriction</b></td><td>Authorisation required</td></tr><tr><td><b>Reason</b></td><td>Air traffic</td></tr><tr><td><b>Upper limit</b></td><td>not given</td></tr><tr><td><b>Lower limit</b></td><td>not given</td></tr><tr><td><b>Valid</b></td><td>2020-12-31 to 2027-04-21, any day</td></tr></table><p>Authority: <a href="https://www.droneinfo.fi/fi/uas-ilmatilavyohykkeet">Traficom</a></p>]]></description><Polygon><tessellate>1</tessellate><outerBoundaryIs><LinearRing><coordinates>27.172778,66.737778,0 27.185556,66.689722,0 27.140556,66.687778,0 27.127500,66.735833,0 27.172778,66.737778,0</coordinates></LinearRing></outerBoundaryIs></Polygon></Placemark>
<Placemark><name>EFKOUAS UAS-ilmatilavyöhyke Kalajoki</name><styleUrl>#REQ_AUTHORISATION</styleUrl><description><![CDATA[<table><tr><td><b>Identifier</b></td><td>EFKOUAS</td></tr><tr><td><b>Restriction</b></td><td>Authorisation required</td></tr><tr><td><b>Reason</b></td><td>Air traffic</td></tr><tr><td><b>Upper limit</b></td><td>not given</td></tr><tr><td><b>Lower limit</b></td><td>not given</td></tr><tr><td><b>Valid</b></td><td>2020-12-31 to 2027-04-21, any day</td></tr></table><p>Authority: <a href="https://www.droneinfo.fi/fi/uas-ilmatilavyohykkeet">Traficom</a></p>]]></description><Polygon><tessellate>1</tessellate><outerBoundaryIs><LinearRing><coordinates>23.854722,64.249167,0 23.879722,64.235000,0 23.795833,64.206944,0 23.770833,64.221111,0 23.854722,64.249167,0</coordinates></LinearRing></outerBoundaryIs></Polygon></Placemark>
<Placemark><name>EFKRUAS UAS-ilmatilavyöhyke Kärsämäki</name><styleUrl>#REQ_AUTHORISATION</styleUrl><description><![CDATA[<table><tr><td><b>Identifier</b></td><td>EFKRUAS</td></tr><tr><td><b>Restriction</b></td><td>Authorisation required</td></tr><tr><td><b>Reason</b></td><td>Air traffic</td></tr><tr><td><b>Upper limit</b></td><td>not given</td></tr><tr><td><b>Lower limit</b></td><td>not given</td></tr><tr><td><b>Valid</b></td><td>2020-12-31 to 2027-04-21, any day</td></tr></table><p>Authority: <a href="https://www.droneinfo.fi/fi/uas-ilmatilavyohykkeet">Traficom</a></p>]]></description><Polygon><tessellate>1</tessellate><outerBoundaryIs><LinearRing><coordinates>25.698333,64.000000,0 25.794722,63.996389,0 25.791111,63.978333,0 25.694722,63.981944,0 25.698333,64.000000,0</coordinates></LinearRing></outerBoundaryIs></Polygon></Placemark>
<Placemark><name>EFKSUASA UAS-ilmatilavyöhyke A Kuusamo</name><styleUrl>#REQ_AUTHORISATION</styleUrl><description><![CDATA[<table><tr><td><b>Identifier</b></td><td>EFKSUASA</td></tr><tr><td><b>Restriction</b></td><td>Authorisation required</td></tr><tr><td><b>Reason</b></td><td>Air traffic</td></tr><tr><td><b>Upper limit</b></td><td>50 m AGL</td></tr><tr><td><b>Lower limit</b></td><td>not given</td></tr><tr><td><b>Valid</b></td><td>2020-12-31 to 2027-04-21, any day</td></tr></table><p>Authority: <a href="https://www.droneinfo.fi/fi/uas-ilmatilavyohykkeet">Traficom</a></p>]]></description><Polygon><tessellate>1</tessellate><outerBoundaryIs><LinearRing><coordinates>29.218333,66.007500,0 29.290833,65.980556,0 29.261389,65.967222,0 29.188611,65.994167,0 29.218333,66.007500,0</coordinates></LinearRing></outerBoundaryIs></Polygon></Placemark>
<Placemark><name>EFKSUASB UAS-ilmatilavyöhyke B Kuusamo</name><styleUrl>#REQ_AUTHORISATION</styleUrl><description><![CDATA[<table><tr><td><b>Identifier</b></td><td>EFKSUASB</td></tr><tr><td><b>Restriction</b></td><td>Authorisation required</td></tr><tr><td><b>Reason</b></td><td>Air traffic</td></tr><tr><td><b>Upper limit</b></td><td>50 m AGL</td></tr><tr><td><b>Lower limit</b></td><td>not given</td></tr><tr><td><b>Valid</b></td><td>2020-12-31 to 2027-04-21, any day</td></tr></table><p>Authority: <a href="https://www.droneinfo.fi/fi/uas-ilmatilavyohykkeet">Traficom</a></p>]]></description><Polygon><tessellate>1</tessellate><outerBoundaryIs><LinearRing><coordinates>29.215278,66.032778,0 29.352778,65.981667,0 29.264444,65.941944,0 29.126389,65.993056,0 29.215278,66.032778,0</coordinates></LinearRing></outerBoundaryIs></Polygon></Placemark>
<Placemark><name>EFKSUASC UAS-ilmatilavyöhyke C Kuusamo</name><styleUrl>#REQ_AUTHORISATION</styleUrl><description><![CDATA[<table><tr><td><b>Identifier</b></td><td>EFKSUASC</td></tr><tr><td><b>Restriction</b></td><td>Authorisation required</td></tr><tr><td><b>Reason</b></td><td>Air traffic</td></tr><tr><td><b>Upper limit</b></td><td>120 m AGL</td></tr><tr><td><b>Lower limit</b></td><td>50 m AGL</td></tr><tr><td><b>Valid</b></td><td>2020-12-31 to 2027-04-21, any day</td></tr></table><p>Authority: <a href="https://www.droneinfo.fi/fi/uas-ilmatilavyohykkeet">Traficom</a></p>]]></description><Polygon><tessellate>1</tessellate><outerBoundaryIs><LinearRing><coordinates>29.196111,66.064167,0 29.431111,65.976944,0 29.283611,65.910278,0 29.047500,65.997778,0 29.196111,66.064167,0</coordinates></LinearRing></outerBoundaryIs></Polygon></Placemark>
<Placemark><name>EFKSUASD UAS-ilmatilavyöhyke D Kuusamo</name><styleUrl>#REQ_AUTHORISATION</styleUrl><description><![CDATA[<table><tr><td><b>Identifier</b></td><td>EFKSUASD</td></tr><tr><td><b>Restriction</b></td><td>Authorisation required</td></tr><tr><td><b>Reason</b></td><td>Air traffic</td></tr><tr><td><b>Upper limit</b></td><td>not given</td></tr><tr><td><b>Lower limit</b></td><td>120 m AGL</td></tr><tr><td><b>Valid</b></td><td>2020-12-31 to 2027-04-21, any day</td></tr></table><p>Authority: <a href="https://www.droneinfo.fi/fi/uas-ilmatilavyohykkeet">Traficom</a></p>]]></description><Polygon><tessellate>1</tessellate><outerBoundaryIs><LinearRing><coordinates>29.047500,66.225833,0 29.796667,65.948611,0 29.385556,65.765000,0 28.637222,66.040278,0 29.047500,66.225833,0</coordinates></LinearRing></outerBoundaryIs></Polygon></Placemark>
<Placemark><name>EFKTUASA UAS-ilmatilavyöhyke A Kittilä</name><styleUrl>#REQ_AUTHORISATION</styleUrl><description><![CDATA[<table><tr><td><b>Identifier</b></td><td>EFKTUASA</td></tr><tr><td><b>Restriction</b></td><td>Authorisation required</td></tr><tr><td><b>Reason</b></td><td>Air traffic</td></tr><tr><td><b>Upper limit</b></td><td>50 m AGL</td></tr><tr><td><b>Lower limit</b></td><td>not given</td></tr><tr><td><b>Valid</b></td><td>2020-12-31 to 2027-04-21, any day</td></tr></table><p>Authority: <a href="https://www.droneinfo.fi/fi/uas-ilmatilavyohykkeet">Traficom</a></p>]]></description><Polygon><tessellate>1</tessellate><outerBoundaryIs><LinearRing><coordinates>24.856944,67.722778,0 24.882500,67.683611,0 24.836667,67.679444,0 24.811111,67.718333,0 24.856944,67.722778,0</coordinates></LinearRing></outerBoundaryIs></Polygon></Placemark>
<Placemark><name>EFKTUASB UAS-ilmatilavyöhyke B Kittilä</name><styleUrl>#REQ_AUTHORISATION</styleUrl><description><![CDATA[<table><tr><td><b>Identifier</b></td><td>EFKTUASB</td></tr><tr><td><b>Restriction</b></td><td>Authorisation required</td></tr><tr><td><b>Reason</b></td><td>Air traffic</td></tr><tr><td><b>Upper limit</b></td><td>50 m AGL</td></tr><tr><td><b>Lower limit</b></td><td>not given</td></tr><tr><td><b>Valid</b></td><td>2020-12-31 to 2027-04-21, any day</td></tr></table><p>Authority: <a href="https://www.droneinfo.fi/fi/uas-ilmatilavyohykkeet">Traficom</a></p>]]></description><Polygon><tessellate>1</tessellate><outerBoundaryIs><LinearRing><coordinates>24.891389,67.744722,0 24.939722,67.670278,0 24.802222,67.657778,0 24.753889,67.731389,0 24.891389,67.744722,0</coordinates></LinearRing></outerBoundaryIs></Polygon></Placemark>
<Placemark><name>EFKTUASC UAS-ilmatilavyöhyke C Kittilä</name><styleUrl>#REQ_AUTHORISATION</styleUrl><description><![CDATA[<table><tr><td><b>Identifier</b></td><td>EFKTUASC</td></tr><tr><td><b>Restriction</b></td><td>Authorisation required</td></tr><tr><td><b>Reason</b></td><td>Air traffic</td></tr><tr><td><b>Upper limit</b></td><td>120 m AGL</td></tr><tr><td><b>Lower limit</b></td><td>50 m AGL</td></tr><tr><td><b>Valid</b></td><td>2020-12-31 to 2027-04-21, any day</td></tr></table><p>Authority: <a href="https://www.droneinfo.fi/fi/uas-ilmatilavyohykkeet">Traficom</a></p>]]></description><Polygon><tessellate>1</tessellate><outerBoundaryIs><LinearRing><coordinates>24.920278,67.775000,0 25.002500,67.648333,0 24.773611,67.627500,0 24.690833,67.752778,0 24.920278,67.775000,0</coordinates></LinearRing></outerBoundaryIs></Polygon></Placemark>
<Placemark><name>EFKTUASD UAS-ilmatilavyöhyke D Kittilä</name><styleUrl>#REQ_AUTHORISATION</styleUrl><description><![CDATA[<table><tr><td><b>Identifier</b></td><td>EFKTUASD</td></tr><tr><td><b>Restriction</b></td><td>Authorisation required</td></tr><tr><td><b>Reason</b></td><td>Air traffic</td></tr><tr><td><b>Upper limit</b></td><td>not given</td></tr><tr><td><b>Lower limit</b></td><td>120 m AGL</td></tr><tr><td><b>Valid</b></td><td>2020-12-31 to 2027-04-21, any day</td></tr></table><p>Authority: <a href="https://www.droneinfo.fi/fi/uas-ilmatilavyohykkeet">Traficom</a></p>]]></description><Polygon><tessellate>1</tessellate><outerBoundaryIs><LinearRing><coordinates>25.041389,67.940556,0 25.294444,67.526111,0 24.661389,67.469167,0 24.397778,67.882778,0 25.041389,67.940556,0</coordinates></LinearRing></outerBoundaryIs></Polygon></Placemark>
<Placemark><name>EFKUUASA UAS-ilmatilavyöhyke A Kuopio</name><styleUrl>#REQ_AUTHORISATION</styleUrl><description><![CDATA[<table><tr><td><b>Identifier</b></td><td>EFKUUASA</td></tr><tr><td><b>Restriction</b></td><td>Authorisation required</td></tr><tr><td><b>Reason</b></td><td>Air traffic</td></tr><tr><td><b>Upper limit</b></td><td>50 m AGL</td></tr><tr><td><b>Lower limit</b></td><td>not given</td></tr><tr><td><b>Valid</b></td><td>2020-12-31 to 2027-04-21, any day</td></tr></table><p>Authority: <a href="https://www.droneinfo.fi/fi/uas-ilmatilavyohykkeet">Traficom</a></p>]]></description><Polygon><tessellate>1</tessellate><outerBoundaryIs><LinearRing><coordinates>27.798333,63.030000,0 27.835278,62.990000,0 27.798889,62.983056,0 27.761944,63.022778,0 27.798333,63.030000,0</coordinates></LinearRing></outerBoundaryIs></Polygon></Placemark>
<Placemark><name>EFKUUASB UAS-ilmatilavyöhyke B Kuopio</name><styleUrl>#REQ_AUTHORISATION</styleUrl><description><![CDATA[<table><tr><td><b>Identifier</b></td><td>EFKUUASB</td></tr><tr><td><b>Restriction</b></td><td>Authorisation required</td></tr><tr><td><b>Reason</b></td><td>Air traffic</td></tr><tr><td><b>Upper limit</b></td><td>50 m AGL</td></tr><tr><td><b>Lower limit</b></td><td>not given</td></tr><tr><td><b>Valid</b></td><td>2020-12-31 to 2027-04-21, any day</td></tr></table><p>Authority: <a href="https://www.droneinfo.fi/fi/uas-ilmatilavyohykkeet">Traficom</a></p>]]></description><Polygon><tessellate>1</tessellate><outerBoundaryIs><LinearRing><coordinates>27.819167,63.053611,0 27.886944,62.980278,0 27.777778,62.959444,0 27.710278,63.032222,0 27.819167,63.053611,0</coordinates></LinearRing></outerBoundaryIs></Polygon></Placemark>
<Placemark><name>EFKUUASC UAS-ilmatilavyöhyke C Kuopio</name><styleUrl>#REQ_AUTHORISATION</styleUrl><description><![CDATA[<table><tr><td><b>Identifier</b></td><td>EFKUUASC</td></tr><tr><td><b>Restriction</b></td><td>Authorisation required</td></tr><tr><td><b>Reason</b></td><td>Air traffic</td></tr><tr><td><b>Upper limit</b></td><td>not given</td></tr><tr><td><b>Lower limit</b></td><td>50 m AGL</td></tr><tr><td><b>Valid</b></td><td>2020-12-31 to 2027-04-21, any day</td></tr></table><p>Authority: <a href="https://www.droneinfo.fi/fi/uas-ilmatilavyohykkeet">Traficom</a></p>]]></description><Polygon><tessellate>1</tessellate><outerBoundaryIs><LinearRing><coordinates>27.885278,63.234722,0 28.220556,62.868889,0 27.717778,62.772778,0 27.377222,63.137500,0 27.885278,63.234722,0</coordinates></LinearRing></outerBoundaryIs></Polygon></Placemark>
<Placemark><name>EFKVUAS UAS-ilmatilavyöhyke Kivijärvi</name><styleUrl>#REQ_AUTHORISATION</styleUrl><description><![CDATA[<table><tr><td><b>Identifier</b></td><td>EFKVUAS</td></tr><tr><td><b>Restriction</b></td><td>Authorisation required</td></tr><tr><td><b>Reason</b></td><td>Air traffic</td></tr><tr><td><b>Upper limit</b></td><td>not given</td></tr><tr><td><b>Lower limit</b></td><td>not given</td></tr><tr><td><b>Valid</b></td><td>2020-12-31 to 2027-04-21, any day</td></tr></table><p>Authority: <a href="https://www.droneinfo.fi/fi/uas-ilmatilavyohykkeet">Traficom</a></p>]]></description><Polygon><tessellate>1</tessellate><outerBoundaryIs><LinearRing><coordinates>25.098889,63.145278,0 25.176944,63.119444,0 25.153611,63.105000,0 25.075556,63.130833,0 25.098889,63.145278,0</coordinates></LinearRing></outerBoundaryIs></Polygon></Placemark>
<Placemark><name>EFKYUAS UAS-ilmatilavyöhyke Kymi</name><styleUrl>#REQ_AUTHORISATION</styleUrl><description><![CDATA[<table><tr><td><b>Identifier</b></td><td>EFKYUAS</td></tr><tr><td><b>Restriction</b></td><td>Authorisation required</td></tr><tr><td><b>Reason</b></td><td>Air traffic</td></tr><tr><td><b>Upper limit</b></td><td>not given</td></tr><tr><td><b>Lower limit</b></td><td>not given</td></tr><tr><td><b>Valid</b></td><td>2020-12-31 to 2027-04-21, any day</td></tr></table><p>Authority: <a href="https://www.droneinfo.fi/fi/uas-ilmatilavyohykkeet">Traficom</a></p>]]></description><Polygon><tessellate>1</tessellate><outerBoundaryIs><LinearRing><coordinates>26.899722,60.597778,0 26.923889,60.556111,0 26.888889,60.551111,0 26.864722,60.592778,0 26.899722,60.597778,0</coordinates></LinearRing></outerBoundaryIs></Polygon></Placemark>
<Placemark><name>EFLAUAS UAS-ilmatilavyöhyke Lahti-Vesivehmaa</name><styleUrl>#REQ_AUTHORISATION</styleUrl><description><![CDATA[<table><tr><td><b>Identifier</b></td><td>EFLAUAS</td></tr><tr><td><b>Restriction</b></td><td>Authorisation required</td></tr><tr><td><b>Reason</b></td><td>Air traffic</td></tr><tr><td><b>Upper limit</b></td><td>not given</td></tr><tr><td><b>Lower limit</b></td><td>not given</td></tr><tr><td><b>Valid</b></td><td>2020-12-31 to 2027-04-21, any day</td></tr></table><p>Authority: <a href="https://www.droneinfo.fi/fi/uas-ilmatilavyohykkeet">Traficom</a></p>]]></description><Polygon><tessellate>1</tessellate><outerBoundaryIs><LinearRing><coordinates>25.676111,61.168611,0 25.713333,61.166944,0 25.731389,61.161389,0 25.745556,61.144722,0 25.707222,61.137222,0 25.704444,61.124167,0 25.656667,61.126389,0 25.641944,61.143889,0 25.676111,61.168611,0</coordinates></LinearRing></outerBoundaryIs></Polygon></Placemark>
<Placemark><name>EFLLUAS UAS-ilmatilavyöhyke Lapinlahti</name><styleUrl>#REQ_AUTHORISATION</styleUrl><description><![CDATA[<table><tr><td><b>Identifier</b></td><td>EFLLUAS</td></tr><tr><td><b>Restriction</b></td><td>Authorisation required</td></tr><tr><td><b>Reason</b></td><td>Air traffic</td></tr><tr><td><b>Upper limit</b></td><td>not given</td></tr><tr><td><b>Lower limit</b></td><td>not given</td></tr><tr><td><b>Valid</b></td><td>2020-12-31 to 2027-04-21, any day</td></tr></table><p>Authority: <a href="https://www.droneinfo.fi/fi/uas-ilmatilavyohykkeet">Traficom</a></p>]]></description><Polygon><tessellate>1</tessellate><outerBoundaryIs><LinearRing><coordinates>27.491389,63.420833,0 27.523056,63.409722,0 27.469722,63.379167,0 27.438056,63.390278,0 27.491389,63.420833,0</coordinates></LinearRing></outerBoundaryIs></Polygon></Placemark>
<Placemark><name>EFLNUAS UAS-ilmatilavyöhyke Lieksa-Nurmes</name><styleUrl>#REQ_AUTHORISATION</styleUrl><description><![CDATA[<table><tr><td><b>Identifier</b></td><td>EFLNUAS</td></tr><tr><td><b>Restriction</b></td><td>Authorisation required</td></tr><tr><td><b>Reason</b></td><td>Air traffic</td></tr><tr><td><b>Upper limit</b></td><td>not given</td></tr><tr><td><b>Lower limit</b></td><td>not given</td></tr><tr><td><b>Valid</b></td><td>2020-12-31 to 2027-04-21, any day</td></tr></table><p>Authority: <a href="https://www.droneinfo.fi/fi/uas-ilmatilavyohykkeet">Traficom</a></p>]]></description><Polygon><tessellate>1</tessellate><outerBoundaryIs><LinearRing><coordinates>29.593056,63.529444,0 29.682222,63.510278,0 29.664444,63.494167,0 29.575556,63.513333,0 29.593056,63.529444,0</coordinates></LinearRing></outerBoundaryIs></Polygon></Placemark>
<Placemark><name>EFLPUASA UAS-ilmatilavyöhyke A Lappeenranta</name><styleUrl>#REQ_AUTHORISATION</styleUrl><description><![CDATA[<table><tr><td><b>Identifier</b></td><td>EFLPUASA</td></tr><tr><td><b>Restriction</b></td><td>Authorisation required</td></tr><tr><td><b>Reason</b></td><td>Air traffic</td></tr><tr><td><b>Upper limit</b></td><td>50 m AGL</td></tr><tr><td><b>Lower limit</b></td><td>not given</td></tr><tr><td><b>Valid</b></td><td>2020-12-31 to 2027-04-21, any day</td></tr></table><p>Authority: <a href="https://www.droneinfo.fi/fi/uas-ilmatilavyohykkeet">Traficom</a></p>]]></description><Polygon><tessellate>1</tessellate><outerBoundaryIs><LinearRing><coordinates>28.175278,61.060833,0 28.190000,61.044167,0 28.113333,61.028333,0 28.098889,61.044722,0 28.175278,61.060833,0</coordinates></LinearRing></outerBoundaryIs></Polygon></Placemark>
<Placemark><name>EFLPUASB UAS-ilmatilavyöhyke B Lappeenranta</name><styleUrl>#REQ_AUTHORISATION</styleUrl><description><![CDATA[<table><tr><td><b>Identifier</b></td><td>EFLPUASB</td></tr><tr><td><b>Restriction</b></td><td>Authorisation required</td></tr><tr><td><b>Reason</b></td><td>Air traffic</td></tr><tr><td><b>Upper limit</b></td><td>50 m AGL</td></tr><tr><td><b>Lower limit</b></td><td>not given</td></tr><tr><td><b>Valid</b></td><td>2020-12-31 to 2027-04-21, any day</td></tr></table><p>Authority: <a href="https://www.droneinfo.fi/fi/uas-ilmatilavyohykkeet">Traficom</a></p>]]></description><Polygon><tessellate>1</tessellate><outerBoundaryIs><LinearRing><coordinates>28.194722,61.084444,0 28.238611,61.034722,0 28.093889,61.004722,0 28.050278,61.054167,0 28.194722,61.084444,0</coordinates></LinearRing></outerBoundaryIs></Polygon></Placemark>
<Placemark><name>EFLPUASC UAS-ilmatilavyöhyke C Lappeenranta</name><styleUrl>#REQ_AUTHORISATION</styleUrl><description><![CDATA[<table><tr><td><b>Identifier</b></td><td>EFLPUASC</td></tr><tr><td><b>Restriction</b></td><td>Authorisation required</td></tr><tr><td><b>Reason</b></td><td>Air traffic</td></tr><tr><td><b>Upper limit</b></td><td>120 m AGL</td></tr><tr><td><b>Lower limit</b></td><td>50 m AGL</td></tr><tr><td><b>Valid</b></td><td>2020-12-31 to 2027-04-21, any day</td></tr></table><p>Authority: <a href="https://www.droneinfo.fi/fi/uas-ilmatilavyohykkeet">Traficom</a></p>]]></description><Polygon><tessellate>1</tessellate><outerBoundaryIs><LinearRing><coordinates>28.231111,61.111667,0 28.304167,61.028611,0 28.057500,60.977500,0 27.984722,61.060000,0 28.231111,61.111667,0</coordinates></LinearRing></outerBoundaryIs></Polygon></Placemark>
<Placemark><name>EFLPUASD UAS-ilmatilavyöhyke D Lappeenranta</name><styleUrl>#REQ_AUTHORISATION</styleUrl><description><![CDATA[<table><tr><td><b>Identifier</b></td><td>EFLPUASD</td></tr><tr><td><b>Restriction</b></td><td>Authorisation required</td></tr><tr><td><b>Reason</b></td><td>Air traffic</td></tr><tr><td><b>Upper limit</b></td><td>not given</td></tr><tr><td><b>Lower limit</b></td><td>120 m AGL</td></tr><tr><td><b>Valid</b></td><td>2020-12-31 to 2027-04-21, any day</td></tr></table><p>Authority: <a href="https://www.droneinfo.fi/fi/uas-ilmatilavyohykkeet">Traficom</a></p>]]></description><Polygon><tessellate>1</tessellate><outerBoundaryIs><LinearRing><coordinates>28.403611,61.233056,0 28.586944,61.023056,0 27.882778,60.876667,0 27.695556,61.085833,0 28.403611,61.233056,0</coordinates></LinearRing></outerBoundaryIs></Polygon></Placemark>
<Placemark><name>EFLRUAS UAS-ilmatilavyöhyke Lapin keskussairaala</name><styleUrl>#REQ_AUTHORISATION</styleUrl><description><![CDATA[<table><tr><td><b>Identifier</b></td><td>EFLRUAS</td></tr><tr><td><b>Restriction</b></td><td>Authorisation required</td></tr><tr><td><b>Reason</b></td><td>Air traffic</td></tr><tr><td><b>Upper limit</b></td><td>not given</td></tr><tr><td><b>Lower limit</b></td><td>not given</td></tr><tr><td><b>Valid</b></td><td>2020-12-31 to 2027-04-21, any day</td></tr></table><p>Authority: <a href="https://www.droneinfo.fi/fi/uas-ilmatilavyohykkeet">Traficom</a></p>]]></description><Polygon><tessellate>1</tessellate><outerBoundaryIs><LinearRing><coordinates>25.778333,66.497222,0 25.790000,66.494722,0 25.790278,66.489444,0 25.778889,66.486667,0 25.766944,66.489167,0 25.766667,66.494444,0 25.778333,66.497222,0</coordinates></LinearRing></outerBoundaryIs></Polygon></Placemark>
<Placemark><name>EFMAUASA UAS-ilmatilavyöhyke A Maarianhamina</name><styleUrl>#REQ_AUTHORISATION</styleUrl><description><![CDATA[<table><tr><td><b>Identifier</b></td><td>EFMAUASA</td></tr><tr><td><b>Restriction</b></td><td>Authorisation required</td></tr><tr><td><b>Reason</b></td><td>Air traffic</td></tr><tr><td><b>Upper limit</b></td><td>50 m AGL</td></tr><tr><td><b>Lower limit</b></td><td>not given</td></tr><tr><td><b>Valid</b></td><td>2020-12-31 to 2027-04-21, any day</td></tr></table><p>Authority: <a href="https://www.droneinfo.fi/fi/uas-ilmatilavyohykkeet">Traficom</a></p>]]></description><Polygon><tessellate>1</tessellate><outerBoundaryIs><LinearRing><coordinates>19.895556,60.141944,0 19.928611,60.134722,0 19.900833,60.102500,0 19.867778,60.109722,0 19.895556,60.141944,0</coordinates></LinearRing></outerBoundaryIs></Polygon></Placemark>
<Placemark><name>EFMAUASB UAS-ilmatilavyöhyke B Maarianhamina</name><styleUrl>#REQ_AUTHORISATION</styleUrl><description><![CDATA[<table><tr><td><b>Identifier</b></td><td>EFMAUASB</td></tr><tr><td><b>Restriction</b></td><td>Authorisation required</td></tr><tr><td><b>Reason</b></td><td>Air traffic</td></tr><tr><td><b>Upper limit</b></td><td>50 m AGL</td></tr><tr><td><b>Lower limit</b></td><td>not given</td></tr><tr><td><b>Valid</b></td><td>2020-12-31 to 2027-04-21, any day</td></tr></table><p>Authority: <a href="https://www.droneinfo.fi/fi/uas-ilmatilavyohykkeet">Traficom</a></p>]]></description><Polygon><tessellate>1</tessellate><outerBoundaryIs><LinearRing><coordinates>19.876667,60.165556,0 19.975833,60.143889,0 19.919444,60.078889,0 19.820556,60.100278,0 19.876667,60.165556,0</coordinates></LinearRing></outerBoundaryIs></Polygon></Placemark>
<Placemark><name>EFMAUASC UAS-ilmatilavyöhyke C Maarianhamina</name><styleUrl>#REQ_AUTHORISATION</styleUrl><description><![CDATA[<table><tr><td><b>Identifier</b></td><td>EFMAUASC</td></tr><tr><td><b>Restriction</b></td><td>Authorisation required</td></tr><tr><td><b>Reason</b></td><td>Air traffic</td></tr><tr><td><b>Upper limit</b></td><td>120 m AGL</td></tr><tr><td><b>Lower limit</b></td><td>50 m AGL</td></tr><tr><td><b>Valid</b></td><td>2020-12-31 to 2027-04-21, any day</td></tr></table><p>Authority: <a href="https://www.droneinfo.fi/fi/uas-ilmatilavyohykkeet">Traficom</a></p>]]></description><Polygon><tessellate>1</tessellate><outerBoundaryIs><LinearRing><coordinates>19.865000,60.197500,0 20.030278,60.161389,0 19.931111,60.046944,0 19.766389,60.082778,0 19.865000,60.197500,0</coordinates></LinearRing></outerBoundaryIs></Polygon></Placemark>
<Placemark><name>EFMAUASD UAS-ilmatilavyöhyke D Maarianhamina</name><styleUrl>#REQ_AUTHORISATION</styleUrl><description><![CDATA[<table><tr><td><b>Identifier</b></td><td>EFMAUASD</td></tr><tr><td><b>Restriction</b></td><td>Authorisation required</td></tr><tr><td><b>Reason</b></td><td>Air traffic</td></tr><tr><td><b>Upper limit</b></td><td>not given</td></tr><tr><td><b>Lower limit</b></td><td>120 m AGL</td></tr><tr><td><b>Valid</b></td><td>2020-12-31 to 2027-04-21, any day</td></tr></table><p>Authority: <a href="https://www.droneinfo.fi/fi/uas-ilmatilavyohykkeet">Traficom</a></p>]]></description><Polygon><tessellate>1</tessellate><outerBoundaryIs><LinearRing><coordinates>19.815278,60.341111,0 20.275278,60.241667,0 19.987500,59.912500,0 19.531667,60.010556,0 19.815278,60.341111,0</coordinates></LinearRing></outerBoundaryIs></Polygon></Placemark>
<Placemark><name>EFMEUAS UAS-ilmatilavyöhyke Menkijärvi</name><styleUrl>#REQ_AUTHORISATION</styleUrl><description><![CDATA[<table><tr><td><b>Identifier</b></td><td>EFMEUAS</td></tr><tr><td><b>Restriction</b></td><td>Authorisation required</td></tr><tr><td><b>Reason</b></td><td>Air traffic</td></tr><tr><td><b>Upper limit</b></td><td>not given</td></tr><tr><td><b>Lower limit</b></td><td>not given</td></tr><tr><td><b>Valid</b></td><td>2020-12-31 to 2027-04-21, any day</td></tr></table><p>Authority: <a href="https://www.droneinfo.fi/fi/uas-ilmatilavyohykkeet">Traficom</a></p>]]></description><Polygon><tessellate>1</tessellate><outerBoundaryIs><LinearRing><coordinates>23.535833,62.967500,0 23.562500,62.954167,0 23.490833,62.923889,0 23.464167,62.937222,0 23.535833,62.967500,0</coordinates></LinearRing></outerBoundaryIs></Polygon></Placemark>
<Placemark><name>EFMHUAS UAS-ilmatilavyöhyke Ahvenanmaan keskussairaala</name><styleUrl>#REQ_AUTHORISATION</styleUrl><description><![CDATA[<table><tr><td><b>Identifier</b></td><td>EFMHUAS</td></tr><tr><td><b>Restriction</b></td><td>Authorisation required</td></tr><tr><td><b>Reason</b></td><td>Air traffic</td></tr><tr><td><b>Upper limit</b></td><td>not given</td></tr><tr><td><b>Lower limit</b></td><td>not given</td></tr><tr><td><b>Valid</b></td><td>2020-12-31 to 2027-04-21, any day</td></tr></table><p>Authority: <a href="https://www.droneinfo.fi/fi/uas-ilmatilavyohykkeet">Traficom</a></p>]]></description><Polygon><tessellate>1</tessellate><outerBoundaryIs><LinearRing><coordinates>19.931944,60.120000,0 19.941667,60.117778,0 19.942778,60.112500,0 19.934167,60.109444,0 19.924444,60.111667,0 19.923333,60.116944,0 19.931944,60.120000,0</coordinates></LinearRing></outerBoundaryIs></Polygon></Placemark>
<Placemark><name>EFMIUASA UAS-ilmatilavyöhyke A Mikkeli</name><styleUrl>#REQ_AUTHORISATION</styleUrl><description><![CDATA[<table><tr><td><b>Identifier</b></td><td>EFMIUASA</td></tr><tr><td><b>Restriction</b></td><td>Authorisation required</td></tr><tr><td><b>Reason</b></td><td>Air traffic</td></tr><tr><td><b>Upper limit</b></td><td>50 m AGL</td></tr><tr><td><b>Lower limit</b></td><td>not given</td></tr><tr><td><b>Valid</b></td><td>2020-12-31 to 2027-04-21, any day</td></tr></table><p>Authority: <a href="https://www.droneinfo.fi/fi/uas-ilmatilavyohykkeet">Traficom</a></p>]]></description><Polygon><tessellate>1</tessellate><outerBoundaryIs><LinearRing><coordinates>27.181111,61.700556,0 27.239444,61.688889,0 27.225000,61.672500,0 27.166389,61.683889,0 27.181111,61.700556,0</coordinates></LinearRing></outerBoundaryIs></Polygon></Placemark>
<Placemark><name>EFMIUASB UAS-ilmatilavyöhyke B Mikkeli</name><styleUrl>#REQ_AUTHORISATION</styleUrl><description><![CDATA[<table><tr><td><b>Identifier</b></td><td>EFMIUASB</td></tr><tr><td><b>Restriction</b></td><td>Authorisation required</td></tr><tr><td><b>Reason</b></td><td>Air traffic</td></tr><tr><td><b>Upper limit</b></td><td>50 m AGL</td></tr><tr><td><b>Lower limit</b></td><td>not given</td></tr><tr><td><b>Valid</b></td><td>2020-12-31 to 2027-04-21, any day</td></tr></table><p>Authority: <a href="https://www.droneinfo.fi/fi/uas-ilmatilavyohykkeet">Traficom</a></p>]]></description><Polygon><tessellate>1</tessellate><outerBoundaryIs><LinearRing><coordinates>27.160833,61.724167,0 27.288889,61.698333,0 27.245278,61.649167,0 27.116667,61.674167,0 27.160833,61.724167,0</coordinates></LinearRing></outerBoundaryIs></Polygon></Placemark>
<Placemark><name>EFMIUASC UAS-ilmatilavyöhyke C Mikkeli</name><styleUrl>#REQ_AUTHORISATION</styleUrl><description><![CDATA[<table><tr><td><b>Identifier</b></td><td>EFMIUASC</td></tr><tr><td><b>Restriction</b></td><td>Authorisation required</td></tr><tr><td><b>Reason</b></td><td>Air traffic</td></tr><tr><td><b>Upper limit</b></td><td>120 m AGL</td></tr><tr><td><b>Lower limit</b></td><td>50 m AGL</td></tr><tr><td><b>Valid</b></td><td>2020-12-31 to 2027-04-21, any day</td></tr></table><p>Authority: <a href="https://www.droneinfo.fi/fi/uas-ilmatilavyohykkeet">Traficom</a></p>]]></description><Polygon><tessellate>1</tessellate><outerBoundaryIs><LinearRing><coordinates>27.123056,61.751111,0 27.355833,61.704167,0 27.283056,61.622500,0 27.049722,61.667778,0 27.123056,61.751111,0</coordinates></LinearRing></outerBoundaryIs></Polygon></Placemark>
<Placemark><name>EFMIUASD UAS-ilmatilavyöhyke D Mikkeli</name><styleUrl>#REQ_AUTHORISATION</styleUrl><description><![CDATA[<table><tr><td><b>Identifier</b></td><td>EFMIUASD</td></tr><tr><td><b>Restriction</b></td><td>Authorisation required</td></tr><tr><td><b>Reason</b></td><td>Air traffic</td></tr><tr><td><b>Upper limit</b></td><td>not given</td></tr><tr><td><b>Lower limit</b></td><td>120 m AGL</td></tr><tr><td><b>Valid</b></td><td>2020-12-31 to 2027-04-21, any day</td></tr></table><p>Authority: <a href="https://www.droneinfo.fi/fi/uas-ilmatilavyohykkeet">Traficom</a></p>]]></description><Polygon><tessellate>1</tessellate><outerBoundaryIs><LinearRing><coordinates>26.963889,61.868056,0 27.671667,61.728056,0 27.467500,61.498611,0 26.765278,61.637500,0 26.963889,61.868056,0</coordinates></LinearRing></outerBoundaryIs></Polygon></Placemark>
<Placemark><name>EFMNUAS UAS-ilmatilavyöhyke Mäntsälä</name><styleUrl>#REQ_AUTHORISATION</styleUrl><description><![CDATA[<table><tr><td><b>Identifier</b></td><td>EFMNUAS</td></tr><tr><td><b>Restriction</b></td><td>Authorisation required</td></tr><tr><td><b>Reason</b></td><td>Air traffic</td></tr><tr><td><b>Upper limit</b></td><td>not given</td></tr><tr><td><b>Lower limit</b></td><td>not given</td></tr><tr><td><b>Valid</b></td><td>2020-12-31 to 2027-04-21, any day</td></tr></table><p>Authority: <a href="https://www.droneinfo.fi/fi/uas-ilmatilavyohykkeet">Traficom</a></p>]]></description><Polygon><tessellate>1</tessellate><outerBoundaryIs><LinearRing><coordinates>25.520833,60.592778,0 25.548333,60.580833,0 25.495833,60.551389,0 25.468333,60.563333,0 25.520833,60.592778,0</coordinates></LinearRing></outerBoundaryIs></Polygon></Placemark>
<Placemark><name>EFMSUAS UAS-ilmatilavyöhyke Mikkelin sairaalaparkki</name><styleUrl>#REQ_AUTHORISATION</styleUrl><description><![CDATA[<table><tr><td><b>Identifier</b></td><td>EFMSUAS</td></tr><tr><td><b>Restriction</b></td><td>Authorisation required</td></tr><tr><td><b>Reason</b></td><td>Air traffic</td></tr><tr><td><b>Upper limit</b></td><td>not given</td></tr><tr><td><b>Lower limit</b></td><td>not given</td></tr><tr><td><b>Valid</b></td><td>2020-12-31 to 2027-04-21, any day</td></tr></table><p>Authority: <a href="https://www.droneinfo.fi/fi/uas-ilmatilavyohykkeet">Traficom</a></p>]]></description><Polygon><tessellate>1</tessellate><outerBoundaryIs><LinearRing><coordinates>27.280556,61.697778,0 27.290278,61.695278,0 27.290278,61.689722,0 27.280556,61.687222,0 27.270833,61.689722,0 27.270833,61.695278,0 27.280556,61.697778,0</coordinates></LinearRing></outerBoundaryIs></Polygon></Placemark>
<Placemark><name>EFNSUAS UAS-ilmatilavyöhyke Savikko</name><styleUrl>#REQ_AUTHORISATION</styleUrl><description><![CDATA[<table><tr><td><b>Identifier</b></td><td>EFNSUAS</td></tr><tr><td><b>Restriction</b></td><td>Authorisation required</td></tr><tr><td><b>Reason</b></td><td>Air traffic</td></tr><tr><td><b>Upper limit</b></td><td>not given</td></tr><tr><td><b>Lower limit</b></td><td>not given</td></tr><tr><td><b>Valid</b></td><td>2020-12-31 to 2027-04-21, any day</td></tr></table><p>Authority: <a href="https://www.droneinfo.fi/fi/uas-ilmatilavyohykkeet">Traficom</a></p>]]></description><Polygon><tessellate>1</tessellate><outerBoundaryIs><LinearRing><coordinates>24.859722,60.537222,0 24.877222,60.521667,0 24.805833,60.502500,0 24.788333,60.518056,0 24.859722,60.537222,0</coordinates></LinearRing></outerBoundaryIs></Polygon></Placemark>
<Placemark><name>EFNUUAS UAS-ilmatilavyöhyke Nummela</name><styleUrl>#REQ_AUTHORISATION</styleUrl><description><![CDATA[<table><tr><td><b>Identifier</b></td><td>EFNUUAS</td></tr><tr><td><b>Restriction</b></td><td>Authorisation required</td></tr><tr><td><b>Reason</b></td><td>Air traffic</td></tr><tr><td><b>Upper limit</b></td><td>not given</td></tr><tr><td><b>Lower limit</b></td><td>not given</td></tr><tr><td><b>Valid</b></td><td>2020-12-31 to 2027-04-21, any day</td></tr></table><p>Authority: <a href="https://www.droneinfo.fi/fi/uas-ilmatilavyohykkeet">Traficom</a></p>]]></description><Polygon><tessellate>1</tessellate><outerBoundaryIs><LinearRing><coordinates>24.306667,60.354722,0 24.327222,60.346111,0 24.341944,60.346389,0 24.344167,60.328611,0 24.307222,60.327500,0 24.273333,60.307778,0 24.245833,60.319444,0 24.262778,60.329167,0 24.260833,60.343889,0 24.289722,60.344722,0 24.306667,60.354722,0</coordinates></LinearRing></outerBoundaryIs></Polygon></Placemark>
<Placemark><name>EFOPUAS UAS-ilmatilavyöhyke Oripää</name><styleUrl>#REQ_AUTHORISATION</styleUrl><description><![CDATA[<table><tr><td><b>Identifier</b></td><td>EFOPUAS</td></tr><tr><td><b>Restriction</b></td><td>Authorisation required</td></tr><tr><td><b>Reason</b></td><td>Air traffic</td></tr><tr><td><b>Upper limit</b></td><td>not given</td></tr><tr><td><b>Lower limit</b></td><td>not given</td></tr><tr><td><b>Valid</b></td><td>2020-12-31 to 2027-04-21, any day</td></tr></table><p>Authority: <a href="https://www.droneinfo.fi/fi/uas-ilmatilavyohykkeet">Traficom</a></p>]]></description><Polygon><tessellate>1</tessellate><outerBoundaryIs><LinearRing><coordinates>22.732778,60.897500,0 22.747500,60.887778,0 22.777222,60.894167,0 22.791944,60.877500,0 22.769444,60.872778,0 22.785278,60.861944,0 22.755556,60.851667,0 22.735278,60.865556,0 22.708889,60.859722,0 22.694167,60.876389,0 22.713056,60.880278,0 22.703056,60.887222,0 22.732778,60.897500,0</coordinates></LinearRing></outerBoundaryIs></Polygon></Placemark>
<Placemark><name>EFOUUASA UAS-ilmatilavyöhyke A Oulu</name><styleUrl>#REQ_AUTHORISATION</styleUrl><description><![CDATA[<table><tr><td><b>Identifier</b></td><td>EFOUUASA</td></tr><tr><td><b>Restriction</b></td><td>Authorisation required</td></tr><tr><td><b>Reason</b></td><td>Air traffic</td></tr><tr><td><b>Upper limit</b></td><td>50 m AGL</td></tr><tr><td><b>Lower limit</b></td><td>not given</td></tr><tr><td><b>Valid</b></td><td>2020-12-31 to 2027-04-21, any day</td></tr></table><p>Authority: <a href="https://www.droneinfo.fi/fi/uas-ilmatilavyohykkeet">Traficom</a></p>]]></description><Polygon><tessellate>1</tessellate><outerBoundaryIs><LinearRing><coordinates>25.324722,64.948333,0 25.406667,64.927222,0 25.384722,64.911944,0 25.303056,64.932778,0 25.324722,64.948333,0</coordinates></LinearRing></outerBoundaryIs></Polygon></Placemark>
<Placemark><name>EFOUUASB UAS-ilmatilavyöhyke B Oulu</name><styleUrl>#REQ_AUTHORISATION</styleUrl><description><![CDATA[<table><tr><td><b>Identifier</b></td><td>EFOUUASB</td></tr><tr><td><b>Restriction</b></td><td>Authorisation required</td></tr><tr><td><b>Reason</b></td><td>Air traffic</td></tr><tr><td><b>Upper limit</b></td><td>50 m AGL</td></tr><tr><td><b>Lower limit</b></td><td>not given</td></tr><tr><td><b>Valid</b></td><td>2020-12-31 to 2027-04-21, any day</td></tr></table><p>Authority: <a href="https://www.droneinfo.fi/fi/uas-ilmatilavyohykkeet">Traficom</a></p>]]></description><Polygon><tessellate>1</tessellate><outerBoundaryIs><LinearRing><coordinates>25.310000,64.973056,0 25.464722,64.933333,0 25.398889,64.887500,0 25.245278,64.926667,0 25.310000,64.973056,0</coordinates></LinearRing></outerBoundaryIs></Polygon></Placemark>
<Placemark><name>EFOUUASC UAS-ilmatilavyöhyke C Oulu</name><styleUrl>#REQ_AUTHORISATION</styleUrl><description><![CDATA[<table><tr><td><b>Identifier</b></td><td>EFOUUASC</td></tr><tr><td><b>Restriction</b></td><td>Authorisation required</td></tr><tr><td><b>Reason</b></td><td>Air traffic</td></tr><tr><td><b>Upper limit</b></td><td>not given</td></tr><tr><td><b>Lower limit</b></td><td>50 m AGL</td></tr><tr><td><b>Valid</b></td><td>2020-12-31 to 2027-04-21, any day</td></tr></table><p>Authority: <a href="https://www.droneinfo.fi/fi/uas-ilmatilavyohykkeet">Traficom</a></p>]]></description><Polygon><tessellate>1</tessellate><outerBoundaryIs><LinearRing><coordinates>25.113611,65.136111,0 25.381111,65.068611,0 25.380278,64.996111,0 25.481111,64.972778,0 25.469722,64.952778,0 25.540833,64.934444,0 25.600278,64.945000,0 25.648333,65.000278,0 25.746944,64.831111,0 25.593333,64.723333,0 24.812778,64.921944,0 25.113611,65.136111,0</coordinates></LinearRing></outerBoundaryIs></Polygon></Placemark>
<Placemark><name>EFOUUASD UAS-ilmatilavyöhyke D Oulu</name><styleUrl>#REQ_AUTHORISATION</styleUrl><description><![CDATA[<table><tr><td><b>Identifier</b></td><td>EFOUUASD</td></tr><tr><td><b>Restriction</b></td><td>Authorisation required</td></tr><tr><td><b>Reason</b></td><td>Air traffic</td></tr><tr><td><b>Upper limit</b></td><td>not given</td></tr><tr><td><b>Lower limit</b></td><td>120 m AGL</td></tr><tr><td><b>Valid</b></td><td>2020-12-31 to 2027-04-21, any day</td></tr></table><p>Authority: <a href="https://www.droneinfo.fi/fi/uas-ilmatilavyohykkeet">Traficom</a></p>]]></description><Polygon><tessellate>1</tessellate><outerBoundaryIs><LinearRing><coordinates>25.381111,65.068611,0 25.380278,64.996111,0 25.481111,64.972778,0 25.469722,64.952778,0 25.540833,64.934444,0 25.600278,64.945000,0 25.648333,65.000278,0 25.381111,65.068611,0</coordinates></LinearRing></outerBoundaryIs></Polygon></Placemark>
<Placemark><name>EFPAUAS UAS-ilmatilavyöhyke Pokka</name><styleUrl>#REQ_AUTHORISATION</styleUrl><description><![CDATA[<table><tr><td><b>Identifier</b></td><td>EFPAUAS</td></tr><tr><td><b>Restriction</b></td><td>Authorisation required</td></tr><tr><td><b>Reason</b></td><td>Air traffic</td></tr><tr><td><b>Upper limit</b></td><td>not given</td></tr><tr><td><b>Lower limit</b></td><td>not given</td></tr><tr><td><b>Valid</b></td><td>2020-12-31 to 2027-04-21, any day</td></tr></table><p>Authority: <a href="https://www.droneinfo.fi/fi/uas-ilmatilavyohykkeet">Traficom</a></p>]]></description><Polygon><tessellate>1</tessellate><outerBoundaryIs><LinearRing><coordinates>25.813056,68.172500,0 25.884167,68.138611,0 25.846111,68.127500,0 25.775278,68.161389,0 25.813056,68.172500,0</coordinates></LinearRing></outerBoundaryIs></Polygon></Placemark>
<Placemark><name>EFPEUAS UAS-ilmatilavyöhyke Peijaksen sairaala</name><styleUrl>#REQ_AUTHORISATION</styleUrl><description><![CDATA[<table><tr><td><b>Identifier</b></td><td>EFPEUAS</td></tr><tr><td><b>Restriction</b></td><td>Authorisation required</td></tr><tr><td><b>Reason</b></td><td>Air traffic</td></tr><tr><td><b>Upper limit</b></td><td>not given</td></tr><tr><td><b>Lower limit</b></td><td>not given</td></tr><tr><td><b>Valid</b></td><td>2020-12-31 to 2027-04-21, any day</td></tr></table><p>Authority: <a href="https://www.droneinfo.fi/fi/uas-ilmatilavyohykkeet">Traficom</a></p>]]></description><Polygon><tessellate>1</tessellate><outerBoundaryIs><LinearRing><coordinates>25.060556,60.336389,0 25.070000,60.333889,0 25.070278,60.328611,0 25.061111,60.325833,0 25.051667,60.328333,0 25.051389,60.333611,0 25.060556,60.336389,0</coordinates></LinearRing></outerBoundaryIs></Polygon></Placemark>
<Placemark><name>EFPIUAS UAS-ilmatilavyöhyke Piikajärvi</name><styleUrl>#REQ_AUTHORISATION</styleUrl><description><![CDATA[<table><tr><td><b>Identifier</b></td><td>EFPIUAS</td></tr><tr><td><b>Restriction</b></td><td>Authorisation required</td></tr><tr><td><b>Reason</b></td><td>Air traffic</td></tr><tr><td><b>Upper limit</b></td><td>not given</td></tr><tr><td><b>Lower limit</b></td><td>not given</td></tr><tr><td><b>Valid</b></td><td>2020-12-31 to 2027-04-21, any day</td></tr></table><p>Authority: <a href="https://www.droneinfo.fi/fi/uas-ilmatilavyohykkeet">Traficom</a></p>]]></description><Polygon><tessellate>1</tessellate><outerBoundaryIs><LinearRing><coordinates>22.205278,61.269444,0 22.210556,61.250833,0 22.241111,61.240833,0 22.220000,61.226111,0 22.217778,61.226944,0 22.218333,61.224722,0 22.181389,61.222222,0 22.176111,61.240556,0 22.143056,61.251389,0 22.164167,61.266111,0 22.168889,61.264444,0 22.168333,61.266944,0 22.205278,61.269444,0</coordinates></LinearRing></outerBoundaryIs></Polygon></Placemark>
<Placemark><name>EFPJUAS UAS-ilmatilavyöhyke Kuopion yliopistollinen sairaala</name><styleUrl>#REQ_AUTHORISATION</styleUrl><description><![CDATA[<table><tr><td><b>Identifier</b></td><td>EFPJUAS</td></tr><tr><td><b>Restriction</b></td><td>Authorisation required</td></tr><tr><td><b>Reason</b></td><td>Air traffic</td></tr><tr><td><b>Upper limit</b></td><td>not given</td></tr><tr><td><b>Lower limit</b></td><td>not given</td></tr><tr><td><b>Valid</b></td><td>2020-12-31 to 2027-04-21, any day</td></tr></table><p>Authority: <a href="https://www.droneinfo.fi/fi/uas-ilmatilavyohykkeet">Traficom</a></p>]]></description><Polygon><tessellate>1</tessellate><outerBoundaryIs><LinearRing><coordinates>27.648333,62.902778,0 27.658611,62.900278,0 27.658611,62.894722,0 27.648333,62.892222,0 27.638056,62.894722,0 27.638056,62.900278,0 27.648333,62.902778,0</coordinates></LinearRing></outerBoundaryIs></Polygon></Placemark>
<Placemark><name>EFPKUAS UAS-ilmatilavyöhyke Pieksämäki</name><styleUrl>#REQ_AUTHORISATION</styleUrl><description><![CDATA[<table><tr><td><b>Identifier</b></td><td>EFPKUAS</td></tr><tr><td><b>Restriction</b></td><td>Authorisation required</td></tr><tr><td><b>Reason</b></td><td>Air traffic</td></tr><tr><td><b>Upper limit</b></td><td>not given</td></tr><tr><td><b>Lower limit</b></td><td>not given</td></tr><tr><td><b>Valid</b></td><td>2020-12-31 to 2027-04-21, any day</td></tr></table><p>Authority: <a href="https://www.droneinfo.fi/fi/uas-ilmatilavyohykkeet">Traficom</a></p>]]></description><Polygon><tessellate>1</tessellate><outerBoundaryIs><LinearRing><coordinates>26.994444,62.288056,0 27.043889,62.250833,0 27.011111,62.241389,0 26.961667,62.278611,0 26.994444,62.288056,0</coordinates></LinearRing></outerBoundaryIs></Polygon></Placemark>
<Placemark><name>EFPLUAS UAS-ilmatilavyöhyke Päijät-Hämeen keskussairaala</name><styleUrl>#REQ_AUTHORISATION</styleUrl><description><![CDATA[<table><tr><td><b>Identifier</b></td><td>EFPLUAS</td></tr><tr><td><b>Restriction</b></td><td>Authorisation required</td></tr><tr><td><b>Reason</b></td><td>Air traffic</td></tr><tr><td><b>Upper limit</b></td><td>not given</td></tr><tr><td><b>Lower limit</b></td><td>not given</td></tr><tr><td><b>Valid</b></td><td>2020-12-31 to 2027-04-21, any day</td></tr></table><p>Authority: <a href="https://www.droneinfo.fi/fi/uas-ilmatilavyohykkeet">Traficom</a></p>]]></description><Polygon><tessellate>1</tessellate><outerBoundaryIs><LinearRing><coordinates>25.569722,60.998056,0 25.579444,60.995556,0 25.579722,60.990278,0 25.570278,60.987500,0 25.560556,60.990000,0 25.560278,60.995278,0 25.569722,60.998056,0</coordinates></LinearRing></outerBoundaryIs></Polygon></Placemark>
<Placemark><name>EFPNUAS UAS-ilmatilavyöhyke Punkaharju</name><styleUrl>#REQ_AUTHORISATION</styleUrl><description><![CDATA[<table><tr><td><b>Identifier</b></td><td>EFPNUAS</td></tr><tr><td><b>Restriction</b></td><td>Authorisation required</td></tr><tr><td><b>Reason</b></td><td>Air traffic</td></tr><tr><td><b>Upper limit</b></td><td>not given</td></tr><tr><td><b>Lower limit</b></td><td>not given</td></tr><tr><td><b>Valid</b></td><td>2020-12-31 to 2027-04-21, any day</td></tr></table><p>Authority: <a href="https://www.droneinfo.fi/fi/uas-ilmatilavyohykkeet">Traficom</a></p>]]></description><Polygon><tessellate>1</tessellate><outerBoundaryIs><LinearRing><coordinates>29.406944,61.748889,0 29.419722,61.708056,0 29.382500,61.705278,0 29.369444,61.746111,0 29.406944,61.748889,0</coordinates></LinearRing></outerBoundaryIs></Polygon></Placemark>
<Placemark><name>EFPOUASA UAS-ilmatilavyöhyke A Pori</name><styleUrl>#REQ_AUTHORISATION</styleUrl><description><![CDATA[<table><tr><td><b>Identifier</b></td><td>EFPOUASA</td></tr><tr><td><b>Restriction</b></td><td>Authorisation required</td></tr><tr><td><b>Reason</b></td><td>Air traffic</td></tr><tr><td><b>Upper limit</b></td><td>50 m AGL</td></tr><tr><td><b>Lower limit</b></td><td>not given</td></tr><tr><td><b>Valid</b></td><td>2020-12-31 to 2027-04-21, any day</td></tr></table><p>Authority: <a href="https://www.droneinfo.fi/fi/uas-ilmatilavyohykkeet">Traficom</a></p>]]></description><Polygon><tessellate>1</tessellate><outerBoundaryIs><LinearRing><coordinates>21.776944,61.480833,0 21.843056,61.457778,0 21.821111,61.443333,0 21.755000,61.466111,0 21.776944,61.480833,0</coordinates></LinearRing></outerBoundaryIs></Polygon></Placemark>
<Placemark><name>EFPOUASB UAS-ilmatilavyöhyke B Pori</name><styleUrl>#REQ_AUTHORISATION</styleUrl><description><![CDATA[<table><tr><td><b>Identifier</b></td><td>EFPOUASB</td></tr><tr><td><b>Restriction</b></td><td>Authorisation required</td></tr><tr><td><b>Reason</b></td><td>Air traffic</td></tr><tr><td><b>Upper limit</b></td><td>50 m AGL</td></tr><tr><td><b>Lower limit</b></td><td>not given</td></tr><tr><td><b>Valid</b></td><td>2020-12-31 to 2027-04-21, any day</td></tr></table><p>Authority: <a href="https://www.droneinfo.fi/fi/uas-ilmatilavyohykkeet">Traficom</a></p>]]></description><Polygon><tessellate>1</tessellate><outerBoundaryIs><LinearRing><coordinates>21.768333,61.506111,0 21.895556,61.461667,0 21.829444,61.418333,0 21.702778,61.461944,0 21.768333,61.506111,0</coordinates></LinearRing></outerBoundaryIs></Polygon></Placemark>
<Placemark><name>EFPOUASC UAS-ilmatilavyöhyke C Pori</name><styleUrl>#REQ_AUTHORISATION</styleUrl><description><![CDATA[<table><tr><td><b>Identifier</b></td><td>EFPOUASC</td></tr><tr><td><b>Restriction</b></td><td>Authorisation required</td></tr><tr><td><b>Reason</b></td><td>Air traffic</td></tr><tr><td><b>Upper limit</b></td><td>120 m AGL</td></tr><tr><td><b>Lower limit</b></td><td>50 m AGL</td></tr><tr><td><b>Valid</b></td><td>2020-12-31 to 2027-04-21, any day</td></tr></table><p>Authority: <a href="https://www.droneinfo.fi/fi/uas-ilmatilavyohykkeet">Traficom</a></p>]]></description><Polygon><tessellate>1</tessellate><outerBoundaryIs><LinearRing><coordinates>21.744444,61.536667,0 21.963056,61.460278,0 21.853056,61.388056,0 21.635278,61.463056,0 21.744444,61.536667,0</coordinates></LinearRing></outerBoundaryIs></Polygon></Placemark>
<Placemark><name>EFPOUASD UAS-ilmatilavyöhyke D Pori</name><styleUrl>#REQ_AUTHORISATION</styleUrl><description><![CDATA[<table><tr><td><b>Identifier</b></td><td>EFPOUASD</td></tr><tr><td><b>Restriction</b></td><td>Authorisation required</td></tr><tr><td><b>Reason</b></td><td>Air traffic</td></tr><tr><td><b>Upper limit</b></td><td>not given</td></tr><tr><td><b>Lower limit</b></td><td>120 m AGL</td></tr><tr><td><b>Valid</b></td><td>2020-12-31 to 2027-04-21, any day</td></tr></table><p>Authority: <a href="https://www.droneinfo.fi/fi/uas-ilmatilavyohykkeet">Traficom</a></p>]]></description><Polygon><tessellate>1</tessellate><outerBoundaryIs><LinearRing><coordinates>21.623889,61.675278,0 22.273889,61.450833,0 21.968333,61.249444,0 21.320556,61.472500,0 21.623889,61.675278,0</coordinates></LinearRing></outerBoundaryIs></Polygon></Placemark>
<Placemark><name>EFPRUAS UAS-ilmatilavyöhyke Redstone Aero</name><styleUrl>#REQ_AUTHORISATION</styleUrl><description><![CDATA[<table><tr><td><b>Identifier</b></td><td>EFPRUAS</td></tr><tr><td><b>Restriction</b></td><td>Authorisation required</td></tr><tr><td><b>Reason</b></td><td>Air traffic</td></tr><tr><td><b>Upper limit</b></td><td>not given</td></tr><tr><td><b>Lower limit</b></td><td>not given</td></tr><tr><td><b>Valid</b></td><td>2020-12-31 to 2027-04-21, any day</td></tr></table><p>Authority: <a href="https://www.droneinfo.fi/fi/uas-ilmatilavyohykkeet">Traficom</a></p>]]></description><Polygon><tessellate>1</tessellate><outerBoundaryIs><LinearRing><coordinates>26.596389,60.504167,0 26.626389,60.459722,0 26.591667,60.453889,0 26.561667,60.498333,0 26.596389,60.504167,0</coordinates></LinearRing></outerBoundaryIs></Polygon></Placemark>
<Placemark><name>EFPTUAS UAS-ilmatilavyöhyke Tampereen yliopistollinen keskussairaala</name><styleUrl>#REQ_AUTHORISATION</styleUrl><description><![CDATA[<table><tr><td><b>Identifier</b></td><td>EFPTUAS</td></tr><tr><td><b>Restriction</b></td><td>Authorisation required</td></tr><tr><td><b>Reason</b></td><td>Air traffic</td></tr><tr><td><b>Upper limit</b></td><td>not given</td></tr><tr><td><b>Lower limit</b></td><td>not given</td></tr><tr><td><b>Valid</b></td><td>2020-12-31 to 2027-04-21, any day</td></tr></table><p>Authority: <a href="https://www.droneinfo.fi/fi/uas-ilmatilavyohykkeet">Traficom</a></p>]]></description><Polygon><tessellate>1</tessellate><outerBoundaryIs><LinearRing><coordinates>23.813056,61.510000,0 23.823056,61.507500,0 23.823611,61.502222,0 23.814167,61.499444,0 23.804167,61.501667,0 23.803611,61.507222,0 23.813056,61.510000,0</coordinates></LinearRing></outerBoundaryIs></Polygon></Placemark>
<Placemark><name>EFPUUAS UAS-ilmatilavyöhyke Pudasjärvi</name><styleUrl>#REQ_AUTHORISATION</styleUrl><description><![CDATA[<table><tr><td><b>Identifier</b></td><td>EFPUUAS</td></tr><tr><td><b>Restriction</b></td><td>Authorisation required</td></tr><tr><td><b>Reason</b></td><td>Air traffic</td></tr><tr><td><b>Upper limit</b></td><td>not given</td></tr><tr><td><b>Lower limit</b></td><td>not given</td></tr><tr><td><b>Valid</b></td><td>2020-12-31 to 2027-04-21, any day</td></tr></table><p>Authority: <a href="https://www.droneinfo.fi/fi/uas-ilmatilavyohykkeet">Traficom</a></p>]]></description><Polygon><tessellate>1</tessellate><outerBoundaryIs><LinearRing><coordinates>26.888056,65.411944,0 27.017222,65.410278,0 27.015833,65.392500,0 26.886944,65.394167,0 26.888056,65.411944,0</coordinates></LinearRing></outerBoundaryIs></Polygon></Placemark>
<Placemark><name>EFPYUAS UAS-ilmatilavyöhyke Pyhäsalmi</name><styleUrl>#REQ_AUTHORISATION</styleUrl><description><![CDATA[<table><tr><td><b>Identifier</b></td><td>EFPYUAS</td></tr><tr><td><b>Restriction</b></td><td>Authorisation required</td></tr><tr><td><b>Reason</b></td><td>Air traffic</td></tr><tr><td><b>Upper limit</b></td><td>not given</td></tr><tr><td><b>Lower limit</b></td><td>not given</td></tr><tr><td><b>Valid</b></td><td>2020-12-31 to 2027-04-21, any day</td></tr></table><p>Authority: <a href="https://www.droneinfo.fi/fi/uas-ilmatilavyohykkeet">Traficom</a></p>]]></description><Polygon><tessellate>1</tessellate><outerBoundaryIs><LinearRing><coordinates>25.930278,63.753333,0 25.971111,63.712500,0 25.933889,63.705278,0 25.893056,63.746111,0 25.930278,63.753333,0</coordinates></LinearRing></outerBoundaryIs></Polygon></Placemark>
<Placemark><name>EFRAUAS UAS-ilmatilavyöhyke Rautavaara</name><styleUrl>#REQ_AUTHORISATION</styleUrl><description><![CDATA[<table><tr><td><b>Identifier</b></td><td>EFRAUAS</td></tr><tr><td><b>Restriction</b></td><td>Authorisation required</td></tr><tr><td><b>Reason</b></td><td>Air traffic</td></tr><tr><td><b>Upper limit</b></td><td>not given</td></tr><tr><td><b>Lower limit</b></td><td>not given</td></tr><tr><td><b>Valid</b></td><td>2020-12-31 to 2027-04-21, any day</td></tr></table><p>Authority: <a href="https://www.droneinfo.fi/fi/uas-ilmatilavyohykkeet">Traficom</a></p>]]></description><Polygon><tessellate>1</tessellate><outerBoundaryIs><LinearRing><coordinates>28.110556,63.450278,0 28.150278,63.448333,0 28.149444,63.444167,0 28.167500,63.433889,0 28.145278,63.426111,0 28.139722,63.401389,0 28.100000,63.403333,0 28.101667,63.410278,0 28.096944,63.408611,0 28.071944,63.422778,0 28.107222,63.435278,0 28.110556,63.450278,0</coordinates></LinearRing></outerBoundaryIs></Polygon></Placemark>
<Placemark><name>EFRHUAS UAS-ilmatilavyöhyke Raahe-Pattijoki</name><styleUrl>#REQ_AUTHORISATION</styleUrl><description><![CDATA[<table><tr><td><b>Identifier</b></td><td>EFRHUAS</td></tr><tr><td><b>Restriction</b></td><td>Authorisation required</td></tr><tr><td><b>Reason</b></td><td>Air traffic</td></tr><tr><td><b>Upper limit</b></td><td>not given</td></tr><tr><td><b>Lower limit</b></td><td>not given</td></tr><tr><td><b>Valid</b></td><td>2020-12-31 to 2027-04-21, any day</td></tr></table><p>Authority: <a href="https://www.droneinfo.fi/fi/uas-ilmatilavyohykkeet">Traficom</a></p>]]></description><Polygon><tessellate>1</tessellate><outerBoundaryIs><LinearRing><coordinates>24.650833,64.703333,0 24.751389,64.690833,0 24.739722,64.673611,0 24.639167,64.686111,0 24.650833,64.703333,0</coordinates></LinearRing></outerBoundaryIs></Polygon></Placemark>
<Placemark><name>EFRNUAS UAS-ilmatilavyöhyke Rantasalmi</name><styleUrl>#REQ_AUTHORISATION</styleUrl><description><![CDATA[<table><tr><td><b>Identifier</b></td><td>EFRNUAS</td></tr><tr><td><b>Restriction</b></td><td>Authorisation required</td></tr><tr><td><b>Reason</b></td><td>Air traffic</td></tr><tr><td><b>Upper limit</b></td><td>not given</td></tr><tr><td><b>Lower limit</b></td><td>not given</td></tr><tr><td><b>Valid</b></td><td>2020-12-31 to 2027-04-21, any day</td></tr></table><p>Authority: <a href="https://www.droneinfo.fi/fi/uas-ilmatilavyohykkeet">Traficom</a></p>]]></description><Polygon><tessellate>1</tessellate><outerBoundaryIs><LinearRing><coordinates>28.345556,62.086389,0 28.383056,62.083333,0 28.366667,62.042500,0 28.329167,62.045556,0 28.345556,62.086389,0</coordinates></LinearRing></outerBoundaryIs></Polygon></Placemark>
<Placemark><name>EFROUASA UAS-ilmatilavyöhyke A Rovaniemi</name><styleUrl>#REQ_AUTHORISATION</styleUrl><description><![CDATA[<table><tr><td><b>Identifier</b></td><td>EFROUASA</td></tr><tr><td><b>Restriction</b></td><td>Authorisation required</td></tr><tr><td><b>Reason</b></td><td>Air traffic</td></tr><tr><td><b>Upper limit</b></td><td>50 m AGL</td></tr><tr><td><b>Lower limit</b></td><td>not given</td></tr><tr><td><b>Valid</b></td><td>2020-12-31 to 2027-04-21, any day</td></tr></table><p>Authority: <a href="https://www.droneinfo.fi/fi/uas-ilmatilavyohykkeet">Traficom</a></p>]]></description><Polygon><tessellate>1</tessellate><outerBoundaryIs><LinearRing><coordinates>25.846667,66.588056,0 25.882500,66.577222,0 25.814444,66.541667,0 25.778333,66.552500,0 25.846667,66.588056,0</coordinates></LinearRing></outerBoundaryIs></Polygon></Placemark>
<Placemark><name>EFROUASB UAS-ilmatilavyöhyke B Rovaniemi</name><styleUrl>#REQ_AUTHORISATION</styleUrl><description><![CDATA[<table><tr><td><b>Identifier</b></td><td>EFROUASB</td></tr><tr><td><b>Restriction</b></td><td>Authorisation required</td></tr><tr><td><b>Reason</b></td><td>Air traffic</td></tr><tr><td><b>Upper limit</b></td><td>50 m AGL</td></tr><tr><td><b>Lower limit</b></td><td>not given</td></tr><tr><td><b>Valid</b></td><td>2020-12-31 to 2027-04-21, any day</td></tr></table><p>Authority: <a href="https://www.droneinfo.fi/fi/uas-ilmatilavyohykkeet">Traficom</a></p>]]></description><Polygon><tessellate>1</tessellate><outerBoundaryIs><LinearRing><coordinates>25.838056,66.613056,0 25.945833,66.580556,0 25.823056,66.516667,0 25.715000,66.548889,0 25.838056,66.613056,0</coordinates></LinearRing></outerBoundaryIs></Polygon></Placemark>
<Placemark><name>EFROUASC UAS-ilmatilavyöhyke C Rovaniemi</name><styleUrl>#REQ_AUTHORISATION</styleUrl><description><![CDATA[<table><tr><td><b>Identifier</b></td><td>EFROUASC</td></tr><tr><td><b>Restriction</b></td><td>Authorisation required</td></tr><tr><td><b>Reason</b></td><td>Air traffic</td></tr><tr><td><b>Upper limit</b></td><td>not given</td></tr><tr><td><b>Lower limit</b></td><td>50 m AGL</td></tr><tr><td><b>Valid</b></td><td>2020-12-31 to 2027-04-21, any day</td></tr></table><p>Authority: <a href="https://www.droneinfo.fi/fi/uas-ilmatilavyohykkeet">Traficom</a></p>]]></description><Polygon><tessellate>1</tessellate><outerBoundaryIs><LinearRing><coordinates>25.871667,66.792500,0 26.196667,66.694444,0 26.270278,66.588889,0 25.776111,66.330556,0 25.278889,66.489167,0 25.871667,66.792500,0</coordinates></LinearRing></outerBoundaryIs></Polygon></Placemark>
<Placemark><name>EFRUUAS UAS-ilmatilavyöhyke Ranua</name><styleUrl>#REQ_AUTHORISATION</styleUrl><description><![CDATA[<table><tr><td><b>Identifier</b></td><td>EFRUUAS</td></tr><tr><td><b>Restriction</b></td><td>Authorisation required</td></tr><tr><td><b>Reason</b></td><td>Air traffic</td></tr><tr><td><b>Upper limit</b></td><td>not given</td></tr><tr><td><b>Lower limit</b></td><td>not given</td></tr><tr><td><b>Valid</b></td><td>2020-12-31 to 2027-04-21, any day</td></tr></table><p>Authority: <a href="https://www.droneinfo.fi/fi/uas-ilmatilavyohykkeet">Traficom</a></p>]]></description><Polygon><tessellate>1</tessellate><outerBoundaryIs><LinearRing><coordinates>26.365278,65.996667,0 26.406667,65.952778,0 26.365556,65.946389,0 26.324167,65.990278,0 26.365278,65.996667,0</coordinates></LinearRing></outerBoundaryIs></Polygon></Placemark>
<Placemark><name>EFRVUAS UAS-ilmatilavyöhyke Kiuruvesi</name><styleUrl>#REQ_AUTHORISATION</styleUrl><description><![CDATA[<table><tr><td><b>Identifier</b></td><td>EFRVUAS</td></tr><tr><td><b>Restriction</b></td><td>Authorisation required</td></tr><tr><td><b>Reason</b></td><td>Air traffic</td></tr><tr><td><b>Upper limit</b></td><td>not given</td></tr><tr><td><b>Lower limit</b></td><td>not given</td></tr><tr><td><b>Valid</b></td><td>2020-12-31 to 2027-04-21, any day</td></tr></table><p>Authority: <a href="https://www.droneinfo.fi/fi/uas-ilmatilavyohykkeet">Traficom</a></p>]]></description><Polygon><tessellate>1</tessellate><outerBoundaryIs><LinearRing><coordinates>26.617222,63.726111,0 26.653889,63.689444,0 26.616667,63.682222,0 26.580000,63.718889,0 26.617222,63.726111,0</coordinates></LinearRing></outerBoundaryIs></Polygon></Placemark>
<Placemark><name>EFRYUAS UAS-ilmatilavyöhyke Räyskälä</name><styleUrl>#REQ_AUTHORISATION</styleUrl><description><![CDATA[<table><tr><td><b>Identifier</b></td><td>EFRYUAS</td></tr><tr><td><b>Restriction</b></td><td>Authorisation required</td></tr><tr><td><b>Reason</b></td><td>Air traffic</td></tr><tr><td><b>Upper limit</b></td><td>not given</td></tr><tr><td><b>Lower limit</b></td><td>not given</td></tr><tr><td><b>Valid</b></td><td>2020-12-31 to 2027-04-21, any day</td></tr></table><p>Authority: <a href="https://www.droneinfo.fi/fi/uas-ilmatilavyohykkeet">Traficom</a></p>]]></description><Polygon><tessellate>1</tessellate><outerBoundaryIs><LinearRing><coordinates>24.087778,60.766944,0 24.121667,60.753056,0 24.151944,60.754722,0 24.157222,60.736667,0 24.151944,60.736111,0 24.131944,60.724167,0 24.109722,60.733056,0 24.065833,60.730000,0 24.061389,60.749722,0 24.069167,60.750278,0 24.070278,60.750833,0 24.064167,60.753333,0 24.087778,60.766944,0</coordinates></LinearRing></outerBoundaryIs></Polygon></Placemark>
<Placemark><name>EFSAUASA UAS-ilmatilavyöhyke A Savonlinna</name><styleUrl>#REQ_AUTHORISATION</styleUrl><description><![CDATA[<table><tr><td><b>Identifier</b></td><td>EFSAUASA</td></tr><tr><td><b>Restriction</b></td><td>Authorisation required</td></tr><tr><td><b>Reason</b></td><td>Air traffic</td></tr><tr><td><b>Upper limit</b></td><td>50 m AGL</td></tr><tr><td><b>Lower limit</b></td><td>not given</td></tr><tr><td><b>Valid</b></td><td>2020-12-31 to 2027-04-21, any day</td></tr></table><p>Authority: <a href="https://www.droneinfo.fi/fi/uas-ilmatilavyohykkeet">Traficom</a></p>]]></description><Polygon><tessellate>1</tessellate><outerBoundaryIs><LinearRing><coordinates>28.923056,61.961667,0 28.989444,61.939167,0 28.967222,61.924444,0 28.900833,61.946944,0 28.923056,61.961667,0</coordinates></LinearRing></outerBoundaryIs></Polygon></Placemark>
<Placemark><name>EFSAUASB UAS-ilmatilavyöhyke B Savonlinna</name><styleUrl>#REQ_AUTHORISATION</styleUrl><description><![CDATA[<table><tr><td><b>Identifier</b></td><td>EFSAUASB</td></tr><tr><td><b>Restriction</b></td><td>Authorisation required</td></tr><tr><td><b>Reason</b></td><td>Air traffic</td></tr><tr><td><b>Upper limit</b></td><td>50 m AGL</td></tr><tr><td><b>Lower limit</b></td><td>not given</td></tr><tr><td><b>Valid</b></td><td>2020-12-31 to 2027-04-21, any day</td></tr></table><p>Authority: <a href="https://www.droneinfo.fi/fi/uas-ilmatilavyohykkeet">Traficom</a></p>]]></description><Polygon><tessellate>1</tessellate><outerBoundaryIs><LinearRing><coordinates>28.914167,61.986667,0 29.042500,61.943333,0 28.976111,61.899444,0 28.847778,61.942778,0 28.914167,61.986667,0</coordinates></LinearRing></outerBoundaryIs></Polygon></Placemark>
<Placemark><name>EFSAUASC UAS-ilmatilavyöhyke C Savonlinna</name><styleUrl>#REQ_AUTHORISATION</styleUrl><description><![CDATA[<table><tr><td><b>Identifier</b></td><td>EFSAUASC</td></tr><tr><td><b>Restriction</b></td><td>Authorisation required</td></tr><tr><td><b>Reason</b></td><td>Air traffic</td></tr><tr><td><b>Upper limit</b></td><td>120 m AGL</td></tr><tr><td><b>Lower limit</b></td><td>50 m AGL</td></tr><tr><td><b>Valid</b></td><td>2020-12-31 to 2027-04-21, any day</td></tr></table><p>Authority: <a href="https://www.droneinfo.fi/fi/uas-ilmatilavyohykkeet">Traficom</a></p>]]></description><Polygon><tessellate>1</tessellate><outerBoundaryIs><LinearRing><coordinates>28.889722,62.016944,0 29.111111,61.942222,0 29.000278,61.869167,0 28.779167,61.943889,0 28.889722,62.016944,0</coordinates></LinearRing></outerBoundaryIs></Polygon></Placemark>
<Placemark><name>EFSAUASD UAS-ilmatilavyöhyke D Savonlinna</name><styleUrl>#REQ_AUTHORISATION</styleUrl><description><![CDATA[<table><tr><td><b>Identifier</b></td><td>EFSAUASD</td></tr><tr><td><b>Restriction</b></td><td>Authorisation required</td></tr><tr><td><b>Reason</b></td><td>Air traffic</td></tr><tr><td><b>Upper limit</b></td><td>not given</td></tr><tr><td><b>Lower limit</b></td><td>120 m AGL</td></tr><tr><td><b>Valid</b></td><td>2020-12-31 to 2027-04-21, any day</td></tr></table><p>Authority: <a href="https://www.droneinfo.fi/fi/uas-ilmatilavyohykkeet">Traficom</a></p>]]></description><Polygon><tessellate>1</tessellate><outerBoundaryIs><LinearRing><coordinates>28.781111,62.151389,0 29.403611,61.940556,0 29.094444,61.738889,0 28.473056,61.948333,0 28.781111,62.151389,0</coordinates></LinearRing></outerBoundaryIs></Polygon></Placemark>
<Placemark><name>EFSEUAS UAS-ilmatilavyöhyke Selänpää</name><styleUrl>#REQ_AUTHORISATION</styleUrl><description><![CDATA[<table><tr><td><b>Identifier</b></td><td>EFSEUAS</td></tr><tr><td><b>Restriction</b></td><td>Authorisation required</td></tr><tr><td><b>Reason</b></td><td>Air traffic</td></tr><tr><td><b>Upper limit</b></td><td>not given</td></tr><tr><td><b>Lower limit</b></td><td>not given</td></tr><tr><td><b>Valid</b></td><td>2020-12-31 to 2027-04-21, any day</td></tr></table><p>Authority: <a href="https://www.droneinfo.fi/fi/uas-ilmatilavyohykkeet">Traficom</a></p>]]></description><Polygon><tessellate>1</tessellate><outerBoundaryIs><LinearRing><coordinates>26.814167,61.086944,0 26.841389,61.075000,0 26.821667,61.064444,0 26.844722,61.054167,0 26.819444,61.040833,0 26.796667,61.051389,0 26.775556,61.040278,0 26.748333,61.052222,0 26.769444,61.063333,0 26.751667,61.071389,0 26.776667,61.084722,0 26.794444,61.076667,0 26.814167,61.086944,0</coordinates></LinearRing></outerBoundaryIs></Polygon></Placemark>
<Placemark><name>EFSIUASA UAS-ilmatilavyöhyke A Seinäjoki</name><styleUrl>#REQ_AUTHORISATION</styleUrl><description><![CDATA[<table><tr><td><b>Identifier</b></td><td>EFSIUASA</td></tr><tr><td><b>Restriction</b></td><td>Authorisation required</td></tr><tr><td><b>Reason</b></td><td>Air traffic</td></tr><tr><td><b>Upper limit</b></td><td>50 m AGL</td></tr><tr><td><b>Lower limit</b></td><td>not given</td></tr><tr><td><b>Valid</b></td><td>2020-12-31 to 2027-04-21, any day</td></tr></table><p>Authority: <a href="https://www.droneinfo.fi/fi/uas-ilmatilavyohykkeet">Traficom</a></p>]]></description><Polygon><tessellate>1</tessellate><outerBoundaryIs><LinearRing><coordinates>22.822500,62.709722,0 22.876667,62.683889,0 22.848333,62.671389,0 22.794167,62.697222,0 22.822500,62.709722,0</coordinates></LinearRing></outerBoundaryIs></Polygon></Placemark>
<Placemark><name>EFSIUASB UAS-ilmatilavyöhyke B Seinäjoki</name><styleUrl>#REQ_AUTHORISATION</styleUrl><description><![CDATA[<table><tr><td><b>Identifier</b></td><td>EFSIUASB</td></tr><tr><td><b>Restriction</b></td><td>Authorisation required</td></tr><tr><td><b>Reason</b></td><td>Air traffic</td></tr><tr><td><b>Upper limit</b></td><td>50 m AGL</td></tr><tr><td><b>Lower limit</b></td><td>not given</td></tr><tr><td><b>Valid</b></td><td>2020-12-31 to 2027-04-21, any day</td></tr></table><p>Authority: <a href="https://www.droneinfo.fi/fi/uas-ilmatilavyohykkeet">Traficom</a></p>]]></description><Polygon><tessellate>1</tessellate><outerBoundaryIs><LinearRing><coordinates>22.823611,62.735000,0 22.931944,62.683333,0 22.847222,62.646111,0 22.738889,62.697778,0 22.823611,62.735000,0</coordinates></LinearRing></outerBoundaryIs></Polygon></Placemark>
<Placemark><name>EFSIUASC UAS-ilmatilavyöhyke C Seinäjoki</name><styleUrl>#REQ_AUTHORISATION</styleUrl><description><![CDATA[<table><tr><td><b>Identifier</b></td><td>EFSIUASC</td></tr><tr><td><b>Restriction</b></td><td>Authorisation required</td></tr><tr><td><b>Reason</b></td><td>Air traffic</td></tr><tr><td><b>Upper limit</b></td><td>120 m AGL</td></tr><tr><td><b>Lower limit</b></td><td>50 m AGL</td></tr><tr><td><b>Valid</b></td><td>2020-12-31 to 2027-04-21, any day</td></tr></table><p>Authority: <a href="https://www.droneinfo.fi/fi/uas-ilmatilavyohykkeet">Traficom</a></p>]]></description><Polygon><tessellate>1</tessellate><outerBoundaryIs><LinearRing><coordinates>22.811111,62.766944,0 23.000833,62.676389,0 22.859444,62.614167,0 22.669722,62.704722,0 22.811111,62.766944,0</coordinates></LinearRing></outerBoundaryIs></Polygon></Placemark>
<Placemark><name>EFSIUASD UAS-ilmatilavyöhyke D Seinäjoki</name><styleUrl>#REQ_AUTHORISATION</styleUrl><description><![CDATA[<table><tr><td><b>Identifier</b></td><td>EFSIUASD</td></tr><tr><td><b>Restriction</b></td><td>Authorisation required</td></tr><tr><td><b>Reason</b></td><td>Air traffic</td></tr><tr><td><b>Upper limit</b></td><td>not given</td></tr><tr><td><b>Lower limit</b></td><td>120 m AGL</td></tr><tr><td><b>Valid</b></td><td>2020-12-31 to 2027-04-21, any day</td></tr></table><p>Authority: <a href="https://www.droneinfo.fi/fi/uas-ilmatilavyohykkeet">Traficom</a></p>]]></description><Polygon><tessellate>1</tessellate><outerBoundaryIs><LinearRing><coordinates>22.754167,62.909167,0 23.299722,62.646944,0 22.908611,62.475278,0 22.362778,62.736111,0 22.754167,62.909167,0</coordinates></LinearRing></outerBoundaryIs></Polygon></Placemark>
<Placemark><name>EFSOUAS UAS-ilmatilavyöhyke Sodankylä</name><styleUrl>#REQ_AUTHORISATION</styleUrl><description><![CDATA[<table><tr><td><b>Identifier</b></td><td>EFSOUAS</td></tr><tr><td><b>Restriction</b></td><td>Authorisation required</td></tr><tr><td><b>Reason</b></td><td>Air traffic</td></tr><tr><td><b>Upper limit</b></td><td>not given</td></tr><tr><td><b>Lower limit</b></td><td>not given</td></tr><tr><td><b>Valid</b></td><td>2020-12-31 to 2027-04-21, any day</td></tr></table><p>Authority: <a href="https://www.droneinfo.fi/fi/uas-ilmatilavyohykkeet">Traficom</a></p>]]></description><Polygon><tessellate>1</tessellate><outerBoundaryIs><LinearRing><coordinates>26.625833,67.421111,0 26.657500,67.373056,0 26.612222,67.368611,0 26.580556,67.416667,0 26.625833,67.421111,0</coordinates></LinearRing></outerBoundaryIs></Polygon></Placemark>
<Placemark><name>EFSUUAS UAS-ilmatilavyöhyke Suomussalmi</name><styleUrl>#REQ_AUTHORISATION</styleUrl><description><![CDATA[<table><tr><td><b>Identifier</b></td><td>EFSUUAS</td></tr><tr><td><b>Restriction</b></td><td>Authorisation required</td></tr><tr><td><b>Reason</b></td><td>Air traffic</td></tr><tr><td><b>Upper limit</b></td><td>not given</td></tr><tr><td><b>Lower limit</b></td><td>not given</td></tr><tr><td><b>Valid</b></td><td>2020-12-31 to 2027-04-21, any day</td></tr></table><p>Authority: <a href="https://www.droneinfo.fi/fi/uas-ilmatilavyohykkeet">Traficom</a></p>]]></description><Polygon><tessellate>1</tessellate><outerBoundaryIs><LinearRing><coordinates>28.740833,64.840556,0 28.762222,64.825000,0 28.675278,64.803056,0 28.653889,64.818611,0 28.740833,64.840556,0</coordinates></LinearRing></outerBoundaryIs></Polygon></Placemark>
<Placemark><name>EFTOUAS UAS-ilmatilavyöhyke Torbacka</name><styleUrl>#REQ_AUTHORISATION</styleUrl><description><![CDATA[<table><tr><td><b>Identifier</b></td><td>EFTOUAS</td></tr><tr><td><b>Restriction</b></td><td>Authorisation required</td></tr><tr><td><b>Reason</b></td><td>Air traffic</td></tr><tr><td><b>Upper limit</b></td><td>not given</td></tr><tr><td><b>Lower limit</b></td><td>not given</td></tr><tr><td><b>Valid</b></td><td>2020-12-31 to 2027-04-21, any day</td></tr></table><p>Authority: <a href="https://www.droneinfo.fi/fi/uas-ilmatilavyohykkeet">Traficom</a></p>]]></description><Polygon><tessellate>1</tessellate><outerBoundaryIs><LinearRing><coordinates>24.132778,60.087778,0 24.210556,60.087778,0 24.210556,60.070000,0 24.132778,60.070000,0 24.132778,60.087778,0</coordinates></LinearRing></outerBoundaryIs></Polygon></Placemark>
<Placemark><name>EFTPUASA UAS-ilmatilavyöhyke A Tampere-Pirkkala</name><styleUrl>#REQ_AUTHORISATION</styleUrl><description><![CDATA[<table><tr><td><b>Identifier</b></td><td>EFTPUASA</td></tr><tr><td><b>Restriction</b></td><td>Authorisation required</td></tr><tr><td><b>Reason</b></td><td>Air traffic</td></tr><tr><td><b>Upper limit</b></td><td>50 m AGL</td></tr><tr><td><b>Lower limit</b></td><td>not given</td></tr><tr><td><b>Valid</b></td><td>2020-12-31 to 2027-04-21, any day</td></tr></table><p>Authority: <a href="https://www.droneinfo.fi/fi/uas-ilmatilavyohykkeet">Traficom</a></p>]]></description><Polygon><tessellate>1</tessellate><outerBoundaryIs><LinearRing><coordinates>23.635833,61.431111,0 23.651944,61.414722,0 23.572500,61.396944,0 23.556389,61.413056,0 23.635833,61.431111,0</coordinates></LinearRing></outerBoundaryIs></Polygon></Placemark>
<Placemark><name>EFTPUASB UAS-ilmatilavyöhyke B Tampere-Pirkkala</name><styleUrl>#REQ_AUTHORISATION</styleUrl><description><![CDATA[<table><tr><td><b>Identifier</b></td><td>EFTPUASB</td></tr><tr><td><b>Restriction</b></td><td>Authorisation required</td></tr><tr><td><b>Reason</b></td><td>Air traffic</td></tr><tr><td><b>Upper limit</b></td><td>50 m AGL</td></tr><tr><td><b>Lower limit</b></td><td>not given</td></tr><tr><td><b>Valid</b></td><td>2020-12-31 to 2027-04-21, any day</td></tr></table><p>Authority: <a href="https://www.droneinfo.fi/fi/uas-ilmatilavyohykkeet">Traficom</a></p>]]></description><Polygon><tessellate>1</tessellate><outerBoundaryIs><LinearRing><coordinates>23.653611,61.455000,0 23.701944,61.406111,0 23.554722,61.373056,0 23.506389,61.421389,0 23.653611,61.455000,0</coordinates></LinearRing></outerBoundaryIs></Polygon></Placemark>
<Placemark><name>EFTPUASC UAS-ilmatilavyöhyke C Tampere-Pirkkala</name><styleUrl>#REQ_AUTHORISATION</styleUrl><description><![CDATA[<table><tr><td><b>Identifier</b></td><td>EFTPUASC</td></tr><tr><td><b>Restriction</b></td><td>Authorisation required</td></tr><tr><td><b>Reason</b></td><td>Air traffic</td></tr><tr><td><b>Upper limit</b></td><td>not given</td></tr><tr><td><b>Lower limit</b></td><td>50 m AGL</td></tr><tr><td><b>Valid</b></td><td>2020-12-31 to 2027-04-21, any day</td></tr></table><p>Authority: <a href="https://www.droneinfo.fi/fi/uas-ilmatilavyohykkeet">Traficom</a></p>]]></description><Polygon><tessellate>1</tessellate><outerBoundaryIs><LinearRing><coordinates>23.857778,61.609722,0 24.080000,61.384167,0 23.351111,61.217500,0 23.124722,61.441667,0 23.857778,61.609722,0</coordinates></LinearRing></outerBoundaryIs></Polygon></Placemark>
<Placemark><name>EFTSUAS UAS-ilmatilavyöhyke Teisko</name><styleUrl>#REQ_AUTHORISATION</styleUrl><description><![CDATA[<table><tr><td><b>Identifier</b></td><td>EFTSUAS</td></tr><tr><td><b>Restriction</b></td><td>Authorisation required</td></tr><tr><td><b>Reason</b></td><td>Air traffic</td></tr><tr><td><b>Upper limit</b></td><td>not given</td></tr><tr><td><b>Lower limit</b></td><td>not given</td></tr><tr><td><b>Valid</b></td><td>2020-12-31 to 2027-04-21, any day</td></tr></table><p>Authority: <a href="https://www.droneinfo.fi/fi/uas-ilmatilavyohykkeet">Traficom</a></p>]]></description><Polygon><tessellate>1</tessellate><outerBoundaryIs><LinearRing><coordinates>24.054444,61.794444,0 24.077222,61.780000,0 23.999167,61.751944,0 23.976111,61.766389,0 24.054444,61.794444,0</coordinates></LinearRing></outerBoundaryIs></Polygon></Placemark>
<Placemark><name>EFTUUASA UAS-ilmatilavyöhyke A Turku</name><styleUrl>#REQ_AUTHORISATION</styleUrl><description><![CDATA[<table><tr><td><b>Identifier</b></td><td>EFTUUASA</td></tr><tr><td><b>Restriction</b></td><td>Authorisation required</td></tr><tr><td><b>Reason</b></td><td>Air traffic</td></tr><tr><td><b>Upper limit</b></td><td>50 m AGL</td></tr><tr><td><b>Lower limit</b></td><td>not given</td></tr><tr><td><b>Valid</b></td><td>2020-12-31 to 2027-04-21, any day</td></tr></table><p>Authority: <a href="https://www.droneinfo.fi/fi/uas-ilmatilavyohykkeet">Traficom</a></p>]]></description><Polygon><tessellate>1</tessellate><outerBoundaryIs><LinearRing><coordinates>22.301944,60.524722,0 22.305278,60.506944,0 22.223611,60.503333,0 22.220278,60.521111,0 22.301944,60.524722,0</coordinates></LinearRing></outerBoundaryIs></Polygon></Placemark>
<Placemark><name>EFTUUASB UAS-ilmatilavyöhyke B Turku</name><styleUrl>#REQ_AUTHORISATION</styleUrl><description><![CDATA[<table><tr><td><b>Identifier</b></td><td>EFTUUASB</td></tr><tr><td><b>Restriction</b></td><td>Authorisation required</td></tr><tr><td><b>Reason</b></td><td>Air traffic</td></tr><tr><td><b>Upper limit</b></td><td>50 m AGL</td></tr><tr><td><b>Lower limit</b></td><td>not given</td></tr><tr><td><b>Valid</b></td><td>2020-12-31 to 2027-04-21, any day</td></tr></table><p>Authority: <a href="https://www.droneinfo.fi/fi/uas-ilmatilavyohykkeet">Traficom</a></p>]]></description><Polygon><tessellate>1</tessellate><outerBoundaryIs><LinearRing><coordinates>22.335000,60.544167,0 22.344722,60.490556,0 22.190833,60.483889,0 22.180556,60.537500,0 22.335000,60.544167,0</coordinates></LinearRing></outerBoundaryIs></Polygon></Placemark>
<Placemark><name>EFTUUASC UAS-ilmatilavyöhyke C Turku</name><styleUrl>#REQ_AUTHORISATION</styleUrl><description><![CDATA[<table><tr><td><b>Identifier</b></td><td>EFTUUASC</td></tr><tr><td><b>Restriction</b></td><td>Authorisation required</td></tr><tr><td><b>Reason</b></td><td>Air traffic</td></tr><tr><td><b>Upper limit</b></td><td>120 m AGL</td></tr><tr><td><b>Lower limit</b></td><td>50 m AGL</td></tr><tr><td><b>Valid</b></td><td>2020-12-31 to 2027-04-21, any day</td></tr></table><p>Authority: <a href="https://www.droneinfo.fi/fi/uas-ilmatilavyohykkeet">Traficom</a></p>]]></description><Polygon><tessellate>1</tessellate><outerBoundaryIs><LinearRing><coordinates>22.386111,60.564444,0 22.402222,60.475000,0 22.140000,60.463611,0 22.122778,60.553056,0 22.386111,60.564444,0</coordinates></LinearRing></outerBoundaryIs></Polygon></Placemark>
<Placemark><name>EFTUUASD UAS-ilmatilavyöhyke D Turku</name><styleUrl>#REQ_AUTHORISATION</styleUrl><description><![CDATA[<table><tr><td><b>Identifier</b></td><td>EFTUUASD</td></tr><tr><td><b>Restriction</b></td><td>Authorisation required</td></tr><tr><td><b>Reason</b></td><td>Air traffic</td></tr><tr><td><b>Upper limit</b></td><td>not given</td></tr><tr><td><b>Lower limit</b></td><td>120 m AGL</td></tr><tr><td><b>Valid</b></td><td>2020-12-31 to 2027-04-21, any day</td></tr></table><p>Authority: <a href="https://www.droneinfo.fi/fi/uas-ilmatilavyohykkeet">Traficom</a></p>]]></description><Polygon><tessellate>1</tessellate><outerBoundaryIs><LinearRing><coordinates>22.653889,60.655833,0 22.695833,60.407222,0 21.895278,60.371944,0 21.846667,60.619722,0 22.653889,60.655833,0</coordinates></LinearRing></outerBoundaryIs></Polygon></Placemark>
<Placemark><name>EFTVUAS UAS-ilmatilavyöhyke Turun yliopistollinen keskussairaala</name><styleUrl>#REQ_AUTHORISATION</styleUrl><description><![CDATA[<table><tr><td><b>Identifier</b></td><td>EFTVUAS</td></tr><tr><td><b>Restriction</b></td><td>Authorisation required</td></tr><tr><td><b>Reason</b></td><td>Air traffic</td></tr><tr><td><b>Upper limit</b></td><td>not given</td></tr><tr><td><b>Lower limit</b></td><td>not given</td></tr><tr><td><b>Valid</b></td><td>2020-12-31 to 2027-04-21, any day</td></tr></table><p>Authority: <a href="https://www.droneinfo.fi/fi/uas-ilmatilavyohykkeet">Traficom</a></p>]]></description><Polygon><tessellate>1</tessellate><outerBoundaryIs><LinearRing><coordinates>22.295000,60.458333,0 22.304722,60.456111,0 22.305556,60.450833,0 22.296667,60.447778,0 22.286944,60.450000,0 22.286111,60.455278,0 22.295000,60.458333,0</coordinates></LinearRing></outerBoundaryIs></Polygon></Placemark>
<Placemark><name>EFUTUASA UAS-ilmatilavyöhyke A Utti</name><styleUrl>#REQ_AUTHORISATION</styleUrl><description><![CDATA[<table><tr><td><b>Identifier</b></td><td>EFUTUASA</td></tr><tr><td><b>Restriction</b></td><td>Authorisation required</td></tr><tr><td><b>Reason</b></td><td>Air traffic</td></tr><tr><td><b>Upper limit</b></td><td>not given</td></tr><tr><td><b>Lower limit</b></td><td>not given</td></tr><tr><td><b>Valid</b></td><td>2020-12-31 to 2027-04-21, any day</td></tr></table><p>Authority: <a href="https://www.droneinfo.fi/fi/uas-ilmatilavyohykkeet">Traficom</a></p>]]></description><Polygon><tessellate>1</tessellate><outerBoundaryIs><LinearRing><coordinates>26.999167,60.930278,0 27.021944,60.877500,0 26.877778,60.862500,0 26.854722,60.915278,0 26.999167,60.930278,0</coordinates></LinearRing></outerBoundaryIs></Polygon></Placemark>
<Placemark><name>EFUTUASB UAS-ilmatilavyöhyke B Utti</name><styleUrl>#REQ_AUTHORISATION</styleUrl><description><![CDATA[<table><tr><td><b>Identifier</b></td><td>EFUTUASB</td></tr><tr><td><b>Restriction</b></td><td>Authorisation required</td></tr><tr><td><b>Reason</b></td><td>Air traffic</td></tr><tr><td><b>Upper limit</b></td><td>not given</td></tr><tr><td><b>Lower limit</b></td><td>50 m AGL</td></tr><tr><td><b>Valid</b></td><td>2020-12-31 to 2027-04-21, any day</td></tr></table><p>Authority: <a href="https://www.droneinfo.fi/fi/uas-ilmatilavyohykkeet">Traficom</a></p>]]></description><Polygon><tessellate>1</tessellate><outerBoundaryIs><LinearRing><coordinates>26.810278,61.016389,0 26.854722,60.915278,0 26.877778,60.862500,0 26.860000,60.760833,0 26.608056,60.734444,0 26.497500,60.981111,0 26.810278,61.016389,0</coordinates></LinearRing></outerBoundaryIs></Polygon></Placemark>
<Placemark><name>EFUTUASC3 UAS-ilmatilavyöhyke C Utti la-su</name><styleUrl>#REQ_AUTHORISATION</styleUrl><description><![CDATA[<table><tr><td><b>Identifier</b></td><td>EFUTUASC3</td></tr><tr><td><b>Restriction</b></td><td>Authorisation required</td></tr><tr><td><b>Reason</b></td><td>Air traffic</td></tr><tr><td><b>Upper limit</b></td><td>not given</td></tr><tr><td><b>Lower limit</b></td><td>50 m AGL</td></tr><tr><td><b>Valid</b></td><td>2020-12-31 to 2027-04-21, Sat, Sun</td></tr></table><p>Authority: <a href="https://www.droneinfo.fi/fi/uas-ilmatilavyohykkeet">Traficom</a></p>]]></description><Polygon><tessellate>1</tessellate><outerBoundaryIs><LinearRing><coordinates>27.236111,61.063056,0 27.342500,60.810000,0 26.860000,60.760833,0 26.877778,60.862500,0 27.021944,60.877500,0 26.999167,60.930278,0 26.854722,60.915278,0 26.810278,61.016389,0 27.236111,61.063056,0</coordinates></LinearRing></outerBoundaryIs></Polygon></Placemark>
<Placemark><name>EFUTUASC3 UAS-ilmatilavyöhyke C utti ma-pe</name><styleUrl>#REQ_AUTHORISATION</styleUrl><description><![CDATA[<table><tr><td><b>Identifier</b></td><td>EFUTUASC3</td></tr><tr><td><b>Restriction</b></td><td>Authorisation required</td></tr><tr><td><b>Reason</b></td><td>Air traffic</td></tr><tr><td><b>Upper limit</b></td><td>not given</td></tr><tr><td><b>Lower limit</b></td><td>not given</td></tr><tr><td><b>Valid</b></td><td>2020-12-31 to 2027-04-21, Mon, Tue, Wed, Thu, Fri</td></tr></table><p>Authority: <a href="https://www.droneinfo.fi/fi/uas-ilmatilavyohykkeet">Traficom</a></p>]]></description><Polygon><tessellate>1</tessellate><outerBoundaryIs><LinearRing><coordinates>27.236111,61.063056,0 27.342500,60.810000,0 26.860000,60.760833,0 26.877778,60.862500,0 27.021944,60.877500,0 26.999167,60.930278,0 26.854722,60.915278,0 26.810278,61.016389,0 27.236111,61.063056,0</coordinates></LinearRing></outerBoundaryIs></Polygon></Placemark>
<Placemark><name>EFVAUASA UAS-ilmatilavyöhyke A Vaasa</name><styleUrl>#REQ_AUTHORISATION</styleUrl><description><![CDATA[<table><tr><td><b>Identifier</b></td><td>EFVAUASA</td></tr><tr><td><b>Restriction</b></td><td>Authorisation required</td></tr><tr><td><b>Reason</b></td><td>Air traffic</td></tr><tr><td><b>Upper limit</b></td><td>50 m AGL</td></tr><tr><td><b>Lower limit</b></td><td>not given</td></tr><tr><td><b>Valid</b></td><td>2020-12-31 to 2027-04-21, any day</td></tr></table><p>Authority: <a href="https://www.droneinfo.fi/fi/uas-ilmatilavyohykkeet">Traficom</a></p>]]></description><Polygon><tessellate>1</tessellate><outerBoundaryIs><LinearRing><coordinates>21.767778,63.073333,0 21.793611,63.034722,0 21.755833,63.029444,0 21.729722,63.068056,0 21.767778,63.073333,0</coordinates></LinearRing></outerBoundaryIs></Polygon></Placemark>
<Placemark><name>EFVAUASB UAS-ilmatilavyöhyke B Vaasa</name><styleUrl>#REQ_AUTHORISATION</styleUrl><description><![CDATA[<table><tr><td><b>Identifier</b></td><td>EFVAUASB</td></tr><tr><td><b>Restriction</b></td><td>Authorisation required</td></tr><tr><td><b>Reason</b></td><td>Air traffic</td></tr><tr><td><b>Upper limit</b></td><td>50 m AGL</td></tr><tr><td><b>Lower limit</b></td><td>not given</td></tr><tr><td><b>Valid</b></td><td>2020-12-31 to 2027-04-21, any day</td></tr></table><p>Authority: <a href="https://www.droneinfo.fi/fi/uas-ilmatilavyohykkeet">Traficom</a></p>]]></description><Polygon><tessellate>1</tessellate><outerBoundaryIs><LinearRing><coordinates>21.794167,63.095833,0 21.842778,63.022778,0 21.729722,63.006944,0 21.680278,63.080000,0 21.794167,63.095833,0</coordinates></LinearRing></outerBoundaryIs></Polygon></Placemark>
<Placemark><name>EFVAUASC UAS-ilmatilavyöhyke C Vaasa</name><styleUrl>#REQ_AUTHORISATION</styleUrl><description><![CDATA[<table><tr><td><b>Identifier</b></td><td>EFVAUASC</td></tr><tr><td><b>Restriction</b></td><td>Authorisation required</td></tr><tr><td><b>Reason</b></td><td>Air traffic</td></tr><tr><td><b>Upper limit</b></td><td>120 m AGL</td></tr><tr><td><b>Lower limit</b></td><td>50 m AGL</td></tr><tr><td><b>Valid</b></td><td>2020-12-31 to 2027-04-21, any day</td></tr></table><p>Authority: <a href="https://www.droneinfo.fi/fi/uas-ilmatilavyohykkeet">Traficom</a></p>]]></description><Polygon><tessellate>1</tessellate><outerBoundaryIs><LinearRing><coordinates>21.814722,63.126667,0 21.898056,63.002222,0 21.709167,62.976111,0 21.625000,63.100556,0 21.814722,63.126667,0</coordinates></LinearRing></outerBoundaryIs></Polygon></Placemark>
<Placemark><name>EFVAUASD UAS-ilmatilavyöhyke D Vaasa</name><styleUrl>#REQ_AUTHORISATION</styleUrl><description><![CDATA[<table><tr><td><b>Identifier</b></td><td>EFVAUASD</td></tr><tr><td><b>Restriction</b></td><td>Authorisation required</td></tr><tr><td><b>Reason</b></td><td>Air traffic</td></tr><tr><td><b>Upper limit</b></td><td>not given</td></tr><tr><td><b>Lower limit</b></td><td>120 m AGL</td></tr><tr><td><b>Valid</b></td><td>2020-12-31 to 2027-04-21, any day</td></tr></table><p>Authority: <a href="https://www.droneinfo.fi/fi/uas-ilmatilavyohykkeet">Traficom</a></p>]]></description><Polygon><tessellate>1</tessellate><outerBoundaryIs><LinearRing><coordinates>21.901111,63.273611,0 22.145833,62.901389,0 21.623889,62.829722,0 21.373056,63.201111,0 21.901111,63.273611,0</coordinates></LinearRing></outerBoundaryIs></Polygon></Placemark>
<Placemark><name>EFVIUAS UAS-ilmatilavyöhyke Viitasaari</name><styleUrl>#REQ_AUTHORISATION</styleUrl><description><![CDATA[<table><tr><td><b>Identifier</b></td><td>EFVIUAS</td></tr><tr><td><b>Restriction</b></td><td>Authorisation required</td></tr><tr><td><b>Reason</b></td><td>Air traffic</td></tr><tr><td><b>Upper limit</b></td><td>not given</td></tr><tr><td><b>Lower limit</b></td><td>not given</td></tr><tr><td><b>Valid</b></td><td>2020-12-31 to 2027-04-21, any day</td></tr></table><p>Authority: <a href="https://www.droneinfo.fi/fi/uas-ilmatilavyohykkeet">Traficom</a></p>]]></description><Polygon><tessellate>1</tessellate><outerBoundaryIs><LinearRing><coordinates>25.811111,63.144444,0 25.842778,63.108611,0 25.806111,63.101944,0 25.774167,63.137778,0 25.811111,63.144444,0</coordinates></LinearRing></outerBoundaryIs></Polygon></Placemark>
<Placemark><name>EFVLUAS UAS-ilmatilavyöhyke Vaala</name><styleUrl>#REQ_AUTHORISATION</styleUrl><description><![CDATA[<table><tr><td><b>Identifier</b></td><td>EFVLUAS</td></tr><tr><td><b>Restriction</b></td><td>Authorisation required</td></tr><tr><td><b>Reason</b></td><td>Air traffic</td></tr><tr><td><b>Upper limit</b></td><td>not given</td></tr><tr><td><b>Lower limit</b></td><td>not given</td></tr><tr><td><b>Valid</b></td><td>2020-12-31 to 2027-04-21, any day</td></tr></table><p>Authority: <a href="https://www.droneinfo.fi/fi/uas-ilmatilavyohykkeet">Traficom</a></p>]]></description><Polygon><tessellate>1</tessellate><outerBoundaryIs><LinearRing><coordinates>26.707222,64.510556,0 26.806944,64.510556,0 26.806944,64.492778,0 26.707222,64.492778,0 26.707222,64.510556,0</coordinates></LinearRing></outerBoundaryIs></Polygon></Placemark>
<Placemark><name>EFVPUAS UAS-ilmatilavyöhyke Vampula</name><styleUrl>#REQ_AUTHORISATION</styleUrl><description><![CDATA[<table><tr><td><b>Identifier</b></td><td>EFVPUAS</td></tr><tr><td><b>Restriction</b></td><td>Authorisation required</td></tr><tr><td><b>Reason</b></td><td>Air traffic</td></tr><tr><td><b>Upper limit</b></td><td>not given</td></tr><tr><td><b>Lower limit</b></td><td>not given</td></tr><tr><td><b>Valid</b></td><td>2020-12-31 to 2027-04-21, any day</td></tr></table><p>Authority: <a href="https://www.droneinfo.fi/fi/uas-ilmatilavyohykkeet">Traficom</a></p>]]></description><Polygon><tessellate>1</tessellate><outerBoundaryIs><LinearRing><coordinates>22.554167,61.055833,0 22.640833,61.040278,0 22.628056,61.023333,0 22.541389,61.038889,0 22.554167,61.055833,0</coordinates></LinearRing></outerBoundaryIs></Polygon></Placemark>
<Placemark><name>EFVTUAS UAS-ilmatilavyöhyke Sulkaharju</name><styleUrl>#REQ_AUTHORISATION</styleUrl><description><![CDATA[<table><tr><td><b>Identifier</b></td><td>EFVTUAS</td></tr><tr><td><b>Restriction</b></td><td>Authorisation required</td></tr><tr><td><b>Reason</b></td><td>Air traffic</td></tr><tr><td><b>Upper limit</b></td><td>not given</td></tr><tr><td><b>Lower limit</b></td><td>not given</td></tr><tr><td><b>Valid</b></td><td>2020-12-31 to 2027-04-21, any day</td></tr></table><p>Authority: <a href="https://www.droneinfo.fi/fi/uas-ilmatilavyohykkeet">Traficom</a></p>]]></description><Polygon><tessellate>1</tessellate><outerBoundaryIs><LinearRing><coordinates>24.068611,63.413056,0 24.081944,63.396111,0 23.992222,63.381944,0 23.978889,63.398889,0 24.068611,63.413056,0</coordinates></LinearRing></outerBoundaryIs></Polygon></Placemark>
<Placemark><name>EFWBUAS UAS-ilmatilavyöhyke Wredeby</name><styleUrl>#REQ_AUTHORISATION</styleUrl><description><![CDATA[<table><tr><td><b>Identifier</b></td><td>EFWBUAS</td></tr><tr><td><b>Restriction</b></td><td>Authorisation required</td></tr><tr><td><b>Reason</b></td><td>Air traffic</td></tr><tr><td><b>Upper limit</b></td><td>not given</td></tr><tr><td><b>Lower limit</b></td><td>not given</td></tr><tr><td><b>Valid</b></td><td>2020-12-31 to 2027-04-21, any day</td></tr></table><p>Authority: <a href="https://www.droneinfo.fi/fi/uas-ilmatilavyohykkeet">Traficom</a></p>]]></description><Polygon><tessellate>1</tessellate><outerBoundaryIs><LinearRing><coordinates>26.778889,60.679444,0 26.791667,60.662500,0 26.712778,60.648056,0 26.700000,60.665000,0 26.778889,60.679444,0</coordinates></LinearRing></outerBoundaryIs></Polygon></Placemark>
<Placemark><name>EFYLUAS UAS-ilmatilavyöhyke Ylivieska</name><styleUrl>#REQ_AUTHORISATION</styleUrl><description><![CDATA[<table><tr><td><b>Identifier</b></td><td>EFYLUAS</td></tr><tr><td><b>Restriction</b></td><td>Authorisation required</td></tr><tr><td><b>Reason</b></td><td>Air traffic</td></tr><tr><td><b>Upper limit</b></td><td>not given</td></tr><tr><td><b>Lower limit</b></td><td>not given</td></tr><tr><td><b>Valid</b></td><td>2020-12-31 to 2027-04-21, any day</td></tr></table><p>Authority: <a href="https://www.droneinfo.fi/fi/uas-ilmatilavyohykkeet">Traficom</a></p>]]></description><Polygon><tessellate>1</tessellate><outerBoundaryIs><LinearRing><coordinates>24.713889,64.080556,0 24.765833,64.036389,0 24.729444,64.028333,0 24.677500,64.072222,0 24.713889,64.080556,0</coordinates></LinearRing></outerBoundaryIs></Polygon></Placemark>
<Placemark><name>FIN260 Metsä Group Kemin tehtaast UAS</name><styleUrl>#REQ_AUTHORISATION</styleUrl><description><![CDATA[<table><tr><td><b>Identifier</b></td><td>FIN260</td></tr><tr><td><b>Restriction</b></td><td>Authorisation required</td></tr><tr><td><b>Reason</b></td><td>Sensitive</td></tr><tr><td><b>Upper limit</b></td><td>135 m AGL</td></tr><tr><td><b>Lower limit</b></td><td>not given</td></tr><tr><td><b>Valid</b></td><td>2021-07-23 to 2027-04-21, any day</td></tr></table><p>Authority: <a href="https://www.droneinfo.fi/fi/uas-ilmatilavyohykkeet">Traficom</a></p>]]></description><Polygon><tessellate>1</tessellate><outerBoundaryIs><LinearRing><coordinates>24.490556,65.741111,0 24.503056,65.741389,0 24.521389,65.737500,0 24.540556,65.740833,0 24.546944,65.746111,0 24.541944,65.748889,0 24.545000,65.753056,0 24.541944,65.754167,0 24.543611,65.757222,0 24.543056,65.760278,0 24.537778,65.761944,0 24.537778,65.762778,0 24.532778,65.768056,0 24.525833,65.768889,0 24.523611,65.768333,0 24.520833,65.768056,0 24.516667,65.764167,0 24.515000,65.763056,0 24.512500,65.762778,0 24.512222,65.761944,0 24.510556,65.761944,0 24.508611,65.761111,0 24.508056,65.758611,0 24.509167,65.756111,0 24.495000,65.748889,0 24.492778,65.748611,0 24.492222,65.746667,0 24.490556,65.741111,0</coordinates></LinearRing></outerBoundaryIs></Polygon></Placemark>
<Placemark><name>FIN261 Muonio East UAS</name><styleUrl>#REQ_AUTHORISATION</styleUrl><description><![CDATA[<table><tr><td><b>Identifier</b></td><td>FIN261</td></tr><tr><td><b>Restriction</b></td><td>Authorisation required</td></tr><tr><td><b>Reason</b></td><td>Sensitive</td></tr><tr><td><b>Upper limit</b></td><td>2000 ft AMSL</td></tr><tr><td><b>Lower limit</b></td><td>not given</td></tr><tr><td><b>Valid</b></td><td>2021-07-23 to 2027-04-17, any day</td></tr></table><p>Authority: <a href="https://www.droneinfo.fi/fi/uas-ilmatilavyohykkeet">Traficom</a></p>]]></description><Polygon><tessellate>1</tessellate><outerBoundaryIs><LinearRing><coordinates>23.893333,67.898889,0 23.930556,67.900000,0 23.932222,67.870833,0 23.895556,67.870278,0 23.893333,67.898889,0</coordinates></LinearRing></outerBoundaryIs></Polygon></Placemark>
<Placemark><name>FIN262 Muonio West UAS</name><styleUrl>#REQ_AUTHORISATION</styleUrl><description><![CDATA[<table><tr><td><b>Identifier</b></td><td>FIN262</td></tr><tr><td><b>Restriction</b></td><td>Authorisation required</td></tr><tr><td><b>Reason</b></td><td>Sensitive</td></tr><tr><td><b>Upper limit</b></td><td>2000 ft AMSL</td></tr><tr><td><b>Lower limit</b></td><td>not given</td></tr><tr><td><b>Valid</b></td><td>2021-07-23 to 2027-04-17, any day</td></tr></table><p>Authority: <a href="https://www.droneinfo.fi/fi/uas-ilmatilavyohykkeet">Traficom</a></p>]]></description><Polygon><tessellate>1</tessellate><outerBoundaryIs><LinearRing><coordinates>23.714722,67.892500,0 23.826111,67.874167,0 23.812500,67.856667,0 23.760000,67.839444,0 23.711389,67.839722,0 23.673889,67.878056,0 23.714722,67.892500,0</coordinates></LinearRing></outerBoundaryIs></Polygon></Placemark>
<Placemark><name>FIN263 Nuottasaari-Oritkari-Vihreäsaari satama UAS</name><styleUrl>#REQ_AUTHORISATION</styleUrl><description><![CDATA[<table><tr><td><b>Identifier</b></td><td>FIN263</td></tr><tr><td><b>Restriction</b></td><td>Authorisation required</td></tr><tr><td><b>Reason</b></td><td>Sensitive</td></tr><tr><td><b>Upper limit</b></td><td>120 m AGL</td></tr><tr><td><b>Lower limit</b></td><td>not given</td></tr><tr><td><b>Valid</b></td><td>2021-07-23 to 2027-04-17, any day</td></tr></table><p>Authority: <a href="https://www.droneinfo.fi/fi/uas-ilmatilavyohykkeet">Traficom</a></p>]]></description><Polygon><tessellate>1</tessellate><outerBoundaryIs><LinearRing><coordinates>25.396389,65.011944,0 25.396389,65.010278,0 25.395556,65.008056,0 25.390833,65.005833,0 25.382500,65.001944,0 25.380556,64.996667,0 25.406667,64.992778,0 25.416667,64.990278,0 25.420000,64.990556,0 25.421667,64.991667,0 25.423889,64.992778,0 25.435278,64.990278,0 25.440833,64.991667,0 25.445833,64.992778,0 25.440833,64.993889,0 25.437222,64.995000,0 25.438889,64.996667,0 25.444444,64.995556,0 25.446111,64.996667,0 25.450833,64.996667,0 25.439167,65.003056,0 25.446667,65.006667,0 25.444167,65.007222,0 25.443333,65.008333,0 25.436667,65.009167,0 25.423889,65.013056,0 25.396389,65.011944,0</coordinates></LinearRing></outerBoundaryIs></Polygon></Placemark>
<Placemark><name>FIN264 Haukiputaan poliisiasema UAS</name><styleUrl>#REQ_AUTHORISATION</styleUrl><description><![CDATA[<table><tr><td><b>Identifier</b></td><td>FIN264</td></tr><tr><td><b>Restriction</b></td><td>Authorisation required</td></tr><tr><td><b>Reason</b></td><td>Sensitive</td></tr><tr><td><b>Upper limit</b></td><td>200 m AGL</td></tr><tr><td><b>Lower limit</b></td><td>not given</td></tr><tr><td><b>Valid</b></td><td>2021-07-23 to 2027-04-21, any day</td></tr></table><p>Authority: <a href="https://www.droneinfo.fi/fi/uas-ilmatilavyohykkeet">Traficom</a></p>]]></description><Polygon><tessellate>1</tessellate><outerBoundaryIs><LinearRing><coordinates>25.361667,65.181944,0 25.362222,65.181667,0 25.362500,65.181389,0 25.360833,65.181111,0 25.360278,65.181111,0 25.361667,65.181944,0</coordinates></LinearRing></outerBoundaryIs></Polygon></Placemark>
<Placemark><name>FIN265 Kaartin toimipiste UAS</name><styleUrl>#REQ_AUTHORISATION</styleUrl><description><![CDATA[<table><tr><td><b>Identifier</b></td><td>FIN265</td></tr><tr><td><b>Restriction</b></td><td>Authorisation required</td></tr><tr><td><b>Reason</b></td><td>Sensitive</td></tr><tr><td><b>Upper limit</b></td><td>200 m AGL</td></tr><tr><td><b>Lower limit</b></td><td>not given</td></tr><tr><td><b>Valid</b></td><td>2021-07-23 to 2027-04-21, any day</td></tr></table><p>Authority: <a href="https://www.droneinfo.fi/fi/uas-ilmatilavyohykkeet">Traficom</a></p>]]></description><Polygon><tessellate>1</tessellate><outerBoundaryIs><LinearRing><coordinates>24.948056,60.164722,0 24.949722,60.164722,0 24.950000,60.163056,0 24.948056,60.163056,0 24.948056,60.164722,0</coordinates></LinearRing></outerBoundaryIs></Polygon></Placemark>
<Placemark><name>FIN266 Katajannokan toimipiste UAS</name><styleUrl>#REQ_AUTHORISATION</styleUrl><description><![CDATA[<table><tr><td><b>Identifier</b></td><td>FIN266</td></tr><tr><td><b>Restriction</b></td><td>Authorisation required</td></tr><tr><td><b>Reason</b></td><td>Sensitive</td></tr><tr><td><b>Upper limit</b></td><td>200 m AGL</td></tr><tr><td><b>Lower limit</b></td><td>not given</td></tr><tr><td><b>Valid</b></td><td>2021-07-23 to 2027-04-21, any day</td></tr></table><p>Authority: <a href="https://www.droneinfo.fi/fi/uas-ilmatilavyohykkeet">Traficom</a></p>]]></description><Polygon><tessellate>1</tessellate><outerBoundaryIs><LinearRing><coordinates>24.959167,60.168056,0 24.961389,60.167222,0 24.960833,60.166944,0 24.958889,60.167500,0 24.959167,60.168056,0</coordinates></LinearRing></outerBoundaryIs></Polygon></Placemark>
<Placemark><name>FIN267 Malmin Poliisiasema UAS</name><styleUrl>#REQ_AUTHORISATION</styleUrl><description><![CDATA[<table><tr><td><b>Identifier</b></td><td>FIN267</td></tr><tr><td><b>Restriction</b></td><td>Authorisation required</td></tr><tr><td><b>Reason</b></td><td>Sensitive</td></tr><tr><td><b>Upper limit</b></td><td>150 m AGL</td></tr><tr><td><b>Lower limit</b></td><td>not given</td></tr><tr><td><b>Valid</b></td><td>2021-07-23 to 2027-04-21, any day</td></tr></table><p>Authority: <a href="https://www.droneinfo.fi/fi/uas-ilmatilavyohykkeet">Traficom</a></p>]]></description><Polygon><tessellate>1</tessellate><outerBoundaryIs><LinearRing><coordinates>25.012500,60.252500,0 25.011389,60.253056,0 25.012222,60.253333,0 25.013056,60.253611,0 25.013611,60.253611,0 25.014167,60.253333,0 25.012500,60.252500,0</coordinates></LinearRing></outerBoundaryIs></Polygon></Placemark>
<Placemark><name>FIN268 Pasilan Poliisiasema UAS</name><styleUrl>#REQ_AUTHORISATION</styleUrl><description><![CDATA[<table><tr><td><b>Identifier</b></td><td>FIN268</td></tr><tr><td><b>Restriction</b></td><td>Authorisation required</td></tr><tr><td><b>Reason</b></td><td>Sensitive</td></tr><tr><td><b>Upper limit</b></td><td>150 m AGL</td></tr><tr><td><b>Lower limit</b></td><td>not given</td></tr><tr><td><b>Valid</b></td><td>2021-07-23 to 2027-04-21, any day</td></tr></table><p>Authority: <a href="https://www.droneinfo.fi/fi/uas-ilmatilavyohykkeet">Traficom</a></p>]]></description><Polygon><tessellate>1</tessellate><outerBoundaryIs><LinearRing><coordinates>24.925556,60.200278,0 24.925278,60.200833,0 24.925833,60.201389,0 24.925556,60.201667,0 24.924167,60.202222,0 24.924167,60.202500,0 24.925833,60.202778,0 24.926944,60.200278,0 24.925556,60.200278,0</coordinates></LinearRing></outerBoundaryIs></Polygon></Placemark>
<Placemark><name>FIN269 Punavuoren toimipiste UAS</name><styleUrl>#REQ_AUTHORISATION</styleUrl><description><![CDATA[<table><tr><td><b>Identifier</b></td><td>FIN269</td></tr><tr><td><b>Restriction</b></td><td>Authorisation required</td></tr><tr><td><b>Reason</b></td><td>Sensitive</td></tr><tr><td><b>Upper limit</b></td><td>200 m AGL</td></tr><tr><td><b>Lower limit</b></td><td>not given</td></tr><tr><td><b>Valid</b></td><td>2021-07-23 to 2027-04-21, any day</td></tr></table><p>Authority: <a href="https://www.droneinfo.fi/fi/uas-ilmatilavyohykkeet">Traficom</a></p>]]></description><Polygon><tessellate>1</tessellate><outerBoundaryIs><LinearRing><coordinates>24.941667,60.162222,0 24.942500,60.161667,0 24.941111,60.161389,0 24.940556,60.161944,0 24.941667,60.162222,0</coordinates></LinearRing></outerBoundaryIs></Polygon></Placemark>
<Placemark><name>FIN270 Suomenlinnan viranomaistukikohta UAS</name><styleUrl>#REQ_AUTHORISATION</styleUrl><description><![CDATA[<table><tr><td><b>Identifier</b></td><td>FIN270</td></tr><tr><td><b>Restriction</b></td><td>Authorisation required</td></tr><tr><td><b>Reason</b></td><td>Sensitive</td></tr><tr><td><b>Upper limit</b></td><td>150 m AGL</td></tr><tr><td><b>Lower limit</b></td><td>not given</td></tr><tr><td><b>Valid</b></td><td>2021-07-23 to 2027-04-21, any day</td></tr></table><p>Authority: <a href="https://www.droneinfo.fi/fi/uas-ilmatilavyohykkeet">Traficom</a></p>]]></description><Polygon><tessellate>1</tessellate><outerBoundaryIs><LinearRing><coordinates>24.982222,60.146944,0 24.981389,60.147222,0 24.981389,60.147778,0 24.981667,60.148056,0 24.981667,60.148056,0 24.983056,60.147500,0 24.982222,60.146944,0</coordinates></LinearRing></outerBoundaryIs></Polygon></Placemark>
<Placemark><name>FIN271 Hyvinkään poliisiasema UAS</name><styleUrl>#REQ_AUTHORISATION</styleUrl><description><![CDATA[<table><tr><td><b>Identifier</b></td><td>FIN271</td></tr><tr><td><b>Restriction</b></td><td>Authorisation required</td></tr><tr><td><b>Reason</b></td><td>Sensitive</td></tr><tr><td><b>Upper limit</b></td><td>150 m AGL</td></tr><tr><td><b>Lower limit</b></td><td>not given</td></tr><tr><td><b>Valid</b></td><td>2021-07-23 to 2027-04-21, any day</td></tr></table><p>Authority: <a href="https://www.droneinfo.fi/fi/uas-ilmatilavyohykkeet">Traficom</a></p>]]></description><Polygon><tessellate>1</tessellate><outerBoundaryIs><LinearRing><coordinates>24.850556,60.634722,0 24.851111,60.634444,0 24.851389,60.634722,0 24.852500,60.634444,0 24.850833,60.633611,0 24.849444,60.633889,0 24.849722,60.634167,0 24.850556,60.634722,0</coordinates></LinearRing></outerBoundaryIs></Polygon></Placemark>
<Placemark><name>FIN272 Hämeenlinnan poliisiasema UAS</name><styleUrl>#REQ_AUTHORISATION</styleUrl><description><![CDATA[<table><tr><td><b>Identifier</b></td><td>FIN272</td></tr><tr><td><b>Restriction</b></td><td>Authorisation required</td></tr><tr><td><b>Reason</b></td><td>Sensitive</td></tr><tr><td><b>Upper limit</b></td><td>200 m AGL</td></tr><tr><td><b>Lower limit</b></td><td>not given</td></tr><tr><td><b>Valid</b></td><td>2021-07-23 to 2027-04-21, any day</td></tr></table><p>Authority: <a href="https://www.droneinfo.fi/fi/uas-ilmatilavyohykkeet">Traficom</a></p>]]></description><Polygon><tessellate>1</tessellate><outerBoundaryIs><LinearRing><coordinates>24.436667,60.989167,0 24.436944,60.990556,0 24.438889,60.990833,0 24.439167,60.990833,0 24.439444,60.990278,0 24.439167,60.988889,0 24.436667,60.989167,0</coordinates></LinearRing></outerBoundaryIs></Polygon></Placemark>
<Placemark><name>FIN273 Iisalmen poliisiasema UAS</name><styleUrl>#REQ_AUTHORISATION</styleUrl><description><![CDATA[<table><tr><td><b>Identifier</b></td><td>FIN273</td></tr><tr><td><b>Restriction</b></td><td>Authorisation required</td></tr><tr><td><b>Reason</b></td><td>Sensitive</td></tr><tr><td><b>Upper limit</b></td><td>200 m AGL</td></tr><tr><td><b>Lower limit</b></td><td>not given</td></tr><tr><td><b>Valid</b></td><td>2021-07-23 to 2027-04-21, any day</td></tr></table><p>Authority: <a href="https://www.droneinfo.fi/fi/uas-ilmatilavyohykkeet">Traficom</a></p>]]></description><Polygon><tessellate>1</tessellate><outerBoundaryIs><LinearRing><coordinates>27.198333,63.554167,0 27.200833,63.553611,0 27.201389,63.552778,0 27.198611,63.552500,0 27.197222,63.553056,0 27.198333,63.554167,0</coordinates></LinearRing></outerBoundaryIs></Polygon></Placemark>
<Placemark><name>FIN274 Joensuun poliisiasema UAS</name><styleUrl>#REQ_AUTHORISATION</styleUrl><description><![CDATA[<table><tr><td><b>Identifier</b></td><td>FIN274</td></tr><tr><td><b>Restriction</b></td><td>Authorisation required</td></tr><tr><td><b>Reason</b></td><td>Sensitive</td></tr><tr><td><b>Upper limit</b></td><td>200 m AGL</td></tr><tr><td><b>Lower limit</b></td><td>not given</td></tr><tr><td><b>Valid</b></td><td>2021-07-23 to 2027-04-21, any day</td></tr></table><p>Authority: <a href="https://www.droneinfo.fi/fi/uas-ilmatilavyohykkeet">Traficom</a></p>]]></description><Polygon><tessellate>1</tessellate><outerBoundaryIs><LinearRing><coordinates>29.786111,62.604444,0 29.791111,62.604444,0 29.791111,62.603056,0 29.786111,62.603056,0 29.786111,62.604444,0</coordinates></LinearRing></outerBoundaryIs></Polygon></Placemark>
<Placemark><name>FIN275 Jyväskylän poliisiasema UAS</name><styleUrl>#REQ_AUTHORISATION</styleUrl><description><![CDATA[<table><tr><td><b>Identifier</b></td><td>FIN275</td></tr><tr><td><b>Restriction</b></td><td>Authorisation required</td></tr><tr><td><b>Reason</b></td><td>Sensitive</td></tr><tr><td><b>Upper limit</b></td><td>200 m AGL</td></tr><tr><td><b>Lower limit</b></td><td>not given</td></tr><tr><td><b>Valid</b></td><td>2021-07-23 to 2027-04-21, any day</td></tr></table><p>Authority: <a href="https://www.droneinfo.fi/fi/uas-ilmatilavyohykkeet">Traficom</a></p>]]></description><Polygon><tessellate>1</tessellate><outerBoundaryIs><LinearRing><coordinates>25.753056,62.243333,0 25.755000,62.243056,0 25.754444,62.242500,0 25.752222,62.243056,0 25.753056,62.243333,0</coordinates></LinearRing></outerBoundaryIs></Polygon></Placemark>
<Placemark><name>FIN276 Jämsän poliisiasema UAS</name><styleUrl>#REQ_AUTHORISATION</styleUrl><description><![CDATA[<table><tr><td><b>Identifier</b></td><td>FIN276</td></tr><tr><td><b>Restriction</b></td><td>Authorisation required</td></tr><tr><td><b>Reason</b></td><td>Sensitive</td></tr><tr><td><b>Upper limit</b></td><td>200 m AGL</td></tr><tr><td><b>Lower limit</b></td><td>not given</td></tr><tr><td><b>Valid</b></td><td>2021-07-23 to 2027-04-21, any day</td></tr></table><p>Authority: <a href="https://www.droneinfo.fi/fi/uas-ilmatilavyohykkeet">Traficom</a></p>]]></description><Polygon><tessellate>1</tessellate><outerBoundaryIs><LinearRing><coordinates>25.194167,61.865556,0 25.196111,61.865833,0 25.196667,61.865278,0 25.195000,61.865000,0 25.194167,61.865556,0</coordinates></LinearRing></outerBoundaryIs></Polygon></Placemark>
<Placemark><name>FIN277 Järvenpään poliisiasema UAS</name><styleUrl>#REQ_AUTHORISATION</styleUrl><description><![CDATA[<table><tr><td><b>Identifier</b></td><td>FIN277</td></tr><tr><td><b>Restriction</b></td><td>Authorisation required</td></tr><tr><td><b>Reason</b></td><td>Sensitive</td></tr><tr><td><b>Upper limit</b></td><td>150 m AGL</td></tr><tr><td><b>Lower limit</b></td><td>not given</td></tr><tr><td><b>Valid</b></td><td>2021-07-23 to 2027-04-21, any day</td></tr></table><p>Authority: <a href="https://www.droneinfo.fi/fi/uas-ilmatilavyohykkeet">Traficom</a></p>]]></description><Polygon><tessellate>1</tessellate><outerBoundaryIs><LinearRing><coordinates>25.090278,60.470833,0 25.091667,60.471111,0 25.092778,60.470000,0 25.091389,60.469722,0 25.090278,60.470833,0</coordinates></LinearRing></outerBoundaryIs></Polygon></Placemark>
<Placemark><name>FIN278 Kajaanin poliisiasema UAS</name><styleUrl>#REQ_AUTHORISATION</styleUrl><description><![CDATA[<table><tr><td><b>Identifier</b></td><td>FIN278</td></tr><tr><td><b>Restriction</b></td><td>Authorisation required</td></tr><tr><td><b>Reason</b></td><td>Sensitive</td></tr><tr><td><b>Upper limit</b></td><td>200 m AGL</td></tr><tr><td><b>Lower limit</b></td><td>not given</td></tr><tr><td><b>Valid</b></td><td>2021-07-23 to 2027-04-21, any day</td></tr></table><p>Authority: <a href="https://www.droneinfo.fi/fi/uas-ilmatilavyohykkeet">Traficom</a></p>]]></description><Polygon><tessellate>1</tessellate><outerBoundaryIs><LinearRing><coordinates>27.723889,64.221389,0 27.725278,64.221111,0 27.724444,64.220278,0 27.723611,64.220556,0 27.723889,64.221389,0</coordinates></LinearRing></outerBoundaryIs></Polygon></Placemark>
<Placemark><name>FIN279 Kokkolan poliisiasema UAS</name><styleUrl>#REQ_AUTHORISATION</styleUrl><description><![CDATA[<table><tr><td><b>Identifier</b></td><td>FIN279</td></tr><tr><td><b>Restriction</b></td><td>Authorisation required</td></tr><tr><td><b>Reason</b></td><td>Sensitive</td></tr><tr><td><b>Upper limit</b></td><td>200 m AGL</td></tr><tr><td><b>Lower limit</b></td><td>not given</td></tr><tr><td><b>Valid</b></td><td>2021-07-23 to 2027-04-21, any day</td></tr></table><p>Authority: <a href="https://www.droneinfo.fi/fi/uas-ilmatilavyohykkeet">Traficom</a></p>]]></description><Polygon><tessellate>1</tessellate><outerBoundaryIs><LinearRing><coordinates>23.134167,63.848333,0 23.135000,63.846944,0 23.133333,63.846389,0 23.132500,63.847222,0 23.132500,63.848333,0 23.134167,63.848333,0</coordinates></LinearRing></outerBoundaryIs></Polygon></Placemark>
<Placemark><name>FIN280 Kotkan poliisiasema UAS</name><styleUrl>#REQ_AUTHORISATION</styleUrl><description><![CDATA[<table><tr><td><b>Identifier</b></td><td>FIN280</td></tr><tr><td><b>Restriction</b></td><td>Authorisation required</td></tr><tr><td><b>Reason</b></td><td>Sensitive</td></tr><tr><td><b>Upper limit</b></td><td>200 m AGL</td></tr><tr><td><b>Lower limit</b></td><td>not given</td></tr><tr><td><b>Valid</b></td><td>2021-07-23 to 2027-04-21, any day</td></tr></table><p>Authority: <a href="https://www.droneinfo.fi/fi/uas-ilmatilavyohykkeet">Traficom</a></p>]]></description><Polygon><tessellate>1</tessellate><outerBoundaryIs><LinearRing><coordinates>26.950278,60.468333,0 26.951667,60.468889,0 26.950278,60.469722,0 26.948889,60.469167,0 26.950278,60.468333,0</coordinates></LinearRing></outerBoundaryIs></Polygon></Placemark>
<Placemark><name>FIN281 Kouvolan poliisiasema UAS</name><styleUrl>#REQ_AUTHORISATION</styleUrl><description><![CDATA[<table><tr><td><b>Identifier</b></td><td>FIN281</td></tr><tr><td><b>Restriction</b></td><td>Authorisation required</td></tr><tr><td><b>Reason</b></td><td>Sensitive</td></tr><tr><td><b>Upper limit</b></td><td>200 m AGL</td></tr><tr><td><b>Lower limit</b></td><td>not given</td></tr><tr><td><b>Valid</b></td><td>2021-07-23 to 2027-04-21, any day</td></tr></table><p>Authority: <a href="https://www.droneinfo.fi/fi/uas-ilmatilavyohykkeet">Traficom</a></p>]]></description><Polygon><tessellate>1</tessellate><outerBoundaryIs><LinearRing><coordinates>26.702500,60.875833,0 26.704722,60.876111,0 26.705000,60.877222,0 26.703056,60.878056,0 26.702500,60.875833,0</coordinates></LinearRing></outerBoundaryIs></Polygon></Placemark>
<Placemark><name>FIN282 Kuhmon poliisiasema UAS</name><styleUrl>#REQ_AUTHORISATION</styleUrl><description><![CDATA[<table><tr><td><b>Identifier</b></td><td>FIN282</td></tr><tr><td><b>Restriction</b></td><td>Authorisation required</td></tr><tr><td><b>Reason</b></td><td>Sensitive</td></tr><tr><td><b>Upper limit</b></td><td>200 m AGL</td></tr><tr><td><b>Lower limit</b></td><td>not given</td></tr><tr><td><b>Valid</b></td><td>2021-07-23 to 2027-04-21, any day</td></tr></table><p>Authority: <a href="https://www.droneinfo.fi/fi/uas-ilmatilavyohykkeet">Traficom</a></p>]]></description><Polygon><tessellate>1</tessellate><outerBoundaryIs><LinearRing><coordinates>29.521944,64.128056,0 29.522778,64.127778,0 29.521944,64.127222,0 29.520833,64.127500,0 29.521944,64.128056,0</coordinates></LinearRing></outerBoundaryIs></Polygon></Placemark>
<Placemark><name>FIN283 Kuopion poliisiasema UAS</name><styleUrl>#REQ_AUTHORISATION</styleUrl><description><![CDATA[<table><tr><td><b>Identifier</b></td><td>FIN283</td></tr><tr><td><b>Restriction</b></td><td>Authorisation required</td></tr><tr><td><b>Reason</b></td><td>Sensitive</td></tr><tr><td><b>Upper limit</b></td><td>200 m AGL</td></tr><tr><td><b>Lower limit</b></td><td>not given</td></tr><tr><td><b>Valid</b></td><td>2021-07-23 to 2027-04-21, any day</td></tr></table><p>Authority: <a href="https://www.droneinfo.fi/fi/uas-ilmatilavyohykkeet">Traficom</a></p>]]></description><Polygon><tessellate>1</tessellate><outerBoundaryIs><LinearRing><coordinates>27.664167,62.894167,0 27.668056,62.894444,0 27.668333,62.893333,0 27.665000,62.893056,0 27.663889,62.893611,0 27.664167,62.894167,0</coordinates></LinearRing></outerBoundaryIs></Polygon></Placemark>
<Placemark><name>FIN284 Lahden pääpoliisiasema UAS</name><styleUrl>#REQ_AUTHORISATION</styleUrl><description><![CDATA[<table><tr><td><b>Identifier</b></td><td>FIN284</td></tr><tr><td><b>Restriction</b></td><td>Authorisation required</td></tr><tr><td><b>Reason</b></td><td>Sensitive</td></tr><tr><td><b>Upper limit</b></td><td>200 m AGL</td></tr><tr><td><b>Lower limit</b></td><td>not given</td></tr><tr><td><b>Valid</b></td><td>2021-07-23 to 2027-04-21, any day</td></tr></table><p>Authority: <a href="https://www.droneinfo.fi/fi/uas-ilmatilavyohykkeet">Traficom</a></p>]]></description><Polygon><tessellate>1</tessellate><outerBoundaryIs><LinearRing><coordinates>25.619722,60.968889,0 25.620000,60.968333,0 25.619722,60.967500,0 25.618889,60.966944,0 25.618333,60.967222,0 25.618056,60.966944,0 25.617500,60.967222,0 25.617778,60.968056,0 25.618333,60.968611,0 25.619722,60.968889,0</coordinates></LinearRing></outerBoundaryIs></Polygon></Placemark>
<Placemark><name>FIN285 Lappeenrannan poliisiasema UAS</name><styleUrl>#REQ_AUTHORISATION</styleUrl><description><![CDATA[<table><tr><td><b>Identifier</b></td><td>FIN285</td></tr><tr><td><b>Restriction</b></td><td>Authorisation required</td></tr><tr><td><b>Reason</b></td><td>Sensitive</td></tr><tr><td><b>Upper limit</b></td><td>200 m AGL</td></tr><tr><td><b>Lower limit</b></td><td>not given</td></tr><tr><td><b>Valid</b></td><td>2021-07-23 to 2027-04-21, any day</td></tr></table><p>Authority: <a href="https://www.droneinfo.fi/fi/uas-ilmatilavyohykkeet">Traficom</a></p>]]></description><Polygon><tessellate>1</tessellate><outerBoundaryIs><LinearRing><coordinates>28.189722,61.057222,0 28.192222,61.057500,0 28.191667,61.058333,0 28.189444,61.058056,0 28.189722,61.057222,0</coordinates></LinearRing></outerBoundaryIs></Polygon></Placemark>
<Placemark><name>FIN286 Mikkelin poliisiasema UAS</name><styleUrl>#REQ_AUTHORISATION</styleUrl><description><![CDATA[<table><tr><td><b>Identifier</b></td><td>FIN286</td></tr><tr><td><b>Restriction</b></td><td>Authorisation required</td></tr><tr><td><b>Reason</b></td><td>Sensitive</td></tr><tr><td><b>Upper limit</b></td><td>200 m AGL</td></tr><tr><td><b>Lower limit</b></td><td>not given</td></tr><tr><td><b>Valid</b></td><td>2021-07-23 to 2027-04-21, any day</td></tr></table><p>Authority: <a href="https://www.droneinfo.fi/fi/uas-ilmatilavyohykkeet">Traficom</a></p>]]></description><Polygon><tessellate>1</tessellate><outerBoundaryIs><LinearRing><coordinates>27.269722,61.688889,0 27.271389,61.688611,0 27.270556,61.687500,0 27.268889,61.687778,0 27.269722,61.688889,0</coordinates></LinearRing></outerBoundaryIs></Polygon></Placemark>
<Placemark><name>FIN287 Hiukkavaaran poliisiasema UAS A</name><styleUrl>#REQ_AUTHORISATION</styleUrl><description><![CDATA[<table><tr><td><b>Identifier</b></td><td>FIN287</td></tr><tr><td><b>Restriction</b></td><td>Authorisation required</td></tr><tr><td><b>Reason</b></td><td>Sensitive</td></tr><tr><td><b>Upper limit</b></td><td>200 m AGL</td></tr><tr><td><b>Lower limit</b></td><td>not given</td></tr><tr><td><b>Valid</b></td><td>2021-07-23 to 2027-04-21, any day</td></tr></table><p>Authority: <a href="https://www.droneinfo.fi/fi/uas-ilmatilavyohykkeet">Traficom</a></p>]]></description><Polygon><tessellate>1</tessellate><outerBoundaryIs><LinearRing><coordinates>25.575833,65.016111,0 25.575278,65.013889,0 25.571944,65.014167,0 25.571111,65.014444,0 25.571389,65.015278,0 25.575833,65.016111,0</coordinates></LinearRing></outerBoundaryIs></Polygon></Placemark>
<Placemark><name>FIN288 Hiukkavaaran poliisiasema UAS B</name><styleUrl>#REQ_AUTHORISATION</styleUrl><description><![CDATA[<table><tr><td><b>Identifier</b></td><td>FIN288</td></tr><tr><td><b>Restriction</b></td><td>Authorisation required</td></tr><tr><td><b>Reason</b></td><td>Sensitive</td></tr><tr><td><b>Upper limit</b></td><td>200 m AGL</td></tr><tr><td><b>Lower limit</b></td><td>not given</td></tr><tr><td><b>Valid</b></td><td>2021-07-23 to 2027-04-21, any day</td></tr></table><p>Authority: <a href="https://www.droneinfo.fi/fi/uas-ilmatilavyohykkeet">Traficom</a></p>]]></description><Polygon><tessellate>1</tessellate><outerBoundaryIs><LinearRing><coordinates>25.579722,65.013889,0 25.580278,65.013889,0 25.580556,65.014444,0 25.582778,65.014444,0 25.582222,65.013611,0 25.579722,65.013889,0</coordinates></LinearRing></outerBoundaryIs></Polygon></Placemark>
<Placemark><name>FIN289 Porin poliisiasema UAS</name><styleUrl>#REQ_AUTHORISATION</styleUrl><description><![CDATA[<table><tr><td><b>Identifier</b></td><td>FIN289</td></tr><tr><td><b>Restriction</b></td><td>Authorisation required</td></tr><tr><td><b>Reason</b></td><td>Sensitive</td></tr><tr><td><b>Upper limit</b></td><td>200 m AGL</td></tr><tr><td><b>Lower limit</b></td><td>not given</td></tr><tr><td><b>Valid</b></td><td>2021-07-23 to 2027-04-21, any day</td></tr></table><p>Authority: <a href="https://www.droneinfo.fi/fi/uas-ilmatilavyohykkeet">Traficom</a></p>]]></description><Polygon><tessellate>1</tessellate><outerBoundaryIs><LinearRing><coordinates>21.781667,61.481389,0 21.783056,61.481667,0 21.784167,61.481111,0 21.784167,61.480556,0 21.783056,61.480278,0 21.781667,61.481389,0</coordinates></LinearRing></outerBoundaryIs></Polygon></Placemark>
<Placemark><name>FIN290 Porvoon poliisiasema UAS</name><styleUrl>#REQ_AUTHORISATION</styleUrl><description><![CDATA[<table><tr><td><b>Identifier</b></td><td>FIN290</td></tr><tr><td><b>Restriction</b></td><td>Authorisation required</td></tr><tr><td><b>Reason</b></td><td>Sensitive</td></tr><tr><td><b>Upper limit</b></td><td>150 m AGL</td></tr><tr><td><b>Lower limit</b></td><td>not given</td></tr><tr><td><b>Valid</b></td><td>2021-07-23 to 2027-04-21, any day</td></tr></table><p>Authority: <a href="https://www.droneinfo.fi/fi/uas-ilmatilavyohykkeet">Traficom</a></p>]]></description><Polygon><tessellate>1</tessellate><outerBoundaryIs><LinearRing><coordinates>25.668889,60.395833,0 25.670000,60.395556,0 25.670278,60.395278,0 25.669444,60.395000,0 25.668889,60.395556,0 25.668889,60.395833,0</coordinates></LinearRing></outerBoundaryIs></Polygon></Placemark>
<Placemark><name>FIN291 Raahen poliisiasema UAS</name><styleUrl>#REQ_AUTHORISATION</styleUrl><description><![CDATA[<table><tr><td><b>Identifier</b></td><td>FIN291</td></tr><tr><td><b>Restriction</b></td><td>Authorisation required</td></tr><tr><td><b>Reason</b></td><td>Sensitive</td></tr><tr><td><b>Upper limit</b></td><td>200 m AGL</td></tr><tr><td><b>Lower limit</b></td><td>not given</td></tr><tr><td><b>Valid</b></td><td>2021-07-23 to 2027-04-21, any day</td></tr></table><p>Authority: <a href="https://www.droneinfo.fi/fi/uas-ilmatilavyohykkeet">Traficom</a></p>]]></description><Polygon><tessellate>1</tessellate><outerBoundaryIs><LinearRing><coordinates>24.482222,64.675000,0 24.483333,64.675000,0 24.483889,64.673333,0 24.481944,64.673333,0 24.481944,64.674167,0 24.482222,64.674722,0 24.482222,64.675000,0</coordinates></LinearRing></outerBoundaryIs></Polygon></Placemark>
<Placemark><name>FIN292 Rauman poliisiasema UAS</name><styleUrl>#REQ_AUTHORISATION</styleUrl><description><![CDATA[<table><tr><td><b>Identifier</b></td><td>FIN292</td></tr><tr><td><b>Restriction</b></td><td>Authorisation required</td></tr><tr><td><b>Reason</b></td><td>Sensitive</td></tr><tr><td><b>Upper limit</b></td><td>200 m AGL</td></tr><tr><td><b>Lower limit</b></td><td>not given</td></tr><tr><td><b>Valid</b></td><td>2021-07-23 to 2027-04-21, any day</td></tr></table><p>Authority: <a href="https://www.droneinfo.fi/fi/uas-ilmatilavyohykkeet">Traficom</a></p>]]></description><Polygon><tessellate>1</tessellate><outerBoundaryIs><LinearRing><coordinates>21.488889,61.126667,0 21.492222,61.126667,0 21.492222,61.125833,0 21.488889,61.125833,0 21.488889,61.126667,0</coordinates></LinearRing></outerBoundaryIs></Polygon></Placemark>
<Placemark><name>FIN293 Salon poliisiasema UAS</name><styleUrl>#REQ_AUTHORISATION</styleUrl><description><![CDATA[<table><tr><td><b>Identifier</b></td><td>FIN293</td></tr><tr><td><b>Restriction</b></td><td>Authorisation required</td></tr><tr><td><b>Reason</b></td><td>Sensitive</td></tr><tr><td><b>Upper limit</b></td><td>200 m AGL</td></tr><tr><td><b>Lower limit</b></td><td>not given</td></tr><tr><td><b>Valid</b></td><td>2021-07-23 to 2027-04-21, any day</td></tr></table><p>Authority: <a href="https://www.droneinfo.fi/fi/uas-ilmatilavyohykkeet">Traficom</a></p>]]></description><Polygon><tessellate>1</tessellate><outerBoundaryIs><LinearRing><coordinates>23.133889,60.385000,0 23.135000,60.385000,0 23.135000,60.384444,0 23.133889,60.384167,0 23.133889,60.385000,0</coordinates></LinearRing></outerBoundaryIs></Polygon></Placemark>
<Placemark><name>FIN294 Savonlinnan poliisiasema UAS</name><styleUrl>#REQ_AUTHORISATION</styleUrl><description><![CDATA[<table><tr><td><b>Identifier</b></td><td>FIN294</td></tr><tr><td><b>Restriction</b></td><td>Authorisation required</td></tr><tr><td><b>Reason</b></td><td>Sensitive</td></tr><tr><td><b>Upper limit</b></td><td>200 m AGL</td></tr><tr><td><b>Lower limit</b></td><td>not given</td></tr><tr><td><b>Valid</b></td><td>2021-07-23 to 2027-04-21, any day</td></tr></table><p>Authority: <a href="https://www.droneinfo.fi/fi/uas-ilmatilavyohykkeet">Traficom</a></p>]]></description><Polygon><tessellate>1</tessellate><outerBoundaryIs><LinearRing><coordinates>28.892778,61.867222,0 28.895278,61.866944,0 28.895000,61.866111,0 28.892222,61.866389,0 28.892778,61.867222,0</coordinates></LinearRing></outerBoundaryIs></Polygon></Placemark>
<Placemark><name>FIN295 Seinäjoen poliisiasema UAS</name><styleUrl>#REQ_AUTHORISATION</styleUrl><description><![CDATA[<table><tr><td><b>Identifier</b></td><td>FIN295</td></tr><tr><td><b>Restriction</b></td><td>Authorisation required</td></tr><tr><td><b>Reason</b></td><td>Sensitive</td></tr><tr><td><b>Upper limit</b></td><td>200 m AGL</td></tr><tr><td><b>Lower limit</b></td><td>not given</td></tr><tr><td><b>Valid</b></td><td>2021-07-23 to 2027-04-21, any day</td></tr></table><p>Authority: <a href="https://www.droneinfo.fi/fi/uas-ilmatilavyohykkeet">Traficom</a></p>]]></description><Polygon><tessellate>1</tessellate><outerBoundaryIs><LinearRing><coordinates>22.823056,62.793333,0 22.823889,62.792778,0 22.823056,62.792222,0 22.820000,62.791667,0 22.820278,62.792778,0 22.823056,62.793333,0</coordinates></LinearRing></outerBoundaryIs></Polygon></Placemark>
<Placemark><name>FIN296 Suomussalmen poliisiasema UAS</name><styleUrl>#REQ_AUTHORISATION</styleUrl><description><![CDATA[<table><tr><td><b>Identifier</b></td><td>FIN296</td></tr><tr><td><b>Restriction</b></td><td>Authorisation required</td></tr><tr><td><b>Reason</b></td><td>Sensitive</td></tr><tr><td><b>Upper limit</b></td><td>200 m AGL</td></tr><tr><td><b>Lower limit</b></td><td>not given</td></tr><tr><td><b>Valid</b></td><td>2021-07-23 to 2027-04-21, any day</td></tr></table><p>Authority: <a href="https://www.droneinfo.fi/fi/uas-ilmatilavyohykkeet">Traficom</a></p>]]></description><Polygon><tessellate>1</tessellate><outerBoundaryIs><LinearRing><coordinates>28.912500,64.883333,0 28.913333,64.883056,0 28.912778,64.882778,0 28.911944,64.883056,0 28.912500,64.883333,0</coordinates></LinearRing></outerBoundaryIs></Polygon></Placemark>
<Placemark><name>FIN297 Tampereen poliisiasema Nekala UAS</name><styleUrl>#REQ_AUTHORISATION</styleUrl><description><![CDATA[<table><tr><td><b>Identifier</b></td><td>FIN297</td></tr><tr><td><b>Restriction</b></td><td>Authorisation required</td></tr><tr><td><b>Reason</b></td><td>Sensitive</td></tr><tr><td><b>Upper limit</b></td><td>200 m AGL</td></tr><tr><td><b>Lower limit</b></td><td>not given</td></tr><tr><td><b>Valid</b></td><td>2024-07-03 to 2027-04-17, any day</td></tr></table><p>Authority: <a href="https://www.droneinfo.fi/fi/uas-ilmatilavyohykkeet">Traficom</a></p>]]></description><Polygon><tessellate>1</tessellate><outerBoundaryIs><LinearRing><coordinates>23.782778,61.477778,0 23.782778,61.475278,0 23.778056,61.475833,0 23.777778,61.476389,0 23.777222,61.476667,0 23.775556,61.476944,0 23.775000,61.478056,0 23.782778,61.477778,0</coordinates></LinearRing></outerBoundaryIs></Polygon></Placemark>
<Placemark><name>FIN298 Poliisiammattikorkeakoulu UAS</name><styleUrl>#REQ_AUTHORISATION</styleUrl><description><![CDATA[<table><tr><td><b>Identifier</b></td><td>FIN298</td></tr><tr><td><b>Restriction</b></td><td>Authorisation required</td></tr><tr><td><b>Reason</b></td><td>Sensitive</td></tr><tr><td><b>Upper limit</b></td><td>200 m AGL</td></tr><tr><td><b>Lower limit</b></td><td>not given</td></tr><tr><td><b>Valid</b></td><td>2021-07-23 to 2027-04-21, any day</td></tr></table><p>Authority: <a href="https://www.droneinfo.fi/fi/uas-ilmatilavyohykkeet">Traficom</a></p>]]></description><Polygon><tessellate>1</tessellate><outerBoundaryIs><LinearRing><coordinates>23.852222,61.451667,0 23.850556,61.453889,0 23.865556,61.457222,0 23.867500,61.453889,0 23.861944,61.452778,0 23.858333,61.453056,0 23.852222,61.451667,0</coordinates></LinearRing></outerBoundaryIs></Polygon></Placemark>
<Placemark><name>FIN299 Turun poliisiasema UAS</name><styleUrl>#REQ_AUTHORISATION</styleUrl><description><![CDATA[<table><tr><td><b>Identifier</b></td><td>FIN299</td></tr><tr><td><b>Restriction</b></td><td>Authorisation required</td></tr><tr><td><b>Reason</b></td><td>Sensitive</td></tr><tr><td><b>Upper limit</b></td><td>200 m AGL</td></tr><tr><td><b>Lower limit</b></td><td>not given</td></tr><tr><td><b>Valid</b></td><td>2021-07-23 to 2027-04-21, any day</td></tr></table><p>Authority: <a href="https://www.droneinfo.fi/fi/uas-ilmatilavyohykkeet">Traficom</a></p>]]></description><Polygon><tessellate>1</tessellate><outerBoundaryIs><LinearRing><coordinates>22.251111,60.445556,0 22.253056,60.446111,0 22.253889,60.445556,0 22.251944,60.445000,0 22.251111,60.445556,0</coordinates></LinearRing></outerBoundaryIs></Polygon></Placemark>
<Placemark><name>FIN300 Vaasa pääpoliisiasema UAS</name><styleUrl>#REQ_AUTHORISATION</styleUrl><description><![CDATA[<table><tr><td><b>Identifier</b></td><td>FIN300</td></tr><tr><td><b>Restriction</b></td><td>Authorisation required</td></tr><tr><td><b>Reason</b></td><td>Sensitive</td></tr><tr><td><b>Upper limit</b></td><td>200 m AGL</td></tr><tr><td><b>Lower limit</b></td><td>not given</td></tr><tr><td><b>Valid</b></td><td>2021-07-23 to 2027-04-21, any day</td></tr></table><p>Authority: <a href="https://www.droneinfo.fi/fi/uas-ilmatilavyohykkeet">Traficom</a></p>]]></description><Polygon><tessellate>1</tessellate><outerBoundaryIs><LinearRing><coordinates>21.630833,63.094167,0 21.633611,63.093333,0 21.633333,63.093056,0 21.631389,63.092778,0 21.630278,63.093889,0 21.630833,63.094167,0</coordinates></LinearRing></outerBoundaryIs></Polygon></Placemark>
<Placemark><name>FIN302 Tikkurilan poliisiasema UAS</name><styleUrl>#REQ_AUTHORISATION</styleUrl><description><![CDATA[<table><tr><td><b>Identifier</b></td><td>FIN302</td></tr><tr><td><b>Restriction</b></td><td>Authorisation required</td></tr><tr><td><b>Reason</b></td><td>Sensitive</td></tr><tr><td><b>Upper limit</b></td><td>150 m AGL</td></tr><tr><td><b>Lower limit</b></td><td>not given</td></tr><tr><td><b>Valid</b></td><td>2021-07-23 to 2027-04-21, any day</td></tr></table><p>Authority: <a href="https://www.droneinfo.fi/fi/uas-ilmatilavyohykkeet">Traficom</a></p>]]></description><Polygon><tessellate>1</tessellate><outerBoundaryIs><LinearRing><coordinates>25.041389,60.299444,0 25.042778,60.299167,0 25.042222,60.298333,0 25.040833,60.298333,0 25.041389,60.299444,0</coordinates></LinearRing></outerBoundaryIs></Polygon></Placemark>
<Placemark><name>FIN303 Varkauden poliisiasema UAS</name><styleUrl>#REQ_AUTHORISATION</styleUrl><description><![CDATA[<table><tr><td><b>Identifier</b></td><td>FIN303</td></tr><tr><td><b>Restriction</b></td><td>Authorisation required</td></tr><tr><td><b>Reason</b></td><td>Sensitive</td></tr><tr><td><b>Upper limit</b></td><td>200 m AGL</td></tr><tr><td><b>Lower limit</b></td><td>not given</td></tr><tr><td><b>Valid</b></td><td>2021-07-23 to 2027-04-21, any day</td></tr></table><p>Authority: <a href="https://www.droneinfo.fi/fi/uas-ilmatilavyohykkeet">Traficom</a></p>]]></description><Polygon><tessellate>1</tessellate><outerBoundaryIs><LinearRing><coordinates>27.868333,62.316389,0 27.869167,62.316111,0 27.868889,62.315000,0 27.867222,62.315556,0 27.868333,62.316389,0</coordinates></LinearRing></outerBoundaryIs></Polygon></Placemark>
<Placemark><name>FIN304 Ylivieskan poliisiasema UAS</name><styleUrl>#REQ_AUTHORISATION</styleUrl><description><![CDATA[<table><tr><td><b>Identifier</b></td><td>FIN304</td></tr><tr><td><b>Restriction</b></td><td>Authorisation required</td></tr><tr><td><b>Reason</b></td><td>Sensitive</td></tr><tr><td><b>Upper limit</b></td><td>200 m AGL</td></tr><tr><td><b>Lower limit</b></td><td>not given</td></tr><tr><td><b>Valid</b></td><td>2021-07-23 to 2027-04-21, any day</td></tr></table><p>Authority: <a href="https://www.droneinfo.fi/fi/uas-ilmatilavyohykkeet">Traficom</a></p>]]></description><Polygon><tessellate>1</tessellate><outerBoundaryIs><LinearRing><coordinates>24.525000,64.073611,0 24.526389,64.073056,0 24.524722,64.072500,0 24.523611,64.073056,0 24.525000,64.073611,0</coordinates></LinearRing></outerBoundaryIs></Polygon></Placemark>
<Placemark><name>FIN305 Äänekosken poliisiasema UAS</name><styleUrl>#REQ_AUTHORISATION</styleUrl><description><![CDATA[<table><tr><td><b>Identifier</b></td><td>FIN305</td></tr><tr><td><b>Restriction</b></td><td>Authorisation required</td></tr><tr><td><b>Reason</b></td><td>Sensitive</td></tr><tr><td><b>Upper limit</b></td><td>200 m AGL</td></tr><tr><td><b>Lower limit</b></td><td>not given</td></tr><tr><td><b>Valid</b></td><td>2021-07-23 to 2027-04-21, any day</td></tr></table><p>Authority: <a href="https://www.droneinfo.fi/fi/uas-ilmatilavyohykkeet">Traficom</a></p>]]></description><Polygon><tessellate>1</tessellate><outerBoundaryIs><LinearRing><coordinates>25.739444,62.603611,0 25.742500,62.603889,0 25.742778,62.602500,0 25.739444,62.602500,0 25.739444,62.603611,0</coordinates></LinearRing></outerBoundaryIs></Polygon></Placemark>
<Placemark><name>FIN335 Etelä-Karjalan keskussairaalan UAS</name><styleUrl>#REQ_AUTHORISATION</styleUrl><description><![CDATA[<table><tr><td><b>Identifier</b></td><td>FIN335</td></tr><tr><td><b>Restriction</b></td><td>Authorisation required</td></tr><tr><td><b>Reason</b></td><td>Sensitive</td></tr><tr><td><b>Upper limit</b></td><td>150 m AGL</td></tr><tr><td><b>Lower limit</b></td><td>not given</td></tr><tr><td><b>Valid</b></td><td>2021-11-15 to 2027-04-21, any day</td></tr></table><p>Authority: <a href="https://www.droneinfo.fi/fi/uas-ilmatilavyohykkeet">Traficom</a></p>]]></description><Polygon><tessellate>1</tessellate><outerBoundaryIs><LinearRing><coordinates>28.210278,61.066944,0 28.211944,61.066111,0 28.213333,61.063611,0 28.209722,61.063611,0 28.208056,61.065556,0 28.208889,61.066111,0 28.210278,61.066944,0</coordinates></LinearRing></outerBoundaryIs></Polygon></Placemark>
<Placemark><name>FIN336 Eduskunnan UAS</name><styleUrl>#REQ_AUTHORISATION</styleUrl><description><![CDATA[<table><tr><td><b>Identifier</b></td><td>FIN336</td></tr><tr><td><b>Restriction</b></td><td>Authorisation required</td></tr><tr><td><b>Reason</b></td><td>Sensitive</td></tr><tr><td><b>Upper limit</b></td><td>150 m AGL</td></tr><tr><td><b>Lower limit</b></td><td>not given</td></tr><tr><td><b>Valid</b></td><td>2021-11-22 to 2027-04-21, any day</td></tr></table><p>Authority: <a href="https://www.droneinfo.fi/fi/uas-ilmatilavyohykkeet">Traficom</a></p>]]></description><Polygon><tessellate>1</tessellate><outerBoundaryIs><LinearRing><coordinates>24.932778,60.174167,0 24.935833,60.171111,0 24.931944,60.171111,0 24.931111,60.172222,0 24.931667,60.173056,0 24.932778,60.174167,0</coordinates></LinearRing></outerBoundaryIs></Polygon></Placemark>
<Placemark><name>FIN347 Kokkola Industrial Park UAS</name><styleUrl>#REQ_AUTHORISATION</styleUrl><description><![CDATA[<table><tr><td><b>Identifier</b></td><td>FIN347</td></tr><tr><td><b>Restriction</b></td><td>Authorisation required</td></tr><tr><td><b>Reason</b></td><td>Sensitive</td></tr><tr><td><b>Upper limit</b></td><td>150 m AGL</td></tr><tr><td><b>Lower limit</b></td><td>not given</td></tr><tr><td><b>Valid</b></td><td>2022-02-25 to 2027-04-17, any day</td></tr></table><p>Authority: <a href="https://www.droneinfo.fi/fi/uas-ilmatilavyohykkeet">Traficom</a></p>]]></description><Polygon><tessellate>1</tessellate><outerBoundaryIs><LinearRing><coordinates>23.024167,63.874722,0 23.067500,63.868333,0 23.057222,63.843056,0 23.040278,63.845278,0 23.031944,63.839167,0 23.001944,63.845556,0 23.024167,63.874722,0</coordinates></LinearRing></outerBoundaryIs></Polygon></Placemark>
<Placemark><name>FIN351 Ahvenanmaan merivartioasema UAS</name><styleUrl>#REQ_AUTHORISATION</styleUrl><description><![CDATA[<table><tr><td><b>Identifier</b></td><td>FIN351</td></tr><tr><td><b>Restriction</b></td><td>Authorisation required</td></tr><tr><td><b>Reason</b></td><td>Sensitive</td></tr><tr><td><b>Upper limit</b></td><td>not given</td></tr><tr><td><b>Lower limit</b></td><td>not given</td></tr><tr><td><b>Valid</b></td><td>2022-04-21 to 2027-04-21, any day</td></tr></table><p>Authority: <a href="https://www.droneinfo.fi/fi/uas-ilmatilavyohykkeet">Traficom</a></p>]]></description><Polygon><tessellate>1</tessellate><outerBoundaryIs><LinearRing><coordinates>19.933333,60.093889,0 19.942778,60.091667,0 19.944167,60.086111,0 19.935833,60.083333,0 19.926389,60.085000,0 19.925278,60.091111,0 19.933333,60.093889,0</coordinates></LinearRing></outerBoundaryIs></Polygon></Placemark>
<Placemark><name>FIN352 Kilpisjärven laskupaikka UAS</name><styleUrl>#REQ_AUTHORISATION</styleUrl><description><![CDATA[<table><tr><td><b>Identifier</b></td><td>FIN352</td></tr><tr><td><b>Restriction</b></td><td>Authorisation required</td></tr><tr><td><b>Reason</b></td><td>Sensitive</td></tr><tr><td><b>Upper limit</b></td><td>not given</td></tr><tr><td><b>Lower limit</b></td><td>not given</td></tr><tr><td><b>Valid</b></td><td>2022-04-21 to 2027-04-21, any day</td></tr></table><p>Authority: <a href="https://www.droneinfo.fi/fi/uas-ilmatilavyohykkeet">Traficom</a></p>]]></description><Polygon><tessellate>1</tessellate><outerBoundaryIs><LinearRing><coordinates>20.787222,69.055556,0 20.800833,69.053333,0 20.801944,69.047778,0 20.790278,69.045000,0 20.776667,69.046944,0 20.775278,69.052500,0 20.787222,69.055556,0</coordinates></LinearRing></outerBoundaryIs></Polygon></Placemark>
<Placemark><name>FIN353 Ulko-Tammion tukikohta UAS</name><styleUrl>#REQ_AUTHORISATION</styleUrl><description><![CDATA[<table><tr><td><b>Identifier</b></td><td>FIN353</td></tr><tr><td><b>Restriction</b></td><td>Authorisation required</td></tr><tr><td><b>Reason</b></td><td>Sensitive</td></tr><tr><td><b>Upper limit</b></td><td>not given</td></tr><tr><td><b>Lower limit</b></td><td>not given</td></tr><tr><td><b>Valid</b></td><td>2022-04-21 to 2027-04-21, any day</td></tr></table><p>Authority: <a href="https://www.droneinfo.fi/fi/uas-ilmatilavyohykkeet">Traficom</a></p>]]></description><Polygon><tessellate>1</tessellate><outerBoundaryIs><LinearRing><coordinates>27.458889,60.352778,0 27.462500,60.351944,0 27.458889,60.349722,0 27.456944,60.350278,0 27.458889,60.352778,0</coordinates></LinearRing></outerBoundaryIs></Polygon></Placemark>
<Placemark><name>FIN354 Hangon merivartioasema UAS</name><styleUrl>#REQ_AUTHORISATION</styleUrl><description><![CDATA[<table><tr><td><b>Identifier</b></td><td>FIN354</td></tr><tr><td><b>Restriction</b></td><td>Authorisation required</td></tr><tr><td><b>Reason</b></td><td>Sensitive</td></tr><tr><td><b>Upper limit</b></td><td>not given</td></tr><tr><td><b>Lower limit</b></td><td>not given</td></tr><tr><td><b>Valid</b></td><td>2022-04-21 to 2027-04-17, any day</td></tr></table><p>Authority: <a href="https://www.droneinfo.fi/fi/uas-ilmatilavyohykkeet">Traficom</a></p>]]></description><Polygon><tessellate>1</tessellate><outerBoundaryIs><LinearRing><coordinates>22.915000,59.816667,0 22.924444,59.814722,0 22.924722,59.808889,0 22.915000,59.805833,0 22.906944,59.808611,0 22.906667,59.814444,0 22.915000,59.816667,0</coordinates></LinearRing></outerBoundaryIs></Polygon></Placemark>
<Placemark><name>FIN355 Rajavartiolaitoksen esikunta UAS</name><styleUrl>#REQ_AUTHORISATION</styleUrl><description><![CDATA[<table><tr><td><b>Identifier</b></td><td>FIN355</td></tr><tr><td><b>Restriction</b></td><td>Authorisation required</td></tr><tr><td><b>Reason</b></td><td>Sensitive</td></tr><tr><td><b>Upper limit</b></td><td>not given</td></tr><tr><td><b>Lower limit</b></td><td>not given</td></tr><tr><td><b>Valid</b></td><td>2022-04-21 to 2027-04-21, any day</td></tr></table><p>Authority: <a href="https://www.droneinfo.fi/fi/uas-ilmatilavyohykkeet">Traficom</a></p>]]></description><Polygon><tessellate>1</tessellate><outerBoundaryIs><LinearRing><coordinates>24.963611,60.188333,0 24.966389,60.188056,0 24.965556,60.186944,0 24.963333,60.187500,0 24.963611,60.188333,0</coordinates></LinearRing></outerBoundaryIs></Polygon></Placemark>
<Placemark><name>FIN356 Suomenlinnan merivartioasema UAS</name><styleUrl>#REQ_AUTHORISATION</styleUrl><description><![CDATA[<table><tr><td><b>Identifier</b></td><td>FIN356</td></tr><tr><td><b>Restriction</b></td><td>Authorisation required</td></tr><tr><td><b>Reason</b></td><td>Sensitive</td></tr><tr><td><b>Upper limit</b></td><td>not given</td></tr><tr><td><b>Lower limit</b></td><td>not given</td></tr><tr><td><b>Valid</b></td><td>2022-04-21 to 2027-04-21, any day</td></tr></table><p>Authority: <a href="https://www.droneinfo.fi/fi/uas-ilmatilavyohykkeet">Traficom</a></p>]]></description><Polygon><tessellate>1</tessellate><outerBoundaryIs><LinearRing><coordinates>24.981667,60.153056,0 24.990833,60.150833,0 24.991111,60.145000,0 24.981667,60.142222,0 24.972778,60.145000,0 24.972500,60.150556,0 24.981667,60.153056,0</coordinates></LinearRing></outerBoundaryIs></Polygon></Placemark>
<Placemark><name>FIN357 Ilomantsin rajavartioasema UAS</name><styleUrl>#REQ_AUTHORISATION</styleUrl><description><![CDATA[<table><tr><td><b>Identifier</b></td><td>FIN357</td></tr><tr><td><b>Restriction</b></td><td>Authorisation required</td></tr><tr><td><b>Reason</b></td><td>Sensitive</td></tr><tr><td><b>Upper limit</b></td><td>not given</td></tr><tr><td><b>Lower limit</b></td><td>not given</td></tr><tr><td><b>Valid</b></td><td>2022-04-21 to 2027-04-21, any day</td></tr></table><p>Authority: <a href="https://www.droneinfo.fi/fi/uas-ilmatilavyohykkeet">Traficom</a></p>]]></description><Polygon><tessellate>1</tessellate><outerBoundaryIs><LinearRing><coordinates>30.940000,62.656667,0 30.949722,62.653889,0 30.949444,62.648056,0 30.939444,62.645833,0 30.929167,62.648333,0 30.929444,62.654167,0 30.940000,62.656667,0</coordinates></LinearRing></outerBoundaryIs></Polygon></Placemark>
<Placemark><name>FIN358 Ivalon varuskunta-alue UAS</name><styleUrl>#REQ_AUTHORISATION</styleUrl><description><![CDATA[<table><tr><td><b>Identifier</b></td><td>FIN358</td></tr><tr><td><b>Restriction</b></td><td>Authorisation required</td></tr><tr><td><b>Reason</b></td><td>Sensitive</td></tr><tr><td><b>Upper limit</b></td><td>not given</td></tr><tr><td><b>Lower limit</b></td><td>not given</td></tr><tr><td><b>Valid</b></td><td>2022-04-21 to 2027-04-21, any day</td></tr></table><p>Authority: <a href="https://www.droneinfo.fi/fi/uas-ilmatilavyohykkeet">Traficom</a></p>]]></description><Polygon><tessellate>1</tessellate><outerBoundaryIs><LinearRing><coordinates>27.573333,68.646667,0 27.585833,68.643889,0 27.585556,68.638333,0 27.573056,68.635833,0 27.560278,68.638611,0 27.560556,68.644167,0 27.573333,68.646667,0</coordinates></LinearRing></outerBoundaryIs></Polygon></Placemark>
<Placemark><name>FIN359 Raja-Joosepin rajavartioasema UAS</name><styleUrl>#REQ_AUTHORISATION</styleUrl><description><![CDATA[<table><tr><td><b>Identifier</b></td><td>FIN359</td></tr><tr><td><b>Restriction</b></td><td>Authorisation required</td></tr><tr><td><b>Reason</b></td><td>Sensitive</td></tr><tr><td><b>Upper limit</b></td><td>not given</td></tr><tr><td><b>Lower limit</b></td><td>not given</td></tr><tr><td><b>Valid</b></td><td>2022-04-21 to 2027-04-21, any day</td></tr></table><p>Authority: <a href="https://www.droneinfo.fi/fi/uas-ilmatilavyohykkeet">Traficom</a></p>]]></description><Polygon><tessellate>1</tessellate><outerBoundaryIs><LinearRing><coordinates>28.313056,68.470833,0 28.313056,68.471667,0 28.318056,68.472222,0 28.319444,68.473611,0 28.323056,68.473056,0 28.322778,68.471389,0 28.313056,68.470833,0</coordinates></LinearRing></outerBoundaryIs></Polygon></Placemark>
<Placemark><name>FIN360 Kainuun rajavartioston esikunta</name><styleUrl>#REQ_AUTHORISATION</styleUrl><description><![CDATA[<table><tr><td><b>Identifier</b></td><td>FIN360</td></tr><tr><td><b>Restriction</b></td><td>Authorisation required</td></tr><tr><td><b>Reason</b></td><td>Sensitive</td></tr><tr><td><b>Upper limit</b></td><td>not given</td></tr><tr><td><b>Lower limit</b></td><td>not given</td></tr><tr><td><b>Valid</b></td><td>2022-04-21 to 2027-04-21, any day</td></tr></table><p>Authority: <a href="https://www.droneinfo.fi/fi/uas-ilmatilavyohykkeet">Traficom</a></p>]]></description><Polygon><tessellate>1</tessellate><outerBoundaryIs><LinearRing><coordinates>27.751944,64.222778,0 27.762500,64.220278,0 27.762222,64.214722,0 27.751667,64.212222,0 27.741111,64.215000,0 27.741111,64.220278,0 27.751944,64.222778,0</coordinates></LinearRing></outerBoundaryIs></Polygon></Placemark>
<Placemark><name>FIN361 Hiittisten merivartioasema UAS</name><styleUrl>#REQ_AUTHORISATION</styleUrl><description><![CDATA[<table><tr><td><b>Identifier</b></td><td>FIN361</td></tr><tr><td><b>Restriction</b></td><td>Authorisation required</td></tr><tr><td><b>Reason</b></td><td>Sensitive</td></tr><tr><td><b>Upper limit</b></td><td>not given</td></tr><tr><td><b>Lower limit</b></td><td>not given</td></tr><tr><td><b>Valid</b></td><td>2022-04-21 to 2027-04-21, any day</td></tr></table><p>Authority: <a href="https://www.droneinfo.fi/fi/uas-ilmatilavyohykkeet">Traficom</a></p>]]></description><Polygon><tessellate>1</tessellate><outerBoundaryIs><LinearRing><coordinates>22.531389,59.900556,0 22.540833,59.898333,0 22.541667,59.892778,0 22.532778,59.889722,0 22.523333,59.892222,0 22.522500,59.897778,0 22.531389,59.900556,0</coordinates></LinearRing></outerBoundaryIs></Polygon></Placemark>
<Placemark><name>FIN362 Porkkalan merivartioasema UAS</name><styleUrl>#REQ_AUTHORISATION</styleUrl><description><![CDATA[<table><tr><td><b>Identifier</b></td><td>FIN362</td></tr><tr><td><b>Restriction</b></td><td>Authorisation required</td></tr><tr><td><b>Reason</b></td><td>Sensitive</td></tr><tr><td><b>Upper limit</b></td><td>not given</td></tr><tr><td><b>Lower limit</b></td><td>not given</td></tr><tr><td><b>Valid</b></td><td>2022-04-21 to 2027-04-21, any day</td></tr></table><p>Authority: <a href="https://www.droneinfo.fi/fi/uas-ilmatilavyohykkeet">Traficom</a></p>]]></description><Polygon><tessellate>1</tessellate><outerBoundaryIs><LinearRing><coordinates>24.409167,59.973611,0 24.418611,59.971389,0 24.418889,59.965833,0 24.409167,59.962778,0 24.400556,59.965556,0 24.400556,59.971111,0 24.409167,59.973611,0</coordinates></LinearRing></outerBoundaryIs></Polygon></Placemark>
<Placemark><name>FIN363 Kokkolan merivartioasema UAS</name><styleUrl>#REQ_AUTHORISATION</styleUrl><description><![CDATA[<table><tr><td><b>Identifier</b></td><td>FIN363</td></tr><tr><td><b>Restriction</b></td><td>Authorisation required</td></tr><tr><td><b>Reason</b></td><td>Sensitive</td></tr><tr><td><b>Upper limit</b></td><td>not given</td></tr><tr><td><b>Lower limit</b></td><td>not given</td></tr><tr><td><b>Valid</b></td><td>2022-04-21 to 2027-04-21, any day</td></tr></table><p>Authority: <a href="https://www.droneinfo.fi/fi/uas-ilmatilavyohykkeet">Traficom</a></p>]]></description><Polygon><tessellate>1</tessellate><outerBoundaryIs><LinearRing><coordinates>23.034444,63.845833,0 23.038333,63.845278,0 23.036667,63.843889,0 23.032500,63.844722,0 23.034444,63.845833,0</coordinates></LinearRing></outerBoundaryIs></Polygon></Placemark>
<Placemark><name>FIN364 Kokkolan viranomaissatama UAS</name><styleUrl>#REQ_AUTHORISATION</styleUrl><description><![CDATA[<table><tr><td><b>Identifier</b></td><td>FIN364</td></tr><tr><td><b>Restriction</b></td><td>Authorisation required</td></tr><tr><td><b>Reason</b></td><td>Sensitive</td></tr><tr><td><b>Upper limit</b></td><td>not given</td></tr><tr><td><b>Lower limit</b></td><td>not given</td></tr><tr><td><b>Valid</b></td><td>2022-04-21 to 2027-04-21, any day</td></tr></table><p>Authority: <a href="https://www.droneinfo.fi/fi/uas-ilmatilavyohykkeet">Traficom</a></p>]]></description><Polygon><tessellate>1</tessellate><outerBoundaryIs><LinearRing><coordinates>23.037500,63.842222,0 23.048333,63.839722,0 23.048889,63.834167,0 23.038889,63.831389,0 23.028056,63.833889,0 23.027500,63.839167,0 23.037500,63.842222,0</coordinates></LinearRing></outerBoundaryIs></Polygon></Placemark>
<Placemark><name>FIN365 Pohjois-Karjalan rajavartiosto UAS</name><styleUrl>#REQ_AUTHORISATION</styleUrl><description><![CDATA[<table><tr><td><b>Identifier</b></td><td>FIN365</td></tr><tr><td><b>Restriction</b></td><td>Authorisation required</td></tr><tr><td><b>Reason</b></td><td>Sensitive</td></tr><tr><td><b>Upper limit</b></td><td>not given</td></tr><tr><td><b>Lower limit</b></td><td>not given</td></tr><tr><td><b>Valid</b></td><td>2022-04-21 to 2027-04-21, any day</td></tr></table><p>Authority: <a href="https://www.droneinfo.fi/fi/uas-ilmatilavyohykkeet">Traficom</a></p>]]></description><Polygon><tessellate>1</tessellate><outerBoundaryIs><LinearRing><coordinates>29.683889,62.643333,0 29.679722,62.644722,0 29.677778,62.645833,0 29.678333,62.647500,0 29.679444,62.647778,0 29.678333,62.650000,0 29.673611,62.653333,0 29.668889,62.657222,0 29.679167,62.657222,0 29.685556,62.647500,0 29.683889,62.643333,0</coordinates></LinearRing></outerBoundaryIs></Polygon></Placemark>
<Placemark><name>FIN366 Haapasaaren merivartioasema UAS</name><styleUrl>#REQ_AUTHORISATION</styleUrl><description><![CDATA[<table><tr><td><b>Identifier</b></td><td>FIN366</td></tr><tr><td><b>Restriction</b></td><td>Authorisation required</td></tr><tr><td><b>Reason</b></td><td>Sensitive</td></tr><tr><td><b>Upper limit</b></td><td>not given</td></tr><tr><td><b>Lower limit</b></td><td>not given</td></tr><tr><td><b>Valid</b></td><td>2022-04-21 to 2027-04-21, any day</td></tr></table><p>Authority: <a href="https://www.droneinfo.fi/fi/uas-ilmatilavyohykkeet">Traficom</a></p>]]></description><Polygon><tessellate>1</tessellate><outerBoundaryIs><LinearRing><coordinates>27.185278,60.287222,0 27.187222,60.286667,0 27.185556,60.285833,0 27.184167,60.286389,0 27.185278,60.287222,0</coordinates></LinearRing></outerBoundaryIs></Polygon></Placemark>
<Placemark><name>FIN367 Kotkan merivartioasema UAS</name><styleUrl>#REQ_AUTHORISATION</styleUrl><description><![CDATA[<table><tr><td><b>Identifier</b></td><td>FIN367</td></tr><tr><td><b>Restriction</b></td><td>Authorisation required</td></tr><tr><td><b>Reason</b></td><td>Sensitive</td></tr><tr><td><b>Upper limit</b></td><td>not given</td></tr><tr><td><b>Lower limit</b></td><td>not given</td></tr><tr><td><b>Valid</b></td><td>2022-04-21 to 2027-04-21, any day</td></tr></table><p>Authority: <a href="https://www.droneinfo.fi/fi/uas-ilmatilavyohykkeet">Traficom</a></p>]]></description><Polygon><tessellate>1</tessellate><outerBoundaryIs><LinearRing><coordinates>26.964444,60.466667,0 26.973889,60.464167,0 26.973611,60.458333,0 26.964444,60.455833,0 26.955278,60.458611,0 26.955278,60.464167,0 26.964444,60.466667,0</coordinates></LinearRing></outerBoundaryIs></Polygon></Placemark>
<Placemark><name>FIN368 Kuhmon rajavartioasema UAS</name><styleUrl>#REQ_AUTHORISATION</styleUrl><description><![CDATA[<table><tr><td><b>Identifier</b></td><td>FIN368</td></tr><tr><td><b>Restriction</b></td><td>Authorisation required</td></tr><tr><td><b>Reason</b></td><td>Sensitive</td></tr><tr><td><b>Upper limit</b></td><td>not given</td></tr><tr><td><b>Lower limit</b></td><td>not given</td></tr><tr><td><b>Valid</b></td><td>2022-04-21 to 2027-04-21, any day</td></tr></table><p>Authority: <a href="https://www.droneinfo.fi/fi/uas-ilmatilavyohykkeet">Traficom</a></p>]]></description><Polygon><tessellate>1</tessellate><outerBoundaryIs><LinearRing><coordinates>29.442222,64.095833,0 29.452500,64.093056,0 29.451667,64.087500,0 29.441111,64.085000,0 29.430833,64.087778,0 29.431389,64.093333,0 29.442222,64.095833,0</coordinates></LinearRing></outerBoundaryIs></Polygon></Placemark>
<Placemark><name>FIN369 Susiluodon merivartioasema UAS</name><styleUrl>#REQ_AUTHORISATION</styleUrl><description><![CDATA[<table><tr><td><b>Identifier</b></td><td>FIN369</td></tr><tr><td><b>Restriction</b></td><td>Authorisation required</td></tr><tr><td><b>Reason</b></td><td>Sensitive</td></tr><tr><td><b>Upper limit</b></td><td>not given</td></tr><tr><td><b>Lower limit</b></td><td>not given</td></tr><tr><td><b>Valid</b></td><td>2022-04-21 to 2027-04-21, any day</td></tr></table><p>Authority: <a href="https://www.droneinfo.fi/fi/uas-ilmatilavyohykkeet">Traficom</a></p>]]></description><Polygon><tessellate>1</tessellate><outerBoundaryIs><LinearRing><coordinates>21.217222,60.645833,0 21.226944,60.643611,0 21.228056,60.638056,0 21.219167,60.635278,0 21.209167,60.637500,0 21.208333,60.642778,0 21.217222,60.645833,0</coordinates></LinearRing></outerBoundaryIs></Polygon></Placemark>
<Placemark><name>FIN370 Kuusamon rajavartioasema UAS</name><styleUrl>#REQ_AUTHORISATION</styleUrl><description><![CDATA[<table><tr><td><b>Identifier</b></td><td>FIN370</td></tr><tr><td><b>Restriction</b></td><td>Authorisation required</td></tr><tr><td><b>Reason</b></td><td>Sensitive</td></tr><tr><td><b>Upper limit</b></td><td>not given</td></tr><tr><td><b>Lower limit</b></td><td>not given</td></tr><tr><td><b>Valid</b></td><td>2022-04-21 to 2027-04-21, any day</td></tr></table><p>Authority: <a href="https://www.droneinfo.fi/fi/uas-ilmatilavyohykkeet">Traficom</a></p>]]></description><Polygon><tessellate>1</tessellate><outerBoundaryIs><LinearRing><coordinates>29.167500,65.981667,0 29.178889,65.978889,0 29.178056,65.973333,0 29.166667,65.971111,0 29.155556,65.973889,0 29.156111,65.979444,0 29.167500,65.981667,0</coordinates></LinearRing></outerBoundaryIs></Polygon></Placemark>
<Placemark><name>FIN371 Kökarin merivartioasema UAS</name><styleUrl>#REQ_AUTHORISATION</styleUrl><description><![CDATA[<table><tr><td><b>Identifier</b></td><td>FIN371</td></tr><tr><td><b>Restriction</b></td><td>Authorisation required</td></tr><tr><td><b>Reason</b></td><td>Sensitive</td></tr><tr><td><b>Upper limit</b></td><td>not given</td></tr><tr><td><b>Lower limit</b></td><td>not given</td></tr><tr><td><b>Valid</b></td><td>2022-04-21 to 2027-04-21, any day</td></tr></table><p>Authority: <a href="https://www.droneinfo.fi/fi/uas-ilmatilavyohykkeet">Traficom</a></p>]]></description><Polygon><tessellate>1</tessellate><outerBoundaryIs><LinearRing><coordinates>20.856944,59.935278,0 20.866944,59.932778,0 20.867778,59.927778,0 20.858889,59.924444,0 20.849167,59.926944,0 20.848056,59.931944,0 20.856944,59.935278,0</coordinates></LinearRing></outerBoundaryIs></Polygon></Placemark>
<Placemark><name>FIN372 Lieksan rajavartioasema UAS</name><styleUrl>#REQ_AUTHORISATION</styleUrl><description><![CDATA[<table><tr><td><b>Identifier</b></td><td>FIN372</td></tr><tr><td><b>Restriction</b></td><td>Authorisation required</td></tr><tr><td><b>Reason</b></td><td>Sensitive</td></tr><tr><td><b>Upper limit</b></td><td>not given</td></tr><tr><td><b>Lower limit</b></td><td>not given</td></tr><tr><td><b>Valid</b></td><td>2022-04-21 to 2027-04-21, any day</td></tr></table><p>Authority: <a href="https://www.droneinfo.fi/fi/uas-ilmatilavyohykkeet">Traficom</a></p>]]></description><Polygon><tessellate>1</tessellate><outerBoundaryIs><LinearRing><coordinates>30.023611,63.307222,0 30.025833,63.306389,0 30.025000,63.305278,0 30.022222,63.305278,0 30.021389,63.306389,0 30.023611,63.307222,0</coordinates></LinearRing></outerBoundaryIs></Polygon></Placemark>
<Placemark><name>FIN373 Maarianhamina - Ahvenanmaan merivartioasema UAS</name><styleUrl>#REQ_AUTHORISATION</styleUrl><description><![CDATA[<table><tr><td><b>Identifier</b></td><td>FIN373</td></tr><tr><td><b>Restriction</b></td><td>Authorisation required</td></tr><tr><td><b>Reason</b></td><td>Sensitive</td></tr><tr><td><b>Upper limit</b></td><td>not given</td></tr><tr><td><b>Lower limit</b></td><td>not given</td></tr><tr><td><b>Valid</b></td><td>2022-04-21 to 2027-04-21, any day</td></tr></table><p>Authority: <a href="https://www.droneinfo.fi/fi/uas-ilmatilavyohykkeet">Traficom</a></p>]]></description><Polygon><tessellate>1</tessellate><outerBoundaryIs><LinearRing><coordinates>19.924722,60.107222,0 19.923333,60.107222,0 19.923889,60.108056,0 19.925278,60.108056,0 19.924722,60.107222,0</coordinates></LinearRing></outerBoundaryIs></Polygon></Placemark>
<Placemark><name>FIN374 Muonion rajavartioasema UAS</name><styleUrl>#REQ_AUTHORISATION</styleUrl><description><![CDATA[<table><tr><td><b>Identifier</b></td><td>FIN374</td></tr><tr><td><b>Restriction</b></td><td>Authorisation required</td></tr><tr><td><b>Reason</b></td><td>Sensitive</td></tr><tr><td><b>Upper limit</b></td><td>not given</td></tr><tr><td><b>Lower limit</b></td><td>not given</td></tr><tr><td><b>Valid</b></td><td>2022-04-21 to 2027-04-21, any day</td></tr></table><p>Authority: <a href="https://www.droneinfo.fi/fi/uas-ilmatilavyohykkeet">Traficom</a></p>]]></description><Polygon><tessellate>1</tessellate><outerBoundaryIs><LinearRing><coordinates>23.669167,67.940556,0 23.670278,67.941667,0 23.671389,67.941667,0 23.670556,67.940556,0 23.671389,67.940556,0 23.671389,67.940278,0 23.669167,67.940556,0</coordinates></LinearRing></outerBoundaryIs></Polygon></Placemark>
<Placemark><name>FIN375 Virpiniemen merivartioasema UAS</name><styleUrl>#REQ_AUTHORISATION</styleUrl><description><![CDATA[<table><tr><td><b>Identifier</b></td><td>FIN375</td></tr><tr><td><b>Restriction</b></td><td>Authorisation required</td></tr><tr><td><b>Reason</b></td><td>Sensitive</td></tr><tr><td><b>Upper limit</b></td><td>not given</td></tr><tr><td><b>Lower limit</b></td><td>not given</td></tr><tr><td><b>Valid</b></td><td>2022-04-21 to 2027-04-21, any day</td></tr></table><p>Authority: <a href="https://www.droneinfo.fi/fi/uas-ilmatilavyohykkeet">Traficom</a></p>]]></description><Polygon><tessellate>1</tessellate><outerBoundaryIs><LinearRing><coordinates>25.235556,65.131389,0 25.246667,65.128889,0 25.246944,65.123333,0 25.236389,65.120556,0 25.225278,65.123056,0 25.225000,65.128611,0 25.235556,65.131389,0</coordinates></LinearRing></outerBoundaryIs></Polygon></Placemark>
<Placemark><name>FIN376 Nauvon merivartioasema UAS</name><styleUrl>#REQ_AUTHORISATION</styleUrl><description><![CDATA[<table><tr><td><b>Identifier</b></td><td>FIN376</td></tr><tr><td><b>Restriction</b></td><td>Authorisation required</td></tr><tr><td><b>Reason</b></td><td>Sensitive</td></tr><tr><td><b>Upper limit</b></td><td>not given</td></tr><tr><td><b>Lower limit</b></td><td>not given</td></tr><tr><td><b>Valid</b></td><td>2022-04-21 to 2027-04-21, any day</td></tr></table><p>Authority: <a href="https://www.droneinfo.fi/fi/uas-ilmatilavyohykkeet">Traficom</a></p>]]></description><Polygon><tessellate>1</tessellate><outerBoundaryIs><LinearRing><coordinates>21.707500,60.170556,0 21.716944,60.168333,0 21.717778,60.162500,0 21.709167,60.159722,0 21.699444,60.161944,0 21.698611,60.167778,0 21.707500,60.170556,0</coordinates></LinearRing></outerBoundaryIs></Polygon></Placemark>
<Placemark><name>FIN377 Porin merivartioasema UAS</name><styleUrl>#REQ_AUTHORISATION</styleUrl><description><![CDATA[<table><tr><td><b>Identifier</b></td><td>FIN377</td></tr><tr><td><b>Restriction</b></td><td>Authorisation required</td></tr><tr><td><b>Reason</b></td><td>Sensitive</td></tr><tr><td><b>Upper limit</b></td><td>not given</td></tr><tr><td><b>Lower limit</b></td><td>not given</td></tr><tr><td><b>Valid</b></td><td>2022-04-21 to 2027-04-21, any day</td></tr></table><p>Authority: <a href="https://www.droneinfo.fi/fi/uas-ilmatilavyohykkeet">Traficom</a></p>]]></description><Polygon><tessellate>1</tessellate><outerBoundaryIs><LinearRing><coordinates>21.463056,61.600000,0 21.472778,61.597778,0 21.473889,61.592222,0 21.464722,61.589167,0 21.454722,61.591389,0 21.453889,61.596944,0 21.463056,61.600000,0</coordinates></LinearRing></outerBoundaryIs></Polygon></Placemark>
<Placemark><name>FIN378 Porvoon merivartioasema UAS</name><styleUrl>#REQ_AUTHORISATION</styleUrl><description><![CDATA[<table><tr><td><b>Identifier</b></td><td>FIN378</td></tr><tr><td><b>Restriction</b></td><td>Authorisation required</td></tr><tr><td><b>Reason</b></td><td>Sensitive</td></tr><tr><td><b>Upper limit</b></td><td>not given</td></tr><tr><td><b>Lower limit</b></td><td>not given</td></tr><tr><td><b>Valid</b></td><td>2022-04-21 to 2027-04-21, any day</td></tr></table><p>Authority: <a href="https://www.droneinfo.fi/fi/uas-ilmatilavyohykkeet">Traficom</a></p>]]></description><Polygon><tessellate>1</tessellate><outerBoundaryIs><LinearRing><coordinates>25.585833,60.312500,0 25.586944,60.312778,0 25.588611,60.311667,0 25.586944,60.311389,0 25.585833,60.312222,0 25.585833,60.312500,0</coordinates></LinearRing></outerBoundaryIs></Polygon></Placemark>
<Placemark><name>FIN379 Tammisaaren merivartioasema UAS</name><styleUrl>#REQ_AUTHORISATION</styleUrl><description><![CDATA[<table><tr><td><b>Identifier</b></td><td>FIN379</td></tr><tr><td><b>Restriction</b></td><td>Authorisation required</td></tr><tr><td><b>Reason</b></td><td>Sensitive</td></tr><tr><td><b>Upper limit</b></td><td>not given</td></tr><tr><td><b>Lower limit</b></td><td>not given</td></tr><tr><td><b>Valid</b></td><td>2022-04-21 to 2027-04-21, any day</td></tr></table><p>Authority: <a href="https://www.droneinfo.fi/fi/uas-ilmatilavyohykkeet">Traficom</a></p>]]></description><Polygon><tessellate>1</tessellate><outerBoundaryIs><LinearRing><coordinates>23.513333,59.891111,0 23.515000,59.890278,0 23.514444,59.890000,0 23.511667,59.890556,0 23.513333,59.891111,0</coordinates></LinearRing></outerBoundaryIs></Polygon></Placemark>
<Placemark><name>FIN380 Rauman merivartioasema UAS</name><styleUrl>#REQ_AUTHORISATION</styleUrl><description><![CDATA[<table><tr><td><b>Identifier</b></td><td>FIN380</td></tr><tr><td><b>Restriction</b></td><td>Authorisation required</td></tr><tr><td><b>Reason</b></td><td>Sensitive</td></tr><tr><td><b>Upper limit</b></td><td>not given</td></tr><tr><td><b>Lower limit</b></td><td>not given</td></tr><tr><td><b>Valid</b></td><td>2022-04-21 to 2027-04-21, any day</td></tr></table><p>Authority: <a href="https://www.droneinfo.fi/fi/uas-ilmatilavyohykkeet">Traficom</a></p>]]></description><Polygon><tessellate>1</tessellate><outerBoundaryIs><LinearRing><coordinates>21.473611,61.128056,0 21.473611,61.126667,0 21.475556,61.126667,0 21.477222,61.127222,0 21.477222,61.127778,0 21.475000,61.128333,0 21.473611,61.128056,0</coordinates></LinearRing></outerBoundaryIs></Polygon></Placemark>
<Placemark><name>FIN381 Lapin rajavartioston esikunta UAS</name><styleUrl>#REQ_AUTHORISATION</styleUrl><description><![CDATA[<table><tr><td><b>Identifier</b></td><td>FIN381</td></tr><tr><td><b>Restriction</b></td><td>Authorisation required</td></tr><tr><td><b>Reason</b></td><td>Sensitive</td></tr><tr><td><b>Upper limit</b></td><td>not given</td></tr><tr><td><b>Lower limit</b></td><td>not given</td></tr><tr><td><b>Valid</b></td><td>2022-04-21 to 2027-04-21, any day</td></tr></table><p>Authority: <a href="https://www.droneinfo.fi/fi/uas-ilmatilavyohykkeet">Traficom</a></p>]]></description><Polygon><tessellate>1</tessellate><outerBoundaryIs><LinearRing><coordinates>25.686667,66.503889,0 25.685000,66.502500,0 25.687500,66.502222,0 25.689167,66.503611,0 25.686667,66.503889,0</coordinates></LinearRing></outerBoundaryIs></Polygon></Placemark>
<Placemark><name>FIN382 Suomussalmen rajavartioasema UAS</name><styleUrl>#REQ_AUTHORISATION</styleUrl><description><![CDATA[<table><tr><td><b>Identifier</b></td><td>FIN382</td></tr><tr><td><b>Restriction</b></td><td>Authorisation required</td></tr><tr><td><b>Reason</b></td><td>Sensitive</td></tr><tr><td><b>Upper limit</b></td><td>not given</td></tr><tr><td><b>Lower limit</b></td><td>not given</td></tr><tr><td><b>Valid</b></td><td>2022-04-21 to 2027-04-21, any day</td></tr></table><p>Authority: <a href="https://www.droneinfo.fi/fi/uas-ilmatilavyohykkeet">Traficom</a></p>]]></description><Polygon><tessellate>1</tessellate><outerBoundaryIs><LinearRing><coordinates>28.922500,64.884722,0 28.933333,64.881944,0 28.932778,64.876389,0 28.921944,64.873889,0 28.911111,64.876667,0 28.911667,64.882222,0 28.922500,64.884722,0</coordinates></LinearRing></outerBoundaryIs></Polygon></Placemark>
<Placemark><name>FIN383 Vallgrundin merivartioasema UAS</name><styleUrl>#REQ_AUTHORISATION</styleUrl><description><![CDATA[<table><tr><td><b>Identifier</b></td><td>FIN383</td></tr><tr><td><b>Restriction</b></td><td>Authorisation required</td></tr><tr><td><b>Reason</b></td><td>Sensitive</td></tr><tr><td><b>Upper limit</b></td><td>not given</td></tr><tr><td><b>Lower limit</b></td><td>not given</td></tr><tr><td><b>Valid</b></td><td>2022-04-21 to 2027-04-21, any day</td></tr></table><p>Authority: <a href="https://www.droneinfo.fi/fi/uas-ilmatilavyohykkeet">Traficom</a></p>]]></description><Polygon><tessellate>1</tessellate><outerBoundaryIs><LinearRing><coordinates>21.251667,63.166944,0 21.262222,63.164722,0 21.263333,63.159444,0 21.253611,63.156389,0 21.243056,63.158611,0 21.241667,63.163889,0 21.251667,63.166944,0</coordinates></LinearRing></outerBoundaryIs></Polygon></Placemark>
<Placemark><name>FIN384 Vanhan Vaasan sairaala UAS</name><styleUrl>#REQ_AUTHORISATION</styleUrl><description><![CDATA[<table><tr><td><b>Identifier</b></td><td>FIN384</td></tr><tr><td><b>Restriction</b></td><td>Authorisation required</td></tr><tr><td><b>Reason</b></td><td>Sensitive</td></tr><tr><td><b>Upper limit</b></td><td>50 m AGL</td></tr><tr><td><b>Lower limit</b></td><td>not given</td></tr><tr><td><b>Valid</b></td><td>2022-06-20 to 2027-04-21, any day</td></tr></table><p>Authority: <a href="https://www.droneinfo.fi/fi/uas-ilmatilavyohykkeet">Traficom</a></p>]]></description><Polygon><tessellate>1</tessellate><outerBoundaryIs><LinearRing><coordinates>21.713611,63.073333,0 21.715833,63.070833,0 21.713611,63.070556,0 21.712778,63.070278,0 21.713056,63.069444,0 21.705833,63.068333,0 21.703611,63.070556,0 21.708056,63.071389,0 21.708056,63.072778,0 21.713611,63.073333,0</coordinates></LinearRing></outerBoundaryIs></Polygon></Placemark>
<Placemark><name>FIN385 Ilmatieteen laitoksen Kumpulan UAS</name><styleUrl>#REQ_AUTHORISATION</styleUrl><description><![CDATA[<table><tr><td><b>Identifier</b></td><td>FIN385</td></tr><tr><td><b>Restriction</b></td><td>Authorisation required</td></tr><tr><td><b>Reason</b></td><td>Sensitive</td></tr><tr><td><b>Upper limit</b></td><td>150 m AGL</td></tr><tr><td><b>Lower limit</b></td><td>not given</td></tr><tr><td><b>Valid</b></td><td>2022-12-13 to 2027-04-17, any day</td></tr></table><p>Authority: <a href="https://www.droneinfo.fi/fi/uas-ilmatilavyohykkeet">Traficom</a></p>]]></description><Polygon><tessellate>1</tessellate><outerBoundaryIs><LinearRing><coordinates>24.956667,60.204167,0 24.961111,60.206389,0 24.965556,60.204167,0 24.963056,60.201389,0 24.956667,60.204167,0</coordinates></LinearRing></outerBoundaryIs></Polygon></Placemark>
<Placemark><name>FIN388 Länsi-Uudenmaan poliisilaitos UAS</name><styleUrl>#REQ_AUTHORISATION</styleUrl><description><![CDATA[<table><tr><td><b>Identifier</b></td><td>FIN388</td></tr><tr><td><b>Restriction</b></td><td>Authorisation required</td></tr><tr><td><b>Reason</b></td><td>Sensitive</td></tr><tr><td><b>Upper limit</b></td><td>200 m AGL</td></tr><tr><td><b>Lower limit</b></td><td>not given</td></tr><tr><td><b>Valid</b></td><td>2023-04-20 to 2027-04-21, any day</td></tr></table><p>Authority: <a href="https://www.droneinfo.fi/fi/uas-ilmatilavyohykkeet">Traficom</a></p>]]></description><Polygon><tessellate>1</tessellate><outerBoundaryIs><LinearRing><coordinates>24.761389,60.209444,0 24.763333,60.209444,0 24.764167,60.208611,0 24.764444,60.206944,0 24.761667,60.206944,0 24.761667,60.207500,0 24.758889,60.207778,0 24.758611,60.208611,0 24.760833,60.208611,0 24.761389,60.209444,0</coordinates></LinearRing></outerBoundaryIs></Polygon></Placemark>
<Placemark><name>FIN389 Kemin poliisiasema UAS A</name><styleUrl>#REQ_AUTHORISATION</styleUrl><description><![CDATA[<table><tr><td><b>Identifier</b></td><td>FIN389</td></tr><tr><td><b>Restriction</b></td><td>Authorisation required</td></tr><tr><td><b>Reason</b></td><td>Sensitive</td></tr><tr><td><b>Upper limit</b></td><td>200 m AGL</td></tr><tr><td><b>Lower limit</b></td><td>not given</td></tr><tr><td><b>Valid</b></td><td>2023-04-20 to 2027-04-21, any day</td></tr></table><p>Authority: <a href="https://www.droneinfo.fi/fi/uas-ilmatilavyohykkeet">Traficom</a></p>]]></description><Polygon><tessellate>1</tessellate><outerBoundaryIs><LinearRing><coordinates>24.572222,65.735833,0 24.574167,65.735000,0 24.573333,65.734444,0 24.572500,65.735000,0 24.572222,65.735833,0</coordinates></LinearRing></outerBoundaryIs></Polygon></Placemark>
<Placemark><name>FIN390 Kemin poliisiasema UAS B</name><styleUrl>#REQ_AUTHORISATION</styleUrl><description><![CDATA[<table><tr><td><b>Identifier</b></td><td>FIN390</td></tr><tr><td><b>Restriction</b></td><td>Authorisation required</td></tr><tr><td><b>Reason</b></td><td>Sensitive</td></tr><tr><td><b>Upper limit</b></td><td>200 m AGL</td></tr><tr><td><b>Lower limit</b></td><td>not given</td></tr><tr><td><b>Valid</b></td><td>2023-04-20 to 2027-04-21, any day</td></tr></table><p>Authority: <a href="https://www.droneinfo.fi/fi/uas-ilmatilavyohykkeet">Traficom</a></p>]]></description><Polygon><tessellate>1</tessellate><outerBoundaryIs><LinearRing><coordinates>24.571389,65.734722,0 24.570556,65.735000,0 24.571111,65.735556,0 24.571389,65.735278,0 24.571389,65.734722,0</coordinates></LinearRing></outerBoundaryIs></Polygon></Placemark>
<Placemark><name>FIN391 Turvakampus Oulu UAS</name><styleUrl>#REQ_AUTHORISATION</styleUrl><description><![CDATA[<table><tr><td><b>Identifier</b></td><td>FIN391</td></tr><tr><td><b>Restriction</b></td><td>Authorisation required</td></tr><tr><td><b>Reason</b></td><td>Sensitive</td></tr><tr><td><b>Upper limit</b></td><td>200 m AGL</td></tr><tr><td><b>Lower limit</b></td><td>not given</td></tr><tr><td><b>Valid</b></td><td>2023-04-20 to 2027-04-21, any day</td></tr></table><p>Authority: <a href="https://www.droneinfo.fi/fi/uas-ilmatilavyohykkeet">Traficom</a></p>]]></description><Polygon><tessellate>1</tessellate><outerBoundaryIs><LinearRing><coordinates>25.579167,65.061389,0 25.583333,65.060556,0 25.585278,65.059722,0 25.586389,65.058611,0 25.586667,65.056944,0 25.583611,65.056111,0 25.582500,65.056944,0 25.575833,65.059167,0 25.579167,65.061389,0</coordinates></LinearRing></outerBoundaryIs></Polygon></Placemark>
<Placemark><name>FIN392 Pietarsaaren poliisiasema UAS</name><styleUrl>#REQ_AUTHORISATION</styleUrl><description><![CDATA[<table><tr><td><b>Identifier</b></td><td>FIN392</td></tr><tr><td><b>Restriction</b></td><td>Authorisation required</td></tr><tr><td><b>Reason</b></td><td>Sensitive</td></tr><tr><td><b>Upper limit</b></td><td>200 m AGL</td></tr><tr><td><b>Lower limit</b></td><td>not given</td></tr><tr><td><b>Valid</b></td><td>2023-04-20 to 2027-04-21, any day</td></tr></table><p>Authority: <a href="https://www.droneinfo.fi/fi/uas-ilmatilavyohykkeet">Traficom</a></p>]]></description><Polygon><tessellate>1</tessellate><outerBoundaryIs><LinearRing><coordinates>22.710000,63.676389,0 22.710833,63.676389,0 22.711111,63.676389,0 22.711389,63.675833,0 22.708056,63.675278,0 22.707500,63.675278,0 22.707500,63.675833,0 22.708333,63.675833,0 22.709167,63.676111,0 22.710000,63.676389,0</coordinates></LinearRing></outerBoundaryIs></Polygon></Placemark>
<Placemark><name>FIN393 Rovaniemen poliisiasema UAS</name><styleUrl>#REQ_AUTHORISATION</styleUrl><description><![CDATA[<table><tr><td><b>Identifier</b></td><td>FIN393</td></tr><tr><td><b>Restriction</b></td><td>Authorisation required</td></tr><tr><td><b>Reason</b></td><td>Sensitive</td></tr><tr><td><b>Upper limit</b></td><td>200 m AGL</td></tr><tr><td><b>Lower limit</b></td><td>not given</td></tr><tr><td><b>Valid</b></td><td>2023-04-20 to 2027-04-21, any day</td></tr></table><p>Authority: <a href="https://www.droneinfo.fi/fi/uas-ilmatilavyohykkeet">Traficom</a></p>]]></description><Polygon><tessellate>1</tessellate><outerBoundaryIs><LinearRing><coordinates>25.726944,66.496944,0 25.730000,66.496944,0 25.730278,66.495833,0 25.726944,66.495833,0 25.726944,66.496944,0</coordinates></LinearRing></outerBoundaryIs></Polygon></Placemark>
<Placemark><name>FIN394 Vihtavuori UAS</name><styleUrl>#REQ_AUTHORISATION</styleUrl><description><![CDATA[<table><tr><td><b>Identifier</b></td><td>FIN394</td></tr><tr><td><b>Restriction</b></td><td>Authorisation required</td></tr><tr><td><b>Reason</b></td><td>Sensitive</td></tr><tr><td><b>Upper limit</b></td><td>150 m AGL</td></tr><tr><td><b>Lower limit</b></td><td>not given</td></tr><tr><td><b>Valid</b></td><td>2023-04-20 to 2027-04-17, any day</td></tr></table><p>Authority: <a href="https://www.droneinfo.fi/fi/uas-ilmatilavyohykkeet">Traficom</a></p>]]></description><Polygon><tessellate>1</tessellate><outerBoundaryIs><LinearRing><coordinates>25.890278,62.389444,0 25.897778,62.386389,0 25.894167,62.383889,0 25.882500,62.382778,0 25.879722,62.381111,0 25.879722,62.381111,0 25.880833,62.379722,0 25.878889,62.375833,0 25.881389,62.374722,0 25.880278,62.373611,0 25.878056,62.373333,0 25.873889,62.370000,0 25.871111,62.368611,0 25.865833,62.369444,0 25.862778,62.368056,0 25.861111,62.368056,0 25.855278,62.373611,0 25.859722,62.376944,0 25.864444,62.381389,0 25.869444,62.385000,0 25.866389,62.386389,0 25.870556,62.388611,0 25.879722,62.389722,0 25.890278,62.389444,0</coordinates></LinearRing></outerBoundaryIs></Polygon></Placemark>
<Placemark><name>FIN395 Kymijärven voimalaitos UAS</name><styleUrl>#REQ_AUTHORISATION</styleUrl><description><![CDATA[<table><tr><td><b>Identifier</b></td><td>FIN395</td></tr><tr><td><b>Restriction</b></td><td>Authorisation required</td></tr><tr><td><b>Reason</b></td><td>Sensitive</td></tr><tr><td><b>Upper limit</b></td><td>120 m AGL</td></tr><tr><td><b>Lower limit</b></td><td>not given</td></tr><tr><td><b>Valid</b></td><td>2023-04-20 to 2027-04-17, any day</td></tr></table><p>Authority: <a href="https://www.droneinfo.fi/fi/uas-ilmatilavyohykkeet">Traficom</a></p>]]></description><Polygon><tessellate>1</tessellate><outerBoundaryIs><LinearRing><coordinates>25.717222,60.996389,0 25.719722,60.995278,0 25.724444,60.991667,0 25.723056,60.987500,0 25.718889,60.986944,0 25.718889,60.989722,0 25.716944,60.991667,0 25.714722,60.995833,0 25.717222,60.996389,0</coordinates></LinearRing></outerBoundaryIs></Polygon></Placemark>
<Placemark><name>FIN396 Pansio UAS</name><styleUrl>#REQ_AUTHORISATION</styleUrl><description><![CDATA[<table><tr><td><b>Identifier</b></td><td>FIN396</td></tr><tr><td><b>Restriction</b></td><td>Authorisation required</td></tr><tr><td><b>Reason</b></td><td>Sensitive</td></tr><tr><td><b>Upper limit</b></td><td>1000 ft AMSL</td></tr><tr><td><b>Lower limit</b></td><td>not given</td></tr><tr><td><b>Valid</b></td><td>2023-04-20 to 2027-04-17, any day</td></tr></table><p>Authority: <a href="https://www.droneinfo.fi/fi/uas-ilmatilavyohykkeet">Traficom</a></p>]]></description><Polygon><tessellate>1</tessellate><outerBoundaryIs><LinearRing><coordinates>22.111111,60.448056,0 22.117500,60.429167,0 22.156111,60.431389,0 22.157222,60.433333,0 22.147222,60.452778,0 22.111111,60.448056,0</coordinates></LinearRing></outerBoundaryIs></Polygon></Placemark>
<Placemark><name>FIN397 Kupariteollisuuspuisto UAS</name><styleUrl>#REQ_AUTHORISATION</styleUrl><description><![CDATA[<table><tr><td><b>Identifier</b></td><td>FIN397</td></tr><tr><td><b>Restriction</b></td><td>Authorisation required</td></tr><tr><td><b>Reason</b></td><td>Sensitive</td></tr><tr><td><b>Upper limit</b></td><td>150 m AGL</td></tr><tr><td><b>Lower limit</b></td><td>not given</td></tr><tr><td><b>Valid</b></td><td>2023-04-20 to 2050-04-17, any day</td></tr></table><p>Authority: <a href="https://www.droneinfo.fi/fi/uas-ilmatilavyohykkeet">Traficom</a></p>]]></description><Polygon><tessellate>1</tessellate><outerBoundaryIs><LinearRing><coordinates>21.854167,61.455278,0 21.858889,61.455833,0 21.870000,61.456389,0 21.871389,61.461944,0 21.853611,61.461667,0 21.854167,61.455278,0</coordinates></LinearRing></outerBoundaryIs></Polygon></Placemark>
<Placemark><name>FIN398 Outokumpu Tornion tehtaat UAS</name><styleUrl>#REQ_AUTHORISATION</styleUrl><description><![CDATA[<table><tr><td><b>Identifier</b></td><td>FIN398</td></tr><tr><td><b>Restriction</b></td><td>Authorisation required</td></tr><tr><td><b>Reason</b></td><td>Sensitive</td></tr><tr><td><b>Upper limit</b></td><td>150 m AGL</td></tr><tr><td><b>Lower limit</b></td><td>not given</td></tr><tr><td><b>Valid</b></td><td>2023-04-20 to 2027-04-17, any day</td></tr></table><p>Authority: <a href="https://www.droneinfo.fi/fi/uas-ilmatilavyohykkeet">Traficom</a></p>]]></description><Polygon><tessellate>1</tessellate><outerBoundaryIs><LinearRing><coordinates>24.186111,65.788056,0 24.189167,65.785833,0 24.188611,65.783333,0 24.188889,65.781667,0 24.191111,65.780000,0 24.190278,65.777222,0 24.191111,65.775556,0 24.195556,65.772500,0 24.195556,65.771389,0 24.196944,65.769444,0 24.197222,65.766667,0 24.199722,65.765833,0 24.199722,65.765278,0 24.198611,65.765278,0 24.196667,65.766111,0 24.195833,65.765556,0 24.195278,65.761667,0 24.194444,65.760833,0 24.196111,65.756944,0 24.173889,65.755000,0 24.175556,65.753611,0 24.158333,65.747500,0 24.148056,65.755833,0 24.142222,65.765000,0 24.142222,65.766389,0 24.146389,65.766389,0 24.150556,65.763333,0 24.153889,65.764167,0 24.150556,65.766389,0 24.153056,65.767778,0 24.156111,65.768056,0 24.151944,65.770556,0 24.152778,65.778056,0 24.153889,65.778611,0 24.155833,65.778611,0 24.155833,65.778611,0 24.163889,65.778611,0 24.165278,65.780000,0 24.166944,65.780833,0 24.171389,65.781389,0 24.176944,65.782222,0 24.180278,65.783333,0 24.182778,65.785556,0 24.184444,65.787778,0 24.186111,65.788056,0</coordinates></LinearRing></outerBoundaryIs></Polygon></Placemark>
<Placemark><name>FIN399 Kuusamon poliisiasema UAS</name><styleUrl>#REQ_AUTHORISATION</styleUrl><description><![CDATA[<table><tr><td><b>Identifier</b></td><td>FIN399</td></tr><tr><td><b>Restriction</b></td><td>Authorisation required</td></tr><tr><td><b>Reason</b></td><td>Sensitive</td></tr><tr><td><b>Upper limit</b></td><td>200 m AGL</td></tr><tr><td><b>Lower limit</b></td><td>not given</td></tr><tr><td><b>Valid</b></td><td>2023-04-20 to 2027-04-21, any day</td></tr></table><p>Authority: <a href="https://www.droneinfo.fi/fi/uas-ilmatilavyohykkeet">Traficom</a></p>]]></description><Polygon><tessellate>1</tessellate><outerBoundaryIs><LinearRing><coordinates>29.166944,65.979167,0 29.168889,65.978611,0 29.169167,65.978333,0 29.168333,65.977778,0 29.165833,65.978333,0 29.166944,65.979167,0</coordinates></LinearRing></outerBoundaryIs></Polygon></Placemark>
<Placemark><name>FIN401 Yle Pasila UAS</name><styleUrl>#REQ_AUTHORISATION</styleUrl><description><![CDATA[<table><tr><td><b>Identifier</b></td><td>FIN401</td></tr><tr><td><b>Restriction</b></td><td>Authorisation required</td></tr><tr><td><b>Reason</b></td><td>Sensitive</td></tr><tr><td><b>Upper limit</b></td><td>150 m AGL</td></tr><tr><td><b>Lower limit</b></td><td>not given</td></tr><tr><td><b>Valid</b></td><td>2023-04-20 to 2027-04-17, any day</td></tr></table><p>Authority: <a href="https://www.droneinfo.fi/fi/uas-ilmatilavyohykkeet">Traficom</a></p>]]></description><Polygon><tessellate>1</tessellate><outerBoundaryIs><LinearRing><coordinates>24.923333,60.205833,0 24.925833,60.203889,0 24.925556,60.202778,0 24.922500,60.202500,0 24.919722,60.204722,0 24.920556,60.205556,0 24.923333,60.205833,0</coordinates></LinearRing></outerBoundaryIs></Polygon></Placemark>
<Placemark><name>FIN402 Poliisin informaatioteknologiakeskus UAS</name><styleUrl>#REQ_AUTHORISATION</styleUrl><description><![CDATA[<table><tr><td><b>Identifier</b></td><td>FIN402</td></tr><tr><td><b>Restriction</b></td><td>Authorisation required</td></tr><tr><td><b>Reason</b></td><td>Sensitive</td></tr><tr><td><b>Upper limit</b></td><td>200 m AGL</td></tr><tr><td><b>Lower limit</b></td><td>not given</td></tr><tr><td><b>Valid</b></td><td>2023-04-20 to 2027-04-21, any day</td></tr></table><p>Authority: <a href="https://www.droneinfo.fi/fi/uas-ilmatilavyohykkeet">Traficom</a></p>]]></description><Polygon><tessellate>1</tessellate><outerBoundaryIs><LinearRing><coordinates>25.727778,66.474722,0 25.734444,66.474167,0 25.734722,66.473611,0 25.733611,66.472778,0 25.727222,66.473611,0 25.727778,66.474722,0</coordinates></LinearRing></outerBoundaryIs></Polygon></Placemark>
<Placemark><name>FIN403 Poliisin digitalo UAS</name><styleUrl>#REQ_AUTHORISATION</styleUrl><description><![CDATA[<table><tr><td><b>Identifier</b></td><td>FIN403</td></tr><tr><td><b>Restriction</b></td><td>Authorisation required</td></tr><tr><td><b>Reason</b></td><td>Sensitive</td></tr><tr><td><b>Upper limit</b></td><td>200 m AGL</td></tr><tr><td><b>Lower limit</b></td><td>not given</td></tr><tr><td><b>Valid</b></td><td>2023-04-18 to 2027-04-14, any day</td></tr></table><p>Authority: <a href="https://www.droneinfo.fi/fi/uas-ilmatilavyohykkeet">Traficom</a></p>]]></description><Polygon><tessellate>1</tessellate><outerBoundaryIs><LinearRing><coordinates>24.825278,60.182222,0 24.826944,60.183056,0 24.827778,60.182500,0 24.826111,60.181667,0 24.825278,60.182222,0</coordinates></LinearRing></outerBoundaryIs></Polygon></Placemark>
<Placemark><name>FIN404 Poliisihallitus Riihimäki UAS</name><styleUrl>#REQ_AUTHORISATION</styleUrl><description><![CDATA[<table><tr><td><b>Identifier</b></td><td>FIN404</td></tr><tr><td><b>Restriction</b></td><td>Authorisation required</td></tr><tr><td><b>Reason</b></td><td>Sensitive</td></tr><tr><td><b>Upper limit</b></td><td>200 m AGL</td></tr><tr><td><b>Lower limit</b></td><td>not given</td></tr><tr><td><b>Valid</b></td><td>2023-05-01 to 2027-04-21, any day</td></tr></table><p>Authority: <a href="https://www.droneinfo.fi/fi/uas-ilmatilavyohykkeet">Traficom</a></p>]]></description><Polygon><tessellate>1</tessellate><outerBoundaryIs><LinearRing><coordinates>24.748333,60.724444,0 24.750278,60.724722,0 24.750556,60.723889,0 24.748889,60.723611,0 24.748333,60.724444,0</coordinates></LinearRing></outerBoundaryIs></Polygon></Placemark>
<Placemark><name>FIN405 Nammo Lapua UAS</name><styleUrl>#REQ_AUTHORISATION</styleUrl><description><![CDATA[<table><tr><td><b>Identifier</b></td><td>FIN405</td></tr><tr><td><b>Restriction</b></td><td>Authorisation required</td></tr><tr><td><b>Reason</b></td><td>Sensitive</td></tr><tr><td><b>Upper limit</b></td><td>150 m AGL</td></tr><tr><td><b>Lower limit</b></td><td>not given</td></tr><tr><td><b>Valid</b></td><td>2023-05-08 to 2027-04-17, any day</td></tr></table><p>Authority: <a href="https://www.droneinfo.fi/fi/uas-ilmatilavyohykkeet">Traficom</a></p>]]></description><Polygon><tessellate>1</tessellate><outerBoundaryIs><LinearRing><coordinates>23.042778,62.940278,0 23.049722,62.940000,0 23.061111,62.929722,0 23.057222,62.926944,0 23.039444,62.932222,0 23.039444,62.937500,0 23.042778,62.937500,0 23.042778,62.940278,0</coordinates></LinearRing></outerBoundaryIs></Polygon></Placemark>
<Placemark><name>FIN406 Yara Uudenkaupungin tehtaat UAS</name><styleUrl>#REQ_AUTHORISATION</styleUrl><description><![CDATA[<table><tr><td><b>Identifier</b></td><td>FIN406</td></tr><tr><td><b>Restriction</b></td><td>Authorisation required</td></tr><tr><td><b>Reason</b></td><td>Sensitive</td></tr><tr><td><b>Upper limit</b></td><td>150 m AGL</td></tr><tr><td><b>Lower limit</b></td><td>not given</td></tr><tr><td><b>Valid</b></td><td>2023-05-08 to 2050-04-17, any day</td></tr></table><p>Authority: <a href="https://www.droneinfo.fi/fi/uas-ilmatilavyohykkeet">Traficom</a></p>]]></description><Polygon><tessellate>1</tessellate><outerBoundaryIs><LinearRing><coordinates>21.358889,60.800833,0 21.364722,60.796944,0 21.362222,60.787778,0 21.334722,60.786389,0 21.333056,60.794722,0 21.358889,60.800833,0</coordinates></LinearRing></outerBoundaryIs></Polygon></Placemark>
<Placemark><name>FIN407 Lappohjan rajavartioasema UAS</name><styleUrl>#REQ_AUTHORISATION</styleUrl><description><![CDATA[<table><tr><td><b>Identifier</b></td><td>FIN407</td></tr><tr><td><b>Restriction</b></td><td>Authorisation required</td></tr><tr><td><b>Reason</b></td><td>Sensitive</td></tr><tr><td><b>Upper limit</b></td><td>not given</td></tr><tr><td><b>Lower limit</b></td><td>not given</td></tr><tr><td><b>Valid</b></td><td>2023-05-15 to 2027-04-21, any day</td></tr></table><p>Authority: <a href="https://www.droneinfo.fi/fi/uas-ilmatilavyohykkeet">Traficom</a></p>]]></description><Polygon><tessellate>1</tessellate><outerBoundaryIs><LinearRing><coordinates>23.261944,59.902778,0 23.263889,59.901667,0 23.265000,59.901944,0 23.268611,59.900833,0 23.261111,59.898333,0 23.259167,59.900278,0 23.261944,59.901389,0 23.261111,59.902500,0 23.261944,59.902778,0</coordinates></LinearRing></outerBoundaryIs></Polygon></Placemark>
<Placemark><name>FIN408 Uudenkaupungin työvene UAS</name><styleUrl>#REQ_AUTHORISATION</styleUrl><description><![CDATA[<table><tr><td><b>Identifier</b></td><td>FIN408</td></tr><tr><td><b>Restriction</b></td><td>Authorisation required</td></tr><tr><td><b>Reason</b></td><td>Sensitive</td></tr><tr><td><b>Upper limit</b></td><td>150 m AGL</td></tr><tr><td><b>Lower limit</b></td><td>not given</td></tr><tr><td><b>Valid</b></td><td>2023-06-01 to 2027-04-17, any day</td></tr></table><p>Authority: <a href="https://www.droneinfo.fi/fi/uas-ilmatilavyohykkeet">Traficom</a></p>]]></description><Polygon><tessellate>1</tessellate><outerBoundaryIs><LinearRing><coordinates>21.381944,60.798333,0 21.382222,60.798889,0 21.381944,60.798889,0 21.381944,60.798889,0 21.380278,60.799444,0 21.379722,60.799444,0 21.377222,60.800000,0 21.377222,60.800000,0 21.377222,60.800000,0 21.377222,60.800278,0 21.377500,60.800278,0 21.377778,60.800556,0 21.377778,60.800556,0 21.378056,60.800556,0 21.378333,60.800556,0 21.378056,60.800833,0 21.378056,60.801111,0 21.378056,60.801389,0 21.378056,60.801389,0 21.378056,60.801389,0 21.377778,60.801944,0 21.377778,60.801944,0 21.379444,60.802222,0 21.380556,60.801667,0 21.380833,60.801389,0 21.380833,60.801389,0 21.380278,60.801111,0 21.380000,60.800833,0 21.380000,60.800833,0 21.380000,60.800556,0 21.380000,60.800556,0 21.380278,60.800278,0 21.380556,60.800000,0 21.381389,60.800278,0 21.381667,60.800000,0 21.381944,60.800000,0 21.382778,60.800000,0 21.382778,60.799722,0 21.383333,60.799444,0 21.383611,60.799167,0 21.381944,60.798333,0</coordinates></LinearRing></outerBoundaryIs></Polygon></Placemark>
<Placemark><name>FIN409 Atria Nurmo UAS</name><styleUrl>#REQ_AUTHORISATION</styleUrl><description><![CDATA[<table><tr><td><b>Identifier</b></td><td>FIN409</td></tr><tr><td><b>Restriction</b></td><td>Authorisation required</td></tr><tr><td><b>Reason</b></td><td>Sensitive</td></tr><tr><td><b>Upper limit</b></td><td>150 m AGL</td></tr><tr><td><b>Lower limit</b></td><td>not given</td></tr><tr><td><b>Valid</b></td><td>2023-06-19 to 2027-04-17, any day</td></tr></table><p>Authority: <a href="https://www.droneinfo.fi/fi/uas-ilmatilavyohykkeet">Traficom</a></p>]]></description><Polygon><tessellate>1</tessellate><outerBoundaryIs><LinearRing><coordinates>22.945556,62.845833,0 22.961111,62.846389,0 22.968056,62.844722,0 22.968889,62.839444,0 22.943889,62.837778,0 22.945556,62.845833,0</coordinates></LinearRing></outerBoundaryIs></Polygon></Placemark>
<Placemark><name>FIN410 Atria Kauhajoki UAS</name><styleUrl>#REQ_AUTHORISATION</styleUrl><description><![CDATA[<table><tr><td><b>Identifier</b></td><td>FIN410</td></tr><tr><td><b>Restriction</b></td><td>Authorisation required</td></tr><tr><td><b>Reason</b></td><td>Sensitive</td></tr><tr><td><b>Upper limit</b></td><td>150 m AGL</td></tr><tr><td><b>Lower limit</b></td><td>not given</td></tr><tr><td><b>Valid</b></td><td>2023-06-19 to 2027-04-17, any day</td></tr></table><p>Authority: <a href="https://www.droneinfo.fi/fi/uas-ilmatilavyohykkeet">Traficom</a></p>]]></description><Polygon><tessellate>1</tessellate><outerBoundaryIs><LinearRing><coordinates>22.210556,62.447500,0 22.213889,62.446667,0 22.211389,62.444167,0 22.207500,62.445278,0 22.207778,62.446667,0 22.210556,62.447500,0</coordinates></LinearRing></outerBoundaryIs></Polygon></Placemark>
<Placemark><name>FIN411 Atria Jyväskylä UAS</name><styleUrl>#REQ_AUTHORISATION</styleUrl><description><![CDATA[<table><tr><td><b>Identifier</b></td><td>FIN411</td></tr><tr><td><b>Restriction</b></td><td>Authorisation required</td></tr><tr><td><b>Reason</b></td><td>Sensitive</td></tr><tr><td><b>Upper limit</b></td><td>150 m AGL</td></tr><tr><td><b>Lower limit</b></td><td>not given</td></tr><tr><td><b>Valid</b></td><td>2023-06-19 to 2027-04-17, any day</td></tr></table><p>Authority: <a href="https://www.droneinfo.fi/fi/uas-ilmatilavyohykkeet">Traficom</a></p>]]></description><Polygon><tessellate>1</tessellate><outerBoundaryIs><LinearRing><coordinates>25.797222,62.276667,0 25.800000,62.275833,0 25.796944,62.273333,0 25.793333,62.274444,0 25.797222,62.276667,0</coordinates></LinearRing></outerBoundaryIs></Polygon></Placemark>
<Placemark><name>FIN412 EFML UAS</name><styleUrl>#REQ_AUTHORISATION</styleUrl><description><![CDATA[<table><tr><td><b>Identifier</b></td><td>FIN412</td></tr><tr><td><b>Restriction</b></td><td>Authorisation required</td></tr><tr><td><b>Reason</b></td><td>Air traffic</td></tr><tr><td><b>Upper limit</b></td><td>300 m AGL</td></tr><tr><td><b>Lower limit</b></td><td>not given</td></tr><tr><td><b>Valid</b></td><td>2023-07-01 to 2027-04-21, any day</td></tr></table><p>Authority: <a href="https://www.droneinfo.fi/fi/uas-ilmatilavyohykkeet">Traficom</a></p>]]></description><Polygon><tessellate>1</tessellate><outerBoundaryIs><LinearRing><coordinates>25.400000,65.319444,0 25.464167,65.293889,0 25.435556,65.280278,0 25.368056,65.305556,0 25.400000,65.319444,0</coordinates></LinearRing></outerBoundaryIs></Polygon></Placemark>
<Placemark><name>FIN414 Hanko Forcit north UAS</name><styleUrl>#REQ_AUTHORISATION</styleUrl><description><![CDATA[<table><tr><td><b>Identifier</b></td><td>FIN414</td></tr><tr><td><b>Restriction</b></td><td>Authorisation required</td></tr><tr><td><b>Reason</b></td><td>Sensitive</td></tr><tr><td><b>Upper limit</b></td><td>150 m AGL</td></tr><tr><td><b>Lower limit</b></td><td>not given</td></tr><tr><td><b>Valid</b></td><td>2023-07-21 to 2027-04-17, any day</td></tr></table><p>Authority: <a href="https://www.droneinfo.fi/fi/uas-ilmatilavyohykkeet">Traficom</a></p>]]></description><Polygon><tessellate>1</tessellate><outerBoundaryIs><LinearRing><coordinates>23.064722,59.878333,0 23.076389,59.877500,0 23.080833,59.874722,0 23.077222,59.868611,0 23.065000,59.865556,0 23.044722,59.861111,0 23.045278,59.869167,0 23.064722,59.878333,0</coordinates></LinearRing></outerBoundaryIs></Polygon></Placemark>
<Placemark><name>FIN415 Hanko Forcit south UAS</name><styleUrl>#REQ_AUTHORISATION</styleUrl><description><![CDATA[<table><tr><td><b>Identifier</b></td><td>FIN415</td></tr><tr><td><b>Restriction</b></td><td>Authorisation required</td></tr><tr><td><b>Reason</b></td><td>Sensitive</td></tr><tr><td><b>Upper limit</b></td><td>150 m AGL</td></tr><tr><td><b>Lower limit</b></td><td>not given</td></tr><tr><td><b>Valid</b></td><td>2023-07-21 to 2027-04-17, any day</td></tr></table><p>Authority: <a href="https://www.droneinfo.fi/fi/uas-ilmatilavyohykkeet">Traficom</a></p>]]></description><Polygon><tessellate>1</tessellate><outerBoundaryIs><LinearRing><coordinates>23.068889,59.866111,0 23.070833,59.865833,0 23.074722,59.864444,0 23.068611,59.863056,0 23.065556,59.865000,0 23.068889,59.866111,0</coordinates></LinearRing></outerBoundaryIs></Polygon></Placemark>
<Placemark><name>FIN416 Lapua Forcit UAS</name><styleUrl>#REQ_AUTHORISATION</styleUrl><description><![CDATA[<table><tr><td><b>Identifier</b></td><td>FIN416</td></tr><tr><td><b>Restriction</b></td><td>Authorisation required</td></tr><tr><td><b>Reason</b></td><td>Sensitive</td></tr><tr><td><b>Upper limit</b></td><td>150 m AGL</td></tr><tr><td><b>Lower limit</b></td><td>not given</td></tr><tr><td><b>Valid</b></td><td>2023-07-21 to 2050-04-17, any day</td></tr></table><p>Authority: <a href="https://www.droneinfo.fi/fi/uas-ilmatilavyohykkeet">Traficom</a></p>]]></description><Polygon><tessellate>1</tessellate><outerBoundaryIs><LinearRing><coordinates>22.944722,62.944167,0 22.946111,62.942778,0 22.936944,62.940833,0 22.935556,62.942500,0 22.944722,62.944167,0</coordinates></LinearRing></outerBoundaryIs></Polygon></Placemark>
<Placemark><name>FIN417 Orikorpi Forcit UAS</name><styleUrl>#REQ_AUTHORISATION</styleUrl><description><![CDATA[<table><tr><td><b>Identifier</b></td><td>FIN417</td></tr><tr><td><b>Restriction</b></td><td>Authorisation required</td></tr><tr><td><b>Reason</b></td><td>Sensitive</td></tr><tr><td><b>Upper limit</b></td><td>150 m AGL</td></tr><tr><td><b>Lower limit</b></td><td>not given</td></tr><tr><td><b>Valid</b></td><td>2023-07-21 to 2050-04-17, any day</td></tr></table><p>Authority: <a href="https://www.droneinfo.fi/fi/uas-ilmatilavyohykkeet">Traficom</a></p>]]></description><Polygon><tessellate>1</tessellate><outerBoundaryIs><LinearRing><coordinates>24.974167,60.468056,0 24.976111,60.465000,0 24.968889,60.464167,0 24.970556,60.460278,0 24.966667,60.460000,0 24.965278,60.463056,0 24.966944,60.463056,0 24.966389,60.464444,0 24.964444,60.464167,0 24.963889,60.465556,0 24.966111,60.465833,0 24.965556,60.467222,0 24.974167,60.468056,0</coordinates></LinearRing></outerBoundaryIs></Polygon></Placemark>
<Placemark><name>FIN418 Rauman satama UAS</name><styleUrl>#REQ_AUTHORISATION</styleUrl><description><![CDATA[<table><tr><td><b>Identifier</b></td><td>FIN418</td></tr><tr><td><b>Restriction</b></td><td>Authorisation required</td></tr><tr><td><b>Reason</b></td><td>Sensitive</td></tr><tr><td><b>Upper limit</b></td><td>150 m AGL</td></tr><tr><td><b>Lower limit</b></td><td>not given</td></tr><tr><td><b>Valid</b></td><td>2023-09-01 to 2050-04-17, any day</td></tr></table><p>Authority: <a href="https://www.droneinfo.fi/fi/uas-ilmatilavyohykkeet">Traficom</a></p>]]></description><Polygon><tessellate>1</tessellate><outerBoundaryIs><LinearRing><coordinates>21.421111,61.137778,0 21.435556,61.137222,0 21.460278,61.130278,0 21.472500,61.130278,0 21.473333,61.125278,0 21.450833,61.124444,0 21.451389,61.115556,0 21.442778,61.114167,0 21.420833,61.114444,0 21.421111,61.137778,0</coordinates></LinearRing></outerBoundaryIs></Polygon></Placemark>
<Placemark><name>FIN419 Rauma Marine Construction UAS</name><styleUrl>#REQ_AUTHORISATION</styleUrl><description><![CDATA[<table><tr><td><b>Identifier</b></td><td>FIN419</td></tr><tr><td><b>Restriction</b></td><td>Authorisation required</td></tr><tr><td><b>Reason</b></td><td>Sensitive</td></tr><tr><td><b>Upper limit</b></td><td>150 m AGL</td></tr><tr><td><b>Lower limit</b></td><td>not given</td></tr><tr><td><b>Valid</b></td><td>2023-10-16 to 2050-04-15, any day</td></tr></table><p>Authority: <a href="https://www.droneinfo.fi/fi/uas-ilmatilavyohykkeet">Traficom</a></p>]]></description><Polygon><tessellate>1</tessellate><outerBoundaryIs><LinearRing><coordinates>21.473333,61.125278,0 21.471389,61.122778,0 21.468333,61.118056,0 21.451389,61.115556,0 21.450833,61.124444,0 21.473333,61.125278,0</coordinates></LinearRing></outerBoundaryIs></Polygon></Placemark>
<Placemark><name>FIN420 Korverharin Satama UAS</name><styleUrl>#REQ_AUTHORISATION</styleUrl><description><![CDATA[<table><tr><td><b>Identifier</b></td><td>FIN420</td></tr><tr><td><b>Restriction</b></td><td>Authorisation required</td></tr><tr><td><b>Reason</b></td><td>Sensitive</td></tr><tr><td><b>Upper limit</b></td><td>150 m AGL</td></tr><tr><td><b>Lower limit</b></td><td>not given</td></tr><tr><td><b>Valid</b></td><td>2023-10-23 to 2027-04-21, any day</td></tr></table><p>Authority: <a href="https://www.droneinfo.fi/fi/uas-ilmatilavyohykkeet">Traficom</a></p>]]></description><Polygon><tessellate>1</tessellate><outerBoundaryIs><LinearRing><coordinates>23.212500,59.888611,0 23.220556,59.885833,0 23.243333,59.879167,0 23.241667,59.874444,0 23.229722,59.875000,0 23.214167,59.872778,0 23.208056,59.875278,0 23.205833,59.878611,0 23.205278,59.880556,0 23.205833,59.882222,0 23.201944,59.883056,0 23.212500,59.888611,0</coordinates></LinearRing></outerBoundaryIs></Polygon></Placemark>
<Placemark><name>FIN421 Hangon Ulkosatama UAS</name><styleUrl>#REQ_AUTHORISATION</styleUrl><description><![CDATA[<table><tr><td><b>Identifier</b></td><td>FIN421</td></tr><tr><td><b>Restriction</b></td><td>Authorisation required</td></tr><tr><td><b>Reason</b></td><td>Sensitive</td></tr><tr><td><b>Upper limit</b></td><td>150 m AGL</td></tr><tr><td><b>Lower limit</b></td><td>not given</td></tr><tr><td><b>Valid</b></td><td>2023-10-23 to 2027-04-17, any day</td></tr></table><p>Authority: <a href="https://www.droneinfo.fi/fi/uas-ilmatilavyohykkeet">Traficom</a></p>]]></description><Polygon><tessellate>1</tessellate><outerBoundaryIs><LinearRing><coordinates>22.902778,59.813611,0 22.903611,59.813333,0 22.905000,59.813333,0 22.906667,59.811111,0 22.906667,59.808056,0 22.900556,59.808056,0 22.900278,59.810833,0 22.900556,59.812222,0 22.902222,59.812500,0 22.902778,59.813611,0</coordinates></LinearRing></outerBoundaryIs></Polygon></Placemark>
<Placemark><name>FIN422 Hangon Länsisatama UAS</name><styleUrl>#REQ_AUTHORISATION</styleUrl><description><![CDATA[<table><tr><td><b>Identifier</b></td><td>FIN422</td></tr><tr><td><b>Restriction</b></td><td>Authorisation required</td></tr><tr><td><b>Reason</b></td><td>Sensitive</td></tr><tr><td><b>Upper limit</b></td><td>150 m AGL</td></tr><tr><td><b>Lower limit</b></td><td>not given</td></tr><tr><td><b>Valid</b></td><td>2023-10-23 to 2027-04-17, any day</td></tr></table><p>Authority: <a href="https://www.droneinfo.fi/fi/uas-ilmatilavyohykkeet">Traficom</a></p>]]></description><Polygon><tessellate>1</tessellate><outerBoundaryIs><LinearRing><coordinates>22.953056,59.826389,0 22.962778,59.826111,0 22.963333,59.825278,0 22.958333,59.821111,0 22.960278,59.819167,0 22.957500,59.818611,0 22.958611,59.818056,0 22.943056,59.815556,0 22.935556,59.817778,0 22.945278,59.822778,0 22.947500,59.825278,0 22.948889,59.825556,0 22.948611,59.826111,0 22.950556,59.826389,0 22.953056,59.826389,0</coordinates></LinearRing></outerBoundaryIs></Polygon></Placemark>
<Placemark><name>FIN423 Mussalon Satama UAS</name><styleUrl>#REQ_AUTHORISATION</styleUrl><description><![CDATA[<table><tr><td><b>Identifier</b></td><td>FIN423</td></tr><tr><td><b>Restriction</b></td><td>Authorisation required</td></tr><tr><td><b>Reason</b></td><td>Sensitive</td></tr><tr><td><b>Upper limit</b></td><td>150 m AGL</td></tr><tr><td><b>Lower limit</b></td><td>not given</td></tr><tr><td><b>Valid</b></td><td>2024-01-01 to 2027-04-17, any day</td></tr></table><p>Authority: <a href="https://www.droneinfo.fi/fi/uas-ilmatilavyohykkeet">Traficom</a></p>]]></description><Polygon><tessellate>1</tessellate><outerBoundaryIs><LinearRing><coordinates>26.928611,60.441111,0 26.930278,60.431667,0 26.928889,60.426111,0 26.922778,60.420556,0 26.904444,60.412778,0 26.893333,60.419167,0 26.898333,60.421111,0 26.895000,60.423056,0 26.904722,60.426944,0 26.905556,60.427500,0 26.908056,60.427778,0 26.908056,60.428056,0 26.907778,60.428333,0 26.907778,60.428333,0 26.908333,60.428611,0 26.908333,60.428611,0 26.908333,60.428889,0 26.908333,60.429167,0 26.908056,60.429167,0 26.908056,60.429167,0 26.907778,60.429167,0 26.906667,60.429444,0 26.906944,60.429722,0 26.906944,60.430278,0 26.907778,60.430278,0 26.908889,60.430556,0 26.912778,60.431944,0 26.913611,60.431944,0 26.914167,60.431944,0 26.914444,60.431944,0 26.913889,60.432500,0 26.910556,60.436944,0 26.910833,60.437778,0 26.910833,60.438056,0 26.911667,60.438056,0 26.911389,60.438333,0 26.911944,60.438333,0 26.914444,60.439444,0 26.918611,60.439722,0 26.928611,60.441111,0</coordinates></LinearRing></outerBoundaryIs></Polygon></Placemark>
<Placemark><name>FIN424 Halla Hietanen Sunila Satama UAS</name><styleUrl>#REQ_AUTHORISATION</styleUrl><description><![CDATA[<table><tr><td><b>Identifier</b></td><td>FIN424</td></tr><tr><td><b>Restriction</b></td><td>Authorisation required</td></tr><tr><td><b>Reason</b></td><td>Sensitive</td></tr><tr><td><b>Upper limit</b></td><td>150 m AGL</td></tr><tr><td><b>Lower limit</b></td><td>not given</td></tr><tr><td><b>Valid</b></td><td>2024-01-01 to 2027-04-17, any day</td></tr></table><p>Authority: <a href="https://www.droneinfo.fi/fi/uas-ilmatilavyohykkeet">Traficom</a></p>]]></description><Polygon><tessellate>1</tessellate><outerBoundaryIs><LinearRing><coordinates>26.930556,60.493333,0 26.936111,60.493333,0 26.937778,60.491667,0 26.944167,60.493056,0 26.947778,60.490556,0 26.948889,60.490833,0 26.951111,60.489167,0 26.951389,60.489167,0 26.951667,60.488889,0 26.951667,60.489167,0 26.953333,60.487778,0 26.953056,60.487778,0 26.956111,60.485556,0 26.953611,60.480556,0 26.960000,60.476111,0 26.963889,60.472222,0 26.959444,60.471667,0 26.957778,60.472222,0 26.956944,60.471667,0 26.956667,60.471944,0 26.956944,60.472222,0 26.955000,60.473333,0 26.953333,60.472778,0 26.953056,60.473056,0 26.951389,60.472222,0 26.951389,60.472222,0 26.950833,60.471944,0 26.950278,60.472222,0 26.950556,60.472500,0 26.950278,60.472778,0 26.950278,60.472778,0 26.950278,60.472778,0 26.953333,60.474444,0 26.949444,60.474722,0 26.944444,60.474444,0 26.942500,60.471111,0 26.942222,60.470833,0 26.941944,60.470556,0 26.940556,60.470833,0 26.940556,60.470833,0 26.940000,60.470556,0 26.939722,60.470556,0 26.939167,60.470556,0 26.938889,60.470278,0 26.938611,60.470278,0 26.938611,60.470278,0 26.938333,60.470278,0 26.938333,60.470278,0 26.938056,60.470278,0 26.935833,60.470556,0 26.934444,60.470833,0 26.934167,60.471111,0 26.933333,60.471389,0 26.932778,60.471389,0 26.931667,60.471667,0 26.931389,60.471667,0 26.931667,60.471944,0 26.933056,60.472500,0 26.933056,60.473611,0 26.940556,60.477778,0 26.939722,60.482222,0 26.935000,60.488611,0 26.930556,60.493333,0</coordinates></LinearRing></outerBoundaryIs></Polygon></Placemark>
<Placemark><name>FIN425 Haminan Satama UAS</name><styleUrl>#REQ_AUTHORISATION</styleUrl><description><![CDATA[<table><tr><td><b>Identifier</b></td><td>FIN425</td></tr><tr><td><b>Restriction</b></td><td>Authorisation required</td></tr><tr><td><b>Reason</b></td><td>Sensitive</td></tr><tr><td><b>Upper limit</b></td><td>150 m AGL</td></tr><tr><td><b>Lower limit</b></td><td>not given</td></tr><tr><td><b>Valid</b></td><td>2024-01-01 to 2027-04-17, any day</td></tr></table><p>Authority: <a href="https://www.droneinfo.fi/fi/uas-ilmatilavyohykkeet">Traficom</a></p>]]></description><Polygon><tessellate>1</tessellate><outerBoundaryIs><LinearRing><coordinates>27.160000,60.555278,0 27.163056,60.555278,0 27.165833,60.551667,0 27.165556,60.551389,0 27.165833,60.551111,0 27.166111,60.551111,0 27.166111,60.551111,0 27.169444,60.551389,0 27.169444,60.552222,0 27.170000,60.552500,0 27.170000,60.552778,0 27.176667,60.552778,0 27.177222,60.546667,0 27.188333,60.527778,0 27.191111,60.514444,0 27.151667,60.513611,0 27.149722,60.516667,0 27.144167,60.516667,0 27.142500,60.518889,0 27.138056,60.519722,0 27.135000,60.520833,0 27.130278,60.522222,0 27.128056,60.524444,0 27.135833,60.528611,0 27.143056,60.531389,0 27.142500,60.533333,0 27.157500,60.538056,0 27.158611,60.538889,0 27.156944,60.541667,0 27.157500,60.541389,0 27.160833,60.541667,0 27.158889,60.545000,0 27.158889,60.546389,0 27.158611,60.546667,0 27.158611,60.546944,0 27.159444,60.546944,0 27.157222,60.549444,0 27.161944,60.550833,0 27.163333,60.550833,0 27.165556,60.550833,0 27.165278,60.551111,0 27.162500,60.551389,0 27.161667,60.551944,0 27.160278,60.554444,0 27.160000,60.555278,0</coordinates></LinearRing></outerBoundaryIs></Polygon></Placemark>
<Placemark><name>FIN427 Sako Riihimäki UAS</name><styleUrl>#REQ_AUTHORISATION</styleUrl><description><![CDATA[<table><tr><td><b>Identifier</b></td><td>FIN427</td></tr><tr><td><b>Restriction</b></td><td>Authorisation required</td></tr><tr><td><b>Reason</b></td><td>Sensitive</td></tr><tr><td><b>Upper limit</b></td><td>150 m AGL</td></tr><tr><td><b>Lower limit</b></td><td>not given</td></tr><tr><td><b>Valid</b></td><td>2023-12-01 to 2027-04-17, any day</td></tr></table><p>Authority: <a href="https://www.droneinfo.fi/fi/uas-ilmatilavyohykkeet">Traficom</a></p>]]></description><Polygon><tessellate>1</tessellate><outerBoundaryIs><LinearRing><coordinates>24.748056,60.737222,0 24.750556,60.737222,0 24.754722,60.736667,0 24.754722,60.735556,0 24.754167,60.735556,0 24.754444,60.734167,0 24.755278,60.733889,0 24.755556,60.732778,0 24.753333,60.733056,0 24.753333,60.733611,0 24.752778,60.733611,0 24.752500,60.735000,0 24.750556,60.735833,0 24.749167,60.735556,0 24.748056,60.737222,0</coordinates></LinearRing></outerBoundaryIs></Polygon></Placemark>
<Placemark><name>FIN428 Sako Hausjärvi UAS</name><styleUrl>#REQ_AUTHORISATION</styleUrl><description><![CDATA[<table><tr><td><b>Identifier</b></td><td>FIN428</td></tr><tr><td><b>Restriction</b></td><td>Authorisation required</td></tr><tr><td><b>Reason</b></td><td>Sensitive</td></tr><tr><td><b>Upper limit</b></td><td>150 m AGL</td></tr><tr><td><b>Lower limit</b></td><td>not given</td></tr><tr><td><b>Valid</b></td><td>2023-12-01 to 2027-04-17, any day</td></tr></table><p>Authority: <a href="https://www.droneinfo.fi/fi/uas-ilmatilavyohykkeet">Traficom</a></p>]]></description><Polygon><tessellate>1</tessellate><outerBoundaryIs><LinearRing><coordinates>24.956111,60.785556,0 24.962222,60.785556,0 24.964444,60.783056,0 24.960833,60.780833,0 24.953889,60.781111,0 24.953056,60.785278,0 24.956111,60.785556,0</coordinates></LinearRing></outerBoundaryIs></Polygon></Placemark>
<Placemark><name>FIN429 Yara Siilinjärvi UAS</name><styleUrl>#REQ_AUTHORISATION</styleUrl><description><![CDATA[<table><tr><td><b>Identifier</b></td><td>FIN429</td></tr><tr><td><b>Restriction</b></td><td>Authorisation required</td></tr><tr><td><b>Reason</b></td><td>Sensitive</td></tr><tr><td><b>Upper limit</b></td><td>150 m AGL</td></tr><tr><td><b>Lower limit</b></td><td>not given</td></tr><tr><td><b>Valid</b></td><td>2024-01-01 to 2027-04-17, any day</td></tr></table><p>Authority: <a href="https://www.droneinfo.fi/fi/uas-ilmatilavyohykkeet">Traficom</a></p>]]></description><Polygon><tessellate>1</tessellate><outerBoundaryIs><LinearRing><coordinates>27.711667,63.194444,0 27.760833,63.186389,0 27.764722,63.172500,0 27.775833,63.166389,0 27.774167,63.158056,0 27.768333,63.156389,0 27.764444,63.148056,0 27.747222,63.145556,0 27.749444,63.128611,0 27.768611,63.125833,0 27.763889,63.116667,0 27.754167,63.114722,0 27.755278,63.110278,0 27.759722,63.108056,0 27.756944,63.098056,0 27.745278,63.088056,0 27.743333,63.081667,0 27.730000,63.079167,0 27.694444,63.091111,0 27.694722,63.095556,0 27.711111,63.099167,0 27.719167,63.103333,0 27.707500,63.115556,0 27.707222,63.118889,0 27.699722,63.124722,0 27.703611,63.130000,0 27.698333,63.136667,0 27.707500,63.138333,0 27.709722,63.144167,0 27.706389,63.147222,0 27.721111,63.154722,0 27.703889,63.168056,0 27.686944,63.169167,0 27.688611,63.176111,0 27.711667,63.194444,0</coordinates></LinearRing></outerBoundaryIs></Polygon></Placemark>
<Placemark><name>FIN430 Meyer Turku UAS</name><styleUrl>#REQ_AUTHORISATION</styleUrl><description><![CDATA[<table><tr><td><b>Identifier</b></td><td>FIN430</td></tr><tr><td><b>Restriction</b></td><td>Authorisation required</td></tr><tr><td><b>Reason</b></td><td>Sensitive</td></tr><tr><td><b>Upper limit</b></td><td>150 m AGL</td></tr><tr><td><b>Lower limit</b></td><td>not given</td></tr><tr><td><b>Valid</b></td><td>2024-02-19 to 2027-04-16, any day</td></tr></table><p>Authority: <a href="https://www.droneinfo.fi/fi/uas-ilmatilavyohykkeet">Traficom</a></p>]]></description><Polygon><tessellate>1</tessellate><outerBoundaryIs><LinearRing><coordinates>22.133333,60.461944,0 22.139722,60.459444,0 22.140000,60.456944,0 22.129444,60.451667,0 22.121667,60.450556,0 22.116389,60.450278,0 22.115833,60.451944,0 22.118056,60.456667,0 22.125833,60.461667,0 22.133333,60.461944,0</coordinates></LinearRing></outerBoundaryIs></Polygon></Placemark>
<Placemark><name>FIN433 Haminan ratapiha UAS</name><styleUrl>#REQ_AUTHORISATION</styleUrl><description><![CDATA[<table><tr><td><b>Identifier</b></td><td>FIN433</td></tr><tr><td><b>Restriction</b></td><td>Authorisation required</td></tr><tr><td><b>Reason</b></td><td>Sensitive</td></tr><tr><td><b>Upper limit</b></td><td>120 m AGL</td></tr><tr><td><b>Lower limit</b></td><td>not given</td></tr><tr><td><b>Valid</b></td><td>2024-04-17 to 2027-04-17, any day</td></tr></table><p>Authority: <a href="https://www.droneinfo.fi/fi/uas-ilmatilavyohykkeet">Traficom</a></p>]]></description><Polygon><tessellate>1</tessellate><outerBoundaryIs><LinearRing><coordinates>27.160000,60.565000,0 27.161111,60.565000,0 27.161389,60.560556,0 27.164722,60.556111,0 27.165833,60.555556,0 27.167778,60.553056,0 27.166944,60.553056,0 27.167500,60.551389,0 27.168611,60.551667,0 27.169444,60.548611,0 27.169167,60.545000,0 27.171667,60.540278,0 27.170833,60.540000,0 27.167500,60.543333,0 27.166111,60.542222,0 27.165556,60.542500,0 27.166667,60.543889,0 27.166389,60.545556,0 27.166111,60.546111,0 27.166111,60.551111,0 27.166667,60.551389,0 27.166111,60.551667,0 27.165833,60.551667,0 27.162778,60.555556,0 27.161944,60.555556,0 27.160000,60.560556,0 27.160000,60.565000,0</coordinates></LinearRing></outerBoundaryIs></Polygon></Placemark>
<Placemark><name>FIN434 Joensuun ratapiha UAS</name><styleUrl>#REQ_AUTHORISATION</styleUrl><description><![CDATA[<table><tr><td><b>Identifier</b></td><td>FIN434</td></tr><tr><td><b>Restriction</b></td><td>Authorisation required</td></tr><tr><td><b>Reason</b></td><td>Sensitive</td></tr><tr><td><b>Upper limit</b></td><td>120 m AGL</td></tr><tr><td><b>Lower limit</b></td><td>not given</td></tr><tr><td><b>Valid</b></td><td>2024-04-17 to 2027-04-17, any day</td></tr></table><p>Authority: <a href="https://www.droneinfo.fi/fi/uas-ilmatilavyohykkeet">Traficom</a></p>]]></description><Polygon><tessellate>1</tessellate><outerBoundaryIs><LinearRing><coordinates>29.776389,62.597500,0 29.775556,62.596389,0 29.773611,62.596111,0 29.772500,62.595000,0 29.772778,62.590278,0 29.778056,62.581667,0 29.779444,62.580000,0 29.778611,62.579722,0 29.777222,62.581389,0 29.773056,62.588889,0 29.771389,62.591111,0 29.768889,62.594444,0 29.772500,62.596111,0 29.774722,62.598056,0 29.776389,62.597500,0</coordinates></LinearRing></outerBoundaryIs></Polygon></Placemark>
<Placemark><name>FIN435 Kilpilahden ratapiha UAS</name><styleUrl>#REQ_AUTHORISATION</styleUrl><description><![CDATA[<table><tr><td><b>Identifier</b></td><td>FIN435</td></tr><tr><td><b>Restriction</b></td><td>Authorisation required</td></tr><tr><td><b>Reason</b></td><td>Sensitive</td></tr><tr><td><b>Upper limit</b></td><td>120 ft AMSL</td></tr><tr><td><b>Lower limit</b></td><td>not given</td></tr><tr><td><b>Valid</b></td><td>2024-04-17 to 2027-04-17, any day</td></tr></table><p>Authority: <a href="https://www.droneinfo.fi/fi/uas-ilmatilavyohykkeet">Traficom</a></p>]]></description><Polygon><tessellate>1</tessellate><outerBoundaryIs><LinearRing><coordinates>25.460833,60.314167,0 25.467222,60.311667,0 25.468333,60.311111,0 25.473056,60.310000,0 25.480278,60.307500,0 25.484167,60.305556,0 25.496111,60.302500,0 25.495833,60.302222,0 25.491944,60.302778,0 25.486667,60.303889,0 25.472222,60.308611,0 25.466944,60.311111,0 25.460556,60.314167,0 25.460833,60.314167,0</coordinates></LinearRing></outerBoundaryIs></Polygon></Placemark>
<Placemark><name>FIN436 Kotkan ratapiha UAS</name><styleUrl>#REQ_AUTHORISATION</styleUrl><description><![CDATA[<table><tr><td><b>Identifier</b></td><td>FIN436</td></tr><tr><td><b>Restriction</b></td><td>Authorisation required</td></tr><tr><td><b>Reason</b></td><td>Sensitive</td></tr><tr><td><b>Upper limit</b></td><td>120 m AGL</td></tr><tr><td><b>Lower limit</b></td><td>not given</td></tr><tr><td><b>Valid</b></td><td>2024-04-17 to 2027-04-17, any day</td></tr></table><p>Authority: <a href="https://www.droneinfo.fi/fi/uas-ilmatilavyohykkeet">Traficom</a></p>]]></description><Polygon><tessellate>1</tessellate><outerBoundaryIs><LinearRing><coordinates>26.903889,60.453056,0 26.901667,60.451389,0 26.901389,60.447500,0 26.900556,60.445833,0 26.895556,60.441667,0 26.894167,60.440556,0 26.890278,60.436944,0 26.893056,60.434167,0 26.901667,60.431667,0 26.901667,60.430556,0 26.904167,60.430278,0 26.905556,60.430000,0 26.906667,60.429167,0 26.906667,60.428333,0 26.892500,60.432500,0 26.888056,60.435278,0 26.888056,60.436667,0 26.889444,60.438333,0 26.895556,60.443333,0 26.899167,60.447778,0 26.898889,60.450556,0 26.902500,60.452500,0 26.903333,60.453056,0 26.903889,60.453056,0</coordinates></LinearRing></outerBoundaryIs></Polygon></Placemark>
<Placemark><name>FIN437 Kouvolan ratapiha UAS</name><styleUrl>#REQ_AUTHORISATION</styleUrl><description><![CDATA[<table><tr><td><b>Identifier</b></td><td>FIN437</td></tr><tr><td><b>Restriction</b></td><td>Authorisation required</td></tr><tr><td><b>Reason</b></td><td>Sensitive</td></tr><tr><td><b>Upper limit</b></td><td>120 m AGL</td></tr><tr><td><b>Lower limit</b></td><td>not given</td></tr><tr><td><b>Valid</b></td><td>2024-04-17 to 2027-04-17, any day</td></tr></table><p>Authority: <a href="https://www.droneinfo.fi/fi/uas-ilmatilavyohykkeet">Traficom</a></p>]]></description><Polygon><tessellate>1</tessellate><outerBoundaryIs><LinearRing><coordinates>26.707500,60.866389,0 26.715833,60.867222,0 26.716111,60.868333,0 26.726944,60.869167,0 26.726944,60.868611,0 26.730000,60.868611,0 26.736111,60.867778,0 26.741667,60.868333,0 26.744167,60.869167,0 26.745278,60.869167,0 26.744167,60.868611,0 26.746944,60.868889,0 26.746389,60.869167,0 26.762222,60.870278,0 26.760278,60.868333,0 26.757222,60.868611,0 26.750833,60.868056,0 26.750278,60.868333,0 26.749722,60.868333,0 26.748889,60.867778,0 26.741944,60.867222,0 26.742778,60.867778,0 26.737500,60.867222,0 26.732778,60.865556,0 26.727222,60.865000,0 26.721667,60.865278,0 26.717222,60.865000,0 26.713056,60.864722,0 26.707500,60.866389,0</coordinates></LinearRing></outerBoundaryIs></Polygon></Placemark>
<Placemark><name>FIN438 Niiralan ratapiha UAS</name><styleUrl>#REQ_AUTHORISATION</styleUrl><description><![CDATA[<table><tr><td><b>Identifier</b></td><td>FIN438</td></tr><tr><td><b>Restriction</b></td><td>Authorisation required</td></tr><tr><td><b>Reason</b></td><td>Sensitive</td></tr><tr><td><b>Upper limit</b></td><td>120 m AGL</td></tr><tr><td><b>Lower limit</b></td><td>not given</td></tr><tr><td><b>Valid</b></td><td>2024-04-17 to 2027-04-17, any day</td></tr></table><p>Authority: <a href="https://www.droneinfo.fi/fi/uas-ilmatilavyohykkeet">Traficom</a></p>]]></description><Polygon><tessellate>1</tessellate><outerBoundaryIs><LinearRing><coordinates>30.563056,62.176389,0 30.585556,62.176944,0 30.592778,62.176111,0 30.604722,62.174722,0 30.610556,62.174167,0 30.614722,62.173056,0 30.632500,62.170556,0 30.631944,62.170000,0 30.597500,62.175000,0 30.597500,62.175000,0 30.594167,62.175000,0 30.593889,62.175556,0 30.584167,62.176389,0 30.576389,62.176389,0 30.563056,62.175833,0 30.563056,62.176389,0</coordinates></LinearRing></outerBoundaryIs></Polygon></Placemark>
<Placemark><name>FIN439 Oulun ratapiha UAS</name><styleUrl>#REQ_AUTHORISATION</styleUrl><description><![CDATA[<table><tr><td><b>Identifier</b></td><td>FIN439</td></tr><tr><td><b>Restriction</b></td><td>Authorisation required</td></tr><tr><td><b>Reason</b></td><td>Sensitive</td></tr><tr><td><b>Upper limit</b></td><td>120 m AGL</td></tr><tr><td><b>Lower limit</b></td><td>not given</td></tr><tr><td><b>Valid</b></td><td>2024-04-17 to 2027-04-17, any day</td></tr></table><p>Authority: <a href="https://www.droneinfo.fi/fi/uas-ilmatilavyohykkeet">Traficom</a></p>]]></description><Polygon><tessellate>1</tessellate><outerBoundaryIs><LinearRing><coordinates>25.475278,65.004167,0 25.473889,65.001944,0 25.474167,64.999167,0 25.479444,64.990556,0 25.482500,64.985278,0 25.484722,64.985278,0 25.485000,64.985000,0 25.482778,64.984722,0 25.486944,64.980278,0 25.490833,64.978611,0 25.488611,64.978333,0 25.489722,64.977500,0 25.489167,64.977500,0 25.486944,64.979722,0 25.482222,64.982222,0 25.468611,64.995278,0 25.468611,64.999167,0 25.470833,65.002500,0 25.473889,65.004444,0 25.475278,65.004167,0</coordinates></LinearRing></outerBoundaryIs></Polygon></Placemark>
<Placemark><name>FIN440 Riihimäen ratapiha UAS</name><styleUrl>#REQ_AUTHORISATION</styleUrl><description><![CDATA[<table><tr><td><b>Identifier</b></td><td>FIN440</td></tr><tr><td><b>Restriction</b></td><td>Authorisation required</td></tr><tr><td><b>Reason</b></td><td>Sensitive</td></tr><tr><td><b>Upper limit</b></td><td>120 m AGL</td></tr><tr><td><b>Lower limit</b></td><td>not given</td></tr><tr><td><b>Valid</b></td><td>2024-04-17 to 2027-04-17, any day</td></tr></table><p>Authority: <a href="https://www.droneinfo.fi/fi/uas-ilmatilavyohykkeet">Traficom</a></p>]]></description><Polygon><tessellate>1</tessellate><outerBoundaryIs><LinearRing><coordinates>24.785833,60.729722,0 24.786667,60.730000,0 24.789444,60.728611,0 24.793611,60.726944,0 24.798333,60.723889,0 24.804167,60.715556,0 24.805833,60.711389,0 24.809444,60.705278,0 24.808056,60.705000,0 24.796111,60.718333,0 24.791389,60.722500,0 24.792222,60.722778,0 24.785833,60.729722,0</coordinates></LinearRing></outerBoundaryIs></Polygon></Placemark>
<Placemark><name>FIN441 Tampereen ratapiha UAS</name><styleUrl>#REQ_AUTHORISATION</styleUrl><description><![CDATA[<table><tr><td><b>Identifier</b></td><td>FIN441</td></tr><tr><td><b>Restriction</b></td><td>Authorisation required</td></tr><tr><td><b>Reason</b></td><td>Sensitive</td></tr><tr><td><b>Upper limit</b></td><td>120 m AGL</td></tr><tr><td><b>Lower limit</b></td><td>not given</td></tr><tr><td><b>Valid</b></td><td>2024-04-17 to 2027-04-17, any day</td></tr></table><p>Authority: <a href="https://www.droneinfo.fi/fi/uas-ilmatilavyohykkeet">Traficom</a></p>]]></description><Polygon><tessellate>1</tessellate><outerBoundaryIs><LinearRing><coordinates>23.773333,61.486667,0 23.774722,61.486667,0 23.775000,61.482222,0 23.775833,61.482222,0 23.773889,61.478056,0 23.768333,61.474167,0 23.766944,61.470000,0 23.765278,61.466667,0 23.764444,61.466667,0 23.763611,61.465833,0 23.764167,61.465833,0 23.761667,61.463611,0 23.755556,61.462500,0 23.751667,61.460556,0 23.750278,61.460556,0 23.758611,61.464722,0 23.768333,61.476667,0 23.773333,61.486667,0</coordinates></LinearRing></outerBoundaryIs></Polygon></Placemark>
<Placemark><name>FIN442 Turun ratapiha UAS</name><styleUrl>#REQ_AUTHORISATION</styleUrl><description><![CDATA[<table><tr><td><b>Identifier</b></td><td>FIN442</td></tr><tr><td><b>Restriction</b></td><td>Authorisation required</td></tr><tr><td><b>Reason</b></td><td>Sensitive</td></tr><tr><td><b>Upper limit</b></td><td>120 m AGL</td></tr><tr><td><b>Lower limit</b></td><td>not given</td></tr><tr><td><b>Valid</b></td><td>2024-04-17 to 2027-04-17, any day</td></tr></table><p>Authority: <a href="https://www.droneinfo.fi/fi/uas-ilmatilavyohykkeet">Traficom</a></p>]]></description><Polygon><tessellate>1</tessellate><outerBoundaryIs><LinearRing><coordinates>22.268611,60.459444,0 22.268889,60.459167,0 22.267222,60.458611,0 22.266389,60.458056,0 22.259167,60.455556,0 22.259167,60.455556,0 22.254444,60.454167,0 22.253889,60.454444,0 22.252222,60.453889,0 22.252222,60.453611,0 22.250278,60.453056,0 22.247778,60.452222,0 22.247222,60.452500,0 22.245556,60.453611,0 22.249722,60.453333,0 22.263889,60.458333,0 22.266944,60.458889,0 22.268611,60.459444,0</coordinates></LinearRing></outerBoundaryIs></Polygon></Placemark>
<Placemark><name>FIN443 Vainikkalan ratapiha UAS</name><styleUrl>#REQ_AUTHORISATION</styleUrl><description><![CDATA[<table><tr><td><b>Identifier</b></td><td>FIN443</td></tr><tr><td><b>Restriction</b></td><td>Authorisation required</td></tr><tr><td><b>Reason</b></td><td>Sensitive</td></tr><tr><td><b>Upper limit</b></td><td>120 m AGL</td></tr><tr><td><b>Lower limit</b></td><td>not given</td></tr><tr><td><b>Valid</b></td><td>2024-04-17 to 2027-04-17, any day</td></tr></table><p>Authority: <a href="https://www.droneinfo.fi/fi/uas-ilmatilavyohykkeet">Traficom</a></p>]]></description><Polygon><tessellate>1</tessellate><outerBoundaryIs><LinearRing><coordinates>28.270000,60.873333,0 28.282778,60.869167,0 28.295278,60.865833,0 28.297222,60.866111,0 28.305278,60.864722,0 28.321667,60.860000,0 28.329167,60.857778,0 28.338056,60.855556,0 28.337500,60.855278,0 28.328611,60.857500,0 28.310000,60.861944,0 28.308611,60.861944,0 28.306667,60.862222,0 28.305833,60.863056,0 28.299444,60.864444,0 28.297778,60.864444,0 28.291667,60.865278,0 28.280833,60.868056,0 28.274444,60.870833,0 28.268611,60.872778,0 28.270000,60.873333,0</coordinates></LinearRing></outerBoundaryIs></Polygon></Placemark>
<Placemark><name>FIN444 Ykspihlajan ratapiha UAS</name><styleUrl>#REQ_AUTHORISATION</styleUrl><description><![CDATA[<table><tr><td><b>Identifier</b></td><td>FIN444</td></tr><tr><td><b>Restriction</b></td><td>Authorisation required</td></tr><tr><td><b>Reason</b></td><td>Sensitive</td></tr><tr><td><b>Upper limit</b></td><td>120 m AGL</td></tr><tr><td><b>Lower limit</b></td><td>not given</td></tr><tr><td><b>Valid</b></td><td>2024-04-17 to 2027-04-17, any day</td></tr></table><p>Authority: <a href="https://www.droneinfo.fi/fi/uas-ilmatilavyohykkeet">Traficom</a></p>]]></description><Polygon><tessellate>1</tessellate><outerBoundaryIs><LinearRing><coordinates>23.063611,63.857778,0 23.061944,63.853889,0 23.057778,63.847778,0 23.055833,63.845278,0 23.055833,63.844167,0 23.057222,63.842778,0 23.065833,63.841111,0 23.094722,63.837222,0 23.094722,63.836944,0 23.050833,63.842500,0 23.044167,63.842778,0 23.040278,63.842778,0 23.040278,63.842500,0 23.029722,63.841944,0 23.029722,63.842500,0 23.034444,63.842778,0 23.046389,63.843611,0 23.047222,63.843611,0 23.055833,63.842778,0 23.054444,63.844722,0 23.055556,63.847500,0 23.061389,63.855833,0 23.060556,63.858056,0 23.061111,63.858056,0 23.062222,63.856944,0 23.063056,63.858056,0 23.063611,63.857778,0</coordinates></LinearRing></outerBoundaryIs></Polygon></Placemark>
<Placemark><name>FIN445 Suurivuoren rautatietunneli UAS E</name><styleUrl>#REQ_AUTHORISATION</styleUrl><description><![CDATA[<table><tr><td><b>Identifier</b></td><td>FIN445</td></tr><tr><td><b>Restriction</b></td><td>Authorisation required</td></tr><tr><td><b>Reason</b></td><td>Sensitive</td></tr><tr><td><b>Upper limit</b></td><td>120 m AGL</td></tr><tr><td><b>Lower limit</b></td><td>not given</td></tr><tr><td><b>Valid</b></td><td>2024-04-17 to 2027-04-17, any day</td></tr></table><p>Authority: <a href="https://www.droneinfo.fi/fi/uas-ilmatilavyohykkeet">Traficom</a></p>]]></description><Polygon><tessellate>1</tessellate><outerBoundaryIs><LinearRing><coordinates>27.113889,60.598611,0 27.114167,60.598333,0 27.110833,60.597778,0 27.110556,60.598056,0 27.113889,60.598611,0</coordinates></LinearRing></outerBoundaryIs></Polygon></Placemark>
<Placemark><name>FIN446 Suurivuoren rautatietunneli UAS P</name><styleUrl>#REQ_AUTHORISATION</styleUrl><description><![CDATA[<table><tr><td><b>Identifier</b></td><td>FIN446</td></tr><tr><td><b>Restriction</b></td><td>Authorisation required</td></tr><tr><td><b>Reason</b></td><td>Sensitive</td></tr><tr><td><b>Upper limit</b></td><td>120 m AGL</td></tr><tr><td><b>Lower limit</b></td><td>not given</td></tr><tr><td><b>Valid</b></td><td>2024-04-17 to 2027-04-17, any day</td></tr></table><p>Authority: <a href="https://www.droneinfo.fi/fi/uas-ilmatilavyohykkeet">Traficom</a></p>]]></description><Polygon><tessellate>1</tessellate><outerBoundaryIs><LinearRing><coordinates>27.126944,60.600556,0 27.127222,60.600278,0 27.125000,60.600000,0 27.125000,60.600556,0 27.126944,60.600556,0</coordinates></LinearRing></outerBoundaryIs></Polygon></Placemark>
<Placemark><name>FIN447 Labbackan rautatietunneli UAS E</name><styleUrl>#REQ_AUTHORISATION</styleUrl><description><![CDATA[<table><tr><td><b>Identifier</b></td><td>FIN447</td></tr><tr><td><b>Restriction</b></td><td>Authorisation required</td></tr><tr><td><b>Reason</b></td><td>Sensitive</td></tr><tr><td><b>Upper limit</b></td><td>120 m AGL</td></tr><tr><td><b>Lower limit</b></td><td>not given</td></tr><tr><td><b>Valid</b></td><td>2024-04-17 to 2027-04-17, any day</td></tr></table><p>Authority: <a href="https://www.droneinfo.fi/fi/uas-ilmatilavyohykkeet">Traficom</a></p>]]></description><Polygon><tessellate>1</tessellate><outerBoundaryIs><LinearRing><coordinates>25.162222,60.234167,0 25.162778,60.233056,0 25.162222,60.233056,0 25.161667,60.234167,0 25.162222,60.234167,0</coordinates></LinearRing></outerBoundaryIs></Polygon></Placemark>
<Placemark><name>FIN448 Labbackan rautatietunneli UAS P</name><styleUrl>#REQ_AUTHORISATION</styleUrl><description><![CDATA[<table><tr><td><b>Identifier</b></td><td>FIN448</td></tr><tr><td><b>Restriction</b></td><td>Authorisation required</td></tr><tr><td><b>Reason</b></td><td>Sensitive</td></tr><tr><td><b>Upper limit</b></td><td>120 m AGL</td></tr><tr><td><b>Lower limit</b></td><td>not given</td></tr><tr><td><b>Valid</b></td><td>2024-04-17 to 2027-04-17, any day</td></tr></table><p>Authority: <a href="https://www.droneinfo.fi/fi/uas-ilmatilavyohykkeet">Traficom</a></p>]]></description><Polygon><tessellate>1</tessellate><outerBoundaryIs><LinearRing><coordinates>25.155833,60.240000,0 25.157500,60.239167,0 25.156944,60.238889,0 25.156389,60.239167,0 25.155833,60.239444,0 25.155278,60.239722,0 25.155833,60.240000,0</coordinates></LinearRing></outerBoundaryIs></Polygon></Placemark>
<Placemark><name>FIN449 Kangasvuoren rautatietunneli UAS I</name><styleUrl>#REQ_AUTHORISATION</styleUrl><description><![CDATA[<table><tr><td><b>Identifier</b></td><td>FIN449</td></tr><tr><td><b>Restriction</b></td><td>Authorisation required</td></tr><tr><td><b>Reason</b></td><td>Sensitive</td></tr><tr><td><b>Upper limit</b></td><td>120 m AGL</td></tr><tr><td><b>Lower limit</b></td><td>not given</td></tr><tr><td><b>Valid</b></td><td>2024-04-17 to 2027-04-17, any day</td></tr></table><p>Authority: <a href="https://www.droneinfo.fi/fi/uas-ilmatilavyohykkeet">Traficom</a></p>]]></description><Polygon><tessellate>1</tessellate><outerBoundaryIs><LinearRing><coordinates>25.833611,62.269722,0 25.835000,62.269167,0 25.833611,62.268056,0 25.832222,62.268611,0 25.833611,62.269722,0</coordinates></LinearRing></outerBoundaryIs></Polygon></Placemark>
<Placemark><name>FIN450 Kangasvuoren rautatietunneli UAS L</name><styleUrl>#REQ_AUTHORISATION</styleUrl><description><![CDATA[<table><tr><td><b>Identifier</b></td><td>FIN450</td></tr><tr><td><b>Restriction</b></td><td>Authorisation required</td></tr><tr><td><b>Reason</b></td><td>Sensitive</td></tr><tr><td><b>Upper limit</b></td><td>120 m AGL</td></tr><tr><td><b>Lower limit</b></td><td>not given</td></tr><tr><td><b>Valid</b></td><td>2024-04-17 to 2027-04-17, any day</td></tr></table><p>Authority: <a href="https://www.droneinfo.fi/fi/uas-ilmatilavyohykkeet">Traficom</a></p>]]></description><Polygon><tessellate>1</tessellate><outerBoundaryIs><LinearRing><coordinates>25.788056,62.256667,0 25.785833,62.256111,0 25.785278,62.256667,0 25.787500,62.257222,0 25.788056,62.256667,0</coordinates></LinearRing></outerBoundaryIs></Polygon></Placemark>
<Placemark><name>FIN451 Keljonkankaan 1 rautatietunneli UAS E</name><styleUrl>#REQ_AUTHORISATION</styleUrl><description><![CDATA[<table><tr><td><b>Identifier</b></td><td>FIN451</td></tr><tr><td><b>Restriction</b></td><td>Authorisation required</td></tr><tr><td><b>Reason</b></td><td>Sensitive</td></tr><tr><td><b>Upper limit</b></td><td>120 m AGL</td></tr><tr><td><b>Lower limit</b></td><td>not given</td></tr><tr><td><b>Valid</b></td><td>2024-04-17 to 2027-04-17, any day</td></tr></table><p>Authority: <a href="https://www.droneinfo.fi/fi/uas-ilmatilavyohykkeet">Traficom</a></p>]]></description><Polygon><tessellate>1</tessellate><outerBoundaryIs><LinearRing><coordinates>25.725278,62.183889,0 25.726389,62.183889,0 25.726944,62.182500,0 25.725556,62.182500,0 25.725278,62.183889,0</coordinates></LinearRing></outerBoundaryIs></Polygon></Placemark>
<Placemark><name>FIN452 Keljonkankaan 1 rautatietunneli UAS P</name><styleUrl>#REQ_AUTHORISATION</styleUrl><description><![CDATA[<table><tr><td><b>Identifier</b></td><td>FIN452</td></tr><tr><td><b>Restriction</b></td><td>Authorisation required</td></tr><tr><td><b>Reason</b></td><td>Sensitive</td></tr><tr><td><b>Upper limit</b></td><td>120 m AGL</td></tr><tr><td><b>Lower limit</b></td><td>not given</td></tr><tr><td><b>Valid</b></td><td>2024-04-17 to 2027-04-17, any day</td></tr></table><p>Authority: <a href="https://www.droneinfo.fi/fi/uas-ilmatilavyohykkeet">Traficom</a></p>]]></description><Polygon><tessellate>1</tessellate><outerBoundaryIs><LinearRing><coordinates>25.724167,62.193333,0 25.725556,62.193333,0 25.725556,62.192500,0 25.724167,62.192500,0 25.724167,62.193333,0</coordinates></LinearRing></outerBoundaryIs></Polygon></Placemark>
<Placemark><name>FIN453 Keljonkankaan 2 rautatietunneli UAS</name><styleUrl>#REQ_AUTHORISATION</styleUrl><description><![CDATA[<table><tr><td><b>Identifier</b></td><td>FIN453</td></tr><tr><td><b>Restriction</b></td><td>Authorisation required</td></tr><tr><td><b>Reason</b></td><td>Sensitive</td></tr><tr><td><b>Upper limit</b></td><td>120 m AGL</td></tr><tr><td><b>Lower limit</b></td><td>not given</td></tr><tr><td><b>Valid</b></td><td>2024-04-17 to 2027-04-17, any day</td></tr></table><p>Authority: <a href="https://www.droneinfo.fi/fi/uas-ilmatilavyohykkeet">Traficom</a></p>]]></description><Polygon><tessellate>1</tessellate><outerBoundaryIs><LinearRing><coordinates>25.723889,62.197500,0 25.725278,62.197500,0 25.725278,62.194167,0 25.723889,62.194167,0 25.723889,62.197500,0</coordinates></LinearRing></outerBoundaryIs></Polygon></Placemark>
<Placemark><name>FIN454 Lahdenvuoren rautatietunneli UAS I</name><styleUrl>#REQ_AUTHORISATION</styleUrl><description><![CDATA[<table><tr><td><b>Identifier</b></td><td>FIN454</td></tr><tr><td><b>Restriction</b></td><td>Authorisation required</td></tr><tr><td><b>Reason</b></td><td>Sensitive</td></tr><tr><td><b>Upper limit</b></td><td>120 m AGL</td></tr><tr><td><b>Lower limit</b></td><td>not given</td></tr><tr><td><b>Valid</b></td><td>2024-04-17 to 2027-04-17, any day</td></tr></table><p>Authority: <a href="https://www.droneinfo.fi/fi/uas-ilmatilavyohykkeet">Traficom</a></p>]]></description><Polygon><tessellate>1</tessellate><outerBoundaryIs><LinearRing><coordinates>25.525278,62.026389,0 25.525833,62.025833,0 25.523889,62.025278,0 25.523056,62.025833,0 25.525278,62.026389,0</coordinates></LinearRing></outerBoundaryIs></Polygon></Placemark>
<Placemark><name>FIN455 Lahdenvuoren rautatietunneli UAS L</name><styleUrl>#REQ_AUTHORISATION</styleUrl><description><![CDATA[<table><tr><td><b>Identifier</b></td><td>FIN455</td></tr><tr><td><b>Restriction</b></td><td>Authorisation required</td></tr><tr><td><b>Reason</b></td><td>Sensitive</td></tr><tr><td><b>Upper limit</b></td><td>120 m AGL</td></tr><tr><td><b>Lower limit</b></td><td>not given</td></tr><tr><td><b>Valid</b></td><td>2024-04-17 to 2027-04-17, any day</td></tr></table><p>Authority: <a href="https://www.droneinfo.fi/fi/uas-ilmatilavyohykkeet">Traficom</a></p>]]></description><Polygon><tessellate>1</tessellate><outerBoundaryIs><LinearRing><coordinates>25.456389,62.004444,0 25.456944,62.004167,0 25.455000,62.003611,0 25.454444,62.003889,0 25.456389,62.004444,0</coordinates></LinearRing></outerBoundaryIs></Polygon></Placemark>
<Placemark><name>FIN456 Matomäen rautatietunneli UAS</name><styleUrl>#REQ_AUTHORISATION</styleUrl><description><![CDATA[<table><tr><td><b>Identifier</b></td><td>FIN456</td></tr><tr><td><b>Restriction</b></td><td>Authorisation required</td></tr><tr><td><b>Reason</b></td><td>Sensitive</td></tr><tr><td><b>Upper limit</b></td><td>120 m AGL</td></tr><tr><td><b>Lower limit</b></td><td>not given</td></tr><tr><td><b>Valid</b></td><td>2024-04-17 to 2027-04-17, any day</td></tr></table><p>Authority: <a href="https://www.droneinfo.fi/fi/uas-ilmatilavyohykkeet">Traficom</a></p>]]></description><Polygon><tessellate>1</tessellate><outerBoundaryIs><LinearRing><coordinates>25.393056,61.986111,0 25.393889,61.985556,0 25.385556,61.983611,0 25.385556,61.984444,0 25.393056,61.986111,0</coordinates></LinearRing></outerBoundaryIs></Polygon></Placemark>
<Placemark><name>FIN457 Möykynmäen rautatietunneli UAS</name><styleUrl>#REQ_AUTHORISATION</styleUrl><description><![CDATA[<table><tr><td><b>Identifier</b></td><td>FIN457</td></tr><tr><td><b>Restriction</b></td><td>Authorisation required</td></tr><tr><td><b>Reason</b></td><td>Sensitive</td></tr><tr><td><b>Upper limit</b></td><td>120 m AGL</td></tr><tr><td><b>Lower limit</b></td><td>not given</td></tr><tr><td><b>Valid</b></td><td>2024-04-17 to 2027-04-17, any day</td></tr></table><p>Authority: <a href="https://www.droneinfo.fi/fi/uas-ilmatilavyohykkeet">Traficom</a></p>]]></description><Polygon><tessellate>1</tessellate><outerBoundaryIs><LinearRing><coordinates>25.581389,62.267222,0 25.583889,62.267222,0 25.591667,62.266111,0 25.591389,62.265556,0 25.587500,62.266111,0 25.583889,62.266667,0 25.581667,62.266667,0 25.581389,62.267222,0</coordinates></LinearRing></outerBoundaryIs></Polygon></Placemark>
<Placemark><name>FIN458 Sahinmäen rautatietunneli UAS</name><styleUrl>#REQ_AUTHORISATION</styleUrl><description><![CDATA[<table><tr><td><b>Identifier</b></td><td>FIN458</td></tr><tr><td><b>Restriction</b></td><td>Authorisation required</td></tr><tr><td><b>Reason</b></td><td>Sensitive</td></tr><tr><td><b>Upper limit</b></td><td>120 m AGL</td></tr><tr><td><b>Lower limit</b></td><td>not given</td></tr><tr><td><b>Valid</b></td><td>2024-04-17 to 2027-04-17, any day</td></tr></table><p>Authority: <a href="https://www.droneinfo.fi/fi/uas-ilmatilavyohykkeet">Traficom</a></p>]]></description><Polygon><tessellate>1</tessellate><outerBoundaryIs><LinearRing><coordinates>25.586667,62.042500,0 25.587222,62.042222,0 25.582500,62.040000,0 25.581667,62.040278,0 25.586667,62.042500,0</coordinates></LinearRing></outerBoundaryIs></Polygon></Placemark>
<Placemark><name>FIN459 Bäljensin rautatietunneli UAS</name><styleUrl>#REQ_AUTHORISATION</styleUrl><description><![CDATA[<table><tr><td><b>Identifier</b></td><td>FIN459</td></tr><tr><td><b>Restriction</b></td><td>Authorisation required</td></tr><tr><td><b>Reason</b></td><td>Sensitive</td></tr><tr><td><b>Upper limit</b></td><td>120 m AGL</td></tr><tr><td><b>Lower limit</b></td><td>not given</td></tr><tr><td><b>Valid</b></td><td>2024-04-17 to 2027-04-17, any day</td></tr></table><p>Authority: <a href="https://www.droneinfo.fi/fi/uas-ilmatilavyohykkeet">Traficom</a></p>]]></description><Polygon><tessellate>1</tessellate><outerBoundaryIs><LinearRing><coordinates>23.624722,60.064722,0 23.626389,60.064444,0 23.633889,60.063333,0 23.633611,60.062500,0 23.625833,60.063889,0 23.624167,60.064167,0 23.624722,60.064722,0</coordinates></LinearRing></outerBoundaryIs></Polygon></Placemark>
<Placemark><name>FIN460 Savion rautatietunneli P UAS</name><styleUrl>#REQ_AUTHORISATION</styleUrl><description><![CDATA[<table><tr><td><b>Identifier</b></td><td>FIN460</td></tr><tr><td><b>Restriction</b></td><td>Authorisation required</td></tr><tr><td><b>Reason</b></td><td>Sensitive</td></tr><tr><td><b>Upper limit</b></td><td>120 m AGL</td></tr><tr><td><b>Lower limit</b></td><td>not given</td></tr><tr><td><b>Valid</b></td><td>2024-04-17 to 2027-04-17, any day</td></tr></table><p>Authority: <a href="https://www.droneinfo.fi/fi/uas-ilmatilavyohykkeet">Traficom</a></p>]]></description><Polygon><tessellate>1</tessellate><outerBoundaryIs><LinearRing><coordinates>25.096111,60.371667,0 25.095833,60.371111,0 25.095833,60.370278,0 25.095000,60.370278,0 25.094722,60.370556,0 25.092778,60.370833,0 25.093611,60.371667,0 25.096111,60.371667,0</coordinates></LinearRing></outerBoundaryIs></Polygon></Placemark>
<Placemark><name>FIN461 Kehä II rautatietunneli UAS E</name><styleUrl>#REQ_AUTHORISATION</styleUrl><description><![CDATA[<table><tr><td><b>Identifier</b></td><td>FIN461</td></tr><tr><td><b>Restriction</b></td><td>Authorisation required</td></tr><tr><td><b>Reason</b></td><td>Sensitive</td></tr><tr><td><b>Upper limit</b></td><td>120 m AGL</td></tr><tr><td><b>Lower limit</b></td><td>not given</td></tr><tr><td><b>Valid</b></td><td>2024-04-17 to 2027-04-17, any day</td></tr></table><p>Authority: <a href="https://www.droneinfo.fi/fi/uas-ilmatilavyohykkeet">Traficom</a></p>]]></description><Polygon><tessellate>1</tessellate><outerBoundaryIs><LinearRing><coordinates>26.776667,60.863056,0 26.775556,60.862222,0 26.774167,60.862778,0 26.775556,60.863611,0 26.776667,60.863056,0</coordinates></LinearRing></outerBoundaryIs></Polygon></Placemark>
<Placemark><name>FIN462 Kehä II rautatietunneli UAS P</name><styleUrl>#REQ_AUTHORISATION</styleUrl><description><![CDATA[<table><tr><td><b>Identifier</b></td><td>FIN462</td></tr><tr><td><b>Restriction</b></td><td>Authorisation required</td></tr><tr><td><b>Reason</b></td><td>Sensitive</td></tr><tr><td><b>Upper limit</b></td><td>120 m AGL</td></tr><tr><td><b>Lower limit</b></td><td>not given</td></tr><tr><td><b>Valid</b></td><td>2024-04-17 to 2027-04-17, any day</td></tr></table><p>Authority: <a href="https://www.droneinfo.fi/fi/uas-ilmatilavyohykkeet">Traficom</a></p>]]></description><Polygon><tessellate>1</tessellate><outerBoundaryIs><LinearRing><coordinates>26.777500,60.866667,0 26.778611,60.866667,0 26.778889,60.865833,0 26.777778,60.865833,0 26.777500,60.866667,0</coordinates></LinearRing></outerBoundaryIs></Polygon></Placemark>
<Placemark><name>FIN463 Kulonpalonvuoren rautatietunneli UAS</name><styleUrl>#REQ_AUTHORISATION</styleUrl><description><![CDATA[<table><tr><td><b>Identifier</b></td><td>FIN463</td></tr><tr><td><b>Restriction</b></td><td>Authorisation required</td></tr><tr><td><b>Reason</b></td><td>Sensitive</td></tr><tr><td><b>Upper limit</b></td><td>120 m AGL</td></tr><tr><td><b>Lower limit</b></td><td>not given</td></tr><tr><td><b>Valid</b></td><td>2024-04-17 to 2027-04-17, any day</td></tr></table><p>Authority: <a href="https://www.droneinfo.fi/fi/uas-ilmatilavyohykkeet">Traficom</a></p>]]></description><Polygon><tessellate>1</tessellate><outerBoundaryIs><LinearRing><coordinates>26.793611,61.186389,0 26.796944,61.181667,0 26.795556,61.181389,0 26.792500,61.186111,0 26.793611,61.186389,0</coordinates></LinearRing></outerBoundaryIs></Polygon></Placemark>
<Placemark><name>FIN464 Venekallion rautatietunneli UAS</name><styleUrl>#REQ_AUTHORISATION</styleUrl><description><![CDATA[<table><tr><td><b>Identifier</b></td><td>FIN464</td></tr><tr><td><b>Restriction</b></td><td>Authorisation required</td></tr><tr><td><b>Reason</b></td><td>Sensitive</td></tr><tr><td><b>Upper limit</b></td><td>120 m AGL</td></tr><tr><td><b>Lower limit</b></td><td>not given</td></tr><tr><td><b>Valid</b></td><td>2024-04-17 to 2027-04-17, any day</td></tr></table><p>Authority: <a href="https://www.droneinfo.fi/fi/uas-ilmatilavyohykkeet">Traficom</a></p>]]></description><Polygon><tessellate>1</tessellate><outerBoundaryIs><LinearRing><coordinates>26.691667,60.965833,0 26.693333,60.965833,0 26.693333,60.962778,0 26.691667,60.962778,0 26.691667,60.965833,0</coordinates></LinearRing></outerBoundaryIs></Polygon></Placemark>
<Placemark><name>FIN465 Vuohijärven rautatietunneli UAS</name><styleUrl>#REQ_AUTHORISATION</styleUrl><description><![CDATA[<table><tr><td><b>Identifier</b></td><td>FIN465</td></tr><tr><td><b>Restriction</b></td><td>Authorisation required</td></tr><tr><td><b>Reason</b></td><td>Sensitive</td></tr><tr><td><b>Upper limit</b></td><td>120 m AGL</td></tr><tr><td><b>Lower limit</b></td><td>not given</td></tr><tr><td><b>Valid</b></td><td>2024-04-17 to 2027-04-17, any day</td></tr></table><p>Authority: <a href="https://www.droneinfo.fi/fi/uas-ilmatilavyohykkeet">Traficom</a></p>]]></description><Polygon><tessellate>1</tessellate><outerBoundaryIs><LinearRing><coordinates>26.817778,61.103056,0 26.818611,61.102500,0 26.811944,61.100278,0 26.811111,61.100833,0 26.817778,61.103056,0</coordinates></LinearRing></outerBoundaryIs></Polygon></Placemark>
<Placemark><name>FIN466 Pienen Neulamäen rautatietunneli UAS E</name><styleUrl>#REQ_AUTHORISATION</styleUrl><description><![CDATA[<table><tr><td><b>Identifier</b></td><td>FIN466</td></tr><tr><td><b>Restriction</b></td><td>Authorisation required</td></tr><tr><td><b>Reason</b></td><td>Sensitive</td></tr><tr><td><b>Upper limit</b></td><td>120 m AGL</td></tr><tr><td><b>Lower limit</b></td><td>not given</td></tr><tr><td><b>Valid</b></td><td>2024-04-17 to 2027-04-17, any day</td></tr></table><p>Authority: <a href="https://www.droneinfo.fi/fi/uas-ilmatilavyohykkeet">Traficom</a></p>]]></description><Polygon><tessellate>1</tessellate><outerBoundaryIs><LinearRing><coordinates>27.607778,62.847222,0 27.609167,62.846944,0 27.608333,62.845833,0 27.606944,62.846111,0 27.607778,62.847222,0</coordinates></LinearRing></outerBoundaryIs></Polygon></Placemark>
<Placemark><name>FIN467 Pienen Neulamäen rautatietunneli UAS P</name><styleUrl>#REQ_AUTHORISATION</styleUrl><description><![CDATA[<table><tr><td><b>Identifier</b></td><td>FIN467</td></tr><tr><td><b>Restriction</b></td><td>Authorisation required</td></tr><tr><td><b>Reason</b></td><td>Sensitive</td></tr><tr><td><b>Upper limit</b></td><td>120 m AGL</td></tr><tr><td><b>Lower limit</b></td><td>not given</td></tr><tr><td><b>Valid</b></td><td>2024-04-17 to 2027-04-17, any day</td></tr></table><p>Authority: <a href="https://www.droneinfo.fi/fi/uas-ilmatilavyohykkeet">Traficom</a></p>]]></description><Polygon><tessellate>1</tessellate><outerBoundaryIs><LinearRing><coordinates>27.615278,62.855833,0 27.616389,62.855833,0 27.615556,62.854167,0 27.613889,62.854444,0 27.615278,62.855833,0</coordinates></LinearRing></outerBoundaryIs></Polygon></Placemark>
<Placemark><name>FIN468 Pönttövuoren rautatietunneli UAS I</name><styleUrl>#REQ_AUTHORISATION</styleUrl><description><![CDATA[<table><tr><td><b>Identifier</b></td><td>FIN468</td></tr><tr><td><b>Restriction</b></td><td>Authorisation required</td></tr><tr><td><b>Reason</b></td><td>Sensitive</td></tr><tr><td><b>Upper limit</b></td><td>120 m AGL</td></tr><tr><td><b>Lower limit</b></td><td>not given</td></tr><tr><td><b>Valid</b></td><td>2024-04-17 to 2027-04-17, any day</td></tr></table><p>Authority: <a href="https://www.droneinfo.fi/fi/uas-ilmatilavyohykkeet">Traficom</a></p>]]></description><Polygon><tessellate>1</tessellate><outerBoundaryIs><LinearRing><coordinates>26.085000,62.239167,0 26.085556,62.238333,0 26.083056,62.238056,0 26.082778,62.238889,0 26.085000,62.239167,0</coordinates></LinearRing></outerBoundaryIs></Polygon></Placemark>
<Placemark><name>FIN469 Pönttövuoren rautatietunneli UAS L</name><styleUrl>#REQ_AUTHORISATION</styleUrl><description><![CDATA[<table><tr><td><b>Identifier</b></td><td>FIN469</td></tr><tr><td><b>Restriction</b></td><td>Authorisation required</td></tr><tr><td><b>Reason</b></td><td>Sensitive</td></tr><tr><td><b>Upper limit</b></td><td>120 m AGL</td></tr><tr><td><b>Lower limit</b></td><td>not given</td></tr><tr><td><b>Valid</b></td><td>2024-04-17 to 2027-04-17, any day</td></tr></table><p>Authority: <a href="https://www.droneinfo.fi/fi/uas-ilmatilavyohykkeet">Traficom</a></p>]]></description><Polygon><tessellate>1</tessellate><outerBoundaryIs><LinearRing><coordinates>26.055833,62.239444,0 26.060000,62.238889,0 26.060000,62.238333,0 26.055556,62.238611,0 26.055833,62.239444,0</coordinates></LinearRing></outerBoundaryIs></Polygon></Placemark>
<Placemark><name>FIN470 Lautakkomäen rautatietunneli UAS</name><styleUrl>#REQ_AUTHORISATION</styleUrl><description><![CDATA[<table><tr><td><b>Identifier</b></td><td>FIN470</td></tr><tr><td><b>Restriction</b></td><td>Authorisation required</td></tr><tr><td><b>Reason</b></td><td>Sensitive</td></tr><tr><td><b>Upper limit</b></td><td>120 m AGL</td></tr><tr><td><b>Lower limit</b></td><td>not given</td></tr><tr><td><b>Valid</b></td><td>2024-04-17 to 2027-04-17, any day</td></tr></table><p>Authority: <a href="https://www.droneinfo.fi/fi/uas-ilmatilavyohykkeet">Traficom</a></p>]]></description><Polygon><tessellate>1</tessellate><outerBoundaryIs><LinearRing><coordinates>25.630000,62.084722,0 25.632222,62.084444,0 25.629167,62.079167,0 25.626667,62.079444,0 25.630000,62.084722,0</coordinates></LinearRing></outerBoundaryIs></Polygon></Placemark>
<Placemark><name>FIN471 Paasivuoren rautatietunneli UAS E</name><styleUrl>#REQ_AUTHORISATION</styleUrl><description><![CDATA[<table><tr><td><b>Identifier</b></td><td>FIN471</td></tr><tr><td><b>Restriction</b></td><td>Authorisation required</td></tr><tr><td><b>Reason</b></td><td>Sensitive</td></tr><tr><td><b>Upper limit</b></td><td>120 m AGL</td></tr><tr><td><b>Lower limit</b></td><td>not given</td></tr><tr><td><b>Valid</b></td><td>2024-04-17 to 2027-04-17, any day</td></tr></table><p>Authority: <a href="https://www.droneinfo.fi/fi/uas-ilmatilavyohykkeet">Traficom</a></p>]]></description><Polygon><tessellate>1</tessellate><outerBoundaryIs><LinearRing><coordinates>25.710000,62.149722,0 25.709167,62.148889,0 25.708056,62.149167,0 25.708889,62.150000,0 25.710000,62.149722,0</coordinates></LinearRing></outerBoundaryIs></Polygon></Placemark>
<Placemark><name>FIN472 Paasivuoren rautatietunneli UAS P</name><styleUrl>#REQ_AUTHORISATION</styleUrl><description><![CDATA[<table><tr><td><b>Identifier</b></td><td>FIN472</td></tr><tr><td><b>Restriction</b></td><td>Authorisation required</td></tr><tr><td><b>Reason</b></td><td>Sensitive</td></tr><tr><td><b>Upper limit</b></td><td>120 m AGL</td></tr><tr><td><b>Lower limit</b></td><td>not given</td></tr><tr><td><b>Valid</b></td><td>2024-04-17 to 2027-04-17, any day</td></tr></table><p>Authority: <a href="https://www.droneinfo.fi/fi/uas-ilmatilavyohykkeet">Traficom</a></p>]]></description><Polygon><tessellate>1</tessellate><outerBoundaryIs><LinearRing><coordinates>25.724722,62.171389,0 25.726111,62.171111,0 25.725556,62.170000,0 25.723889,62.170278,0 25.724722,62.171389,0</coordinates></LinearRing></outerBoundaryIs></Polygon></Placemark>
<Placemark><name>FIN473 Paavalinvuoren rautatietunneli UAS E</name><styleUrl>#REQ_AUTHORISATION</styleUrl><description><![CDATA[<table><tr><td><b>Identifier</b></td><td>FIN473</td></tr><tr><td><b>Restriction</b></td><td>Authorisation required</td></tr><tr><td><b>Reason</b></td><td>Sensitive</td></tr><tr><td><b>Upper limit</b></td><td>120 m AGL</td></tr><tr><td><b>Lower limit</b></td><td>not given</td></tr><tr><td><b>Valid</b></td><td>2024-04-17 to 2027-04-17, any day</td></tr></table><p>Authority: <a href="https://www.droneinfo.fi/fi/uas-ilmatilavyohykkeet">Traficom</a></p>]]></description><Polygon><tessellate>1</tessellate><outerBoundaryIs><LinearRing><coordinates>25.695278,62.135833,0 25.696389,62.135556,0 25.695000,62.134444,0 25.694167,62.134722,0 25.695278,62.135833,0</coordinates></LinearRing></outerBoundaryIs></Polygon></Placemark>
<Placemark><name>FIN474 Paavalinvuoren rautatietunneli UAS P</name><styleUrl>#REQ_AUTHORISATION</styleUrl><description><![CDATA[<table><tr><td><b>Identifier</b></td><td>FIN474</td></tr><tr><td><b>Restriction</b></td><td>Authorisation required</td></tr><tr><td><b>Reason</b></td><td>Sensitive</td></tr><tr><td><b>Upper limit</b></td><td>120 m AGL</td></tr><tr><td><b>Lower limit</b></td><td>not given</td></tr><tr><td><b>Valid</b></td><td>2024-04-17 to 2027-04-17, any day</td></tr></table><p>Authority: <a href="https://www.droneinfo.fi/fi/uas-ilmatilavyohykkeet">Traficom</a></p>]]></description><Polygon><tessellate>1</tessellate><outerBoundaryIs><LinearRing><coordinates>25.703056,62.142222,0 25.704167,62.141944,0 25.703056,62.141111,0 25.701944,62.141389,0 25.703056,62.142222,0</coordinates></LinearRing></outerBoundaryIs></Polygon></Placemark>
<Placemark><name>FIN475 Högbackan rautatietunneli UAS</name><styleUrl>#REQ_AUTHORISATION</styleUrl><description><![CDATA[<table><tr><td><b>Identifier</b></td><td>FIN475</td></tr><tr><td><b>Restriction</b></td><td>Authorisation required</td></tr><tr><td><b>Reason</b></td><td>Sensitive</td></tr><tr><td><b>Upper limit</b></td><td>120 m AGL</td></tr><tr><td><b>Lower limit</b></td><td>not given</td></tr><tr><td><b>Valid</b></td><td>2024-04-17 to 2027-04-17, any day</td></tr></table><p>Authority: <a href="https://www.droneinfo.fi/fi/uas-ilmatilavyohykkeet">Traficom</a></p>]]></description><Polygon><tessellate>1</tessellate><outerBoundaryIs><LinearRing><coordinates>23.554722,60.096667,0 23.559444,60.093889,0 23.558889,60.093611,0 23.553889,60.096389,0 23.554722,60.096667,0</coordinates></LinearRing></outerBoundaryIs></Polygon></Placemark>
<Placemark><name>FIN476 Åminnen rautatietunneli UAS</name><styleUrl>#REQ_AUTHORISATION</styleUrl><description><![CDATA[<table><tr><td><b>Identifier</b></td><td>FIN476</td></tr><tr><td><b>Restriction</b></td><td>Authorisation required</td></tr><tr><td><b>Reason</b></td><td>Sensitive</td></tr><tr><td><b>Upper limit</b></td><td>120 m AGL</td></tr><tr><td><b>Lower limit</b></td><td>not given</td></tr><tr><td><b>Valid</b></td><td>2024-04-17 to 2027-04-17, any day</td></tr></table><p>Authority: <a href="https://www.droneinfo.fi/fi/uas-ilmatilavyohykkeet">Traficom</a></p>]]></description><Polygon><tessellate>1</tessellate><outerBoundaryIs><LinearRing><coordinates>23.579722,60.083611,0 23.583333,60.081389,0 23.581944,60.080833,0 23.578611,60.082778,0 23.579722,60.083611,0</coordinates></LinearRing></outerBoundaryIs></Polygon></Placemark>
<Placemark><name>FIN477 Halikon rautatietunneli UAS</name><styleUrl>#REQ_AUTHORISATION</styleUrl><description><![CDATA[<table><tr><td><b>Identifier</b></td><td>FIN477</td></tr><tr><td><b>Restriction</b></td><td>Authorisation required</td></tr><tr><td><b>Reason</b></td><td>Sensitive</td></tr><tr><td><b>Upper limit</b></td><td>120 m AGL</td></tr><tr><td><b>Lower limit</b></td><td>not given</td></tr><tr><td><b>Valid</b></td><td>2024-04-17 to 2027-04-17, any day</td></tr></table><p>Authority: <a href="https://www.droneinfo.fi/fi/uas-ilmatilavyohykkeet">Traficom</a></p>]]></description><Polygon><tessellate>1</tessellate><outerBoundaryIs><LinearRing><coordinates>23.023611,60.402778,0 23.023611,60.402500,0 23.018056,60.402222,0 23.016389,60.402500,0 23.016389,60.402778,0 23.023611,60.402778,0</coordinates></LinearRing></outerBoundaryIs></Polygon></Placemark>
<Placemark><name>FIN478 Harmaamäen rautatietunneli UAS</name><styleUrl>#REQ_AUTHORISATION</styleUrl><description><![CDATA[<table><tr><td><b>Identifier</b></td><td>FIN478</td></tr><tr><td><b>Restriction</b></td><td>Authorisation required</td></tr><tr><td><b>Reason</b></td><td>Sensitive</td></tr><tr><td><b>Upper limit</b></td><td>120 m AGL</td></tr><tr><td><b>Lower limit</b></td><td>not given</td></tr><tr><td><b>Valid</b></td><td>2024-04-17 to 2027-04-17, any day</td></tr></table><p>Authority: <a href="https://www.droneinfo.fi/fi/uas-ilmatilavyohykkeet">Traficom</a></p>]]></description><Polygon><tessellate>1</tessellate><outerBoundaryIs><LinearRing><coordinates>23.267222,60.180278,0 23.273056,60.175278,0 23.271944,60.175000,0 23.266111,60.180000,0 23.267222,60.180278,0</coordinates></LinearRing></outerBoundaryIs></Polygon></Placemark>
<Placemark><name>FIN479 Haukkamäen rautatietunneli UAS</name><styleUrl>#REQ_AUTHORISATION</styleUrl><description><![CDATA[<table><tr><td><b>Identifier</b></td><td>FIN479</td></tr><tr><td><b>Restriction</b></td><td>Authorisation required</td></tr><tr><td><b>Reason</b></td><td>Sensitive</td></tr><tr><td><b>Upper limit</b></td><td>120 m AGL</td></tr><tr><td><b>Lower limit</b></td><td>not given</td></tr><tr><td><b>Valid</b></td><td>2024-04-17 to 2027-04-17, any day</td></tr></table><p>Authority: <a href="https://www.droneinfo.fi/fi/uas-ilmatilavyohykkeet">Traficom</a></p>]]></description><Polygon><tessellate>1</tessellate><outerBoundaryIs><LinearRing><coordinates>23.262500,60.185556,0 23.265833,60.182222,0 23.265000,60.181944,0 23.261667,60.185278,0 23.262500,60.185556,0</coordinates></LinearRing></outerBoundaryIs></Polygon></Placemark>
<Placemark><name>FIN480 Kaivosmäen rautatietunneli UAS</name><styleUrl>#REQ_AUTHORISATION</styleUrl><description><![CDATA[<table><tr><td><b>Identifier</b></td><td>FIN480</td></tr><tr><td><b>Restriction</b></td><td>Authorisation required</td></tr><tr><td><b>Reason</b></td><td>Sensitive</td></tr><tr><td><b>Upper limit</b></td><td>120 m AGL</td></tr><tr><td><b>Lower limit</b></td><td>not given</td></tr><tr><td><b>Valid</b></td><td>2024-04-17 to 2027-04-17, any day</td></tr></table><p>Authority: <a href="https://www.droneinfo.fi/fi/uas-ilmatilavyohykkeet">Traficom</a></p>]]></description><Polygon><tessellate>1</tessellate><outerBoundaryIs><LinearRing><coordinates>23.273611,60.175000,0 23.277222,60.173056,0 23.276667,60.172778,0 23.272778,60.174722,0 23.273611,60.175000,0</coordinates></LinearRing></outerBoundaryIs></Polygon></Placemark>
<Placemark><name>FIN481  Lavianmäen rautatietunneli UAS</name><styleUrl>#REQ_AUTHORISATION</styleUrl><description><![CDATA[<table><tr><td><b>Identifier</b></td><td>FIN481</td></tr><tr><td><b>Restriction</b></td><td>Authorisation required</td></tr><tr><td><b>Reason</b></td><td>Sensitive</td></tr><tr><td><b>Upper limit</b></td><td>120 m AGL</td></tr><tr><td><b>Lower limit</b></td><td>not given</td></tr><tr><td><b>Valid</b></td><td>2024-04-17 to 2027-04-17, any day</td></tr></table><p>Authority: <a href="https://www.droneinfo.fi/fi/uas-ilmatilavyohykkeet">Traficom</a></p>]]></description><Polygon><tessellate>1</tessellate><outerBoundaryIs><LinearRing><coordinates>23.113056,60.343889,0 23.105556,60.338056,0 23.104167,60.338889,0 23.112222,60.344444,0 23.113056,60.343889,0</coordinates></LinearRing></outerBoundaryIs></Polygon></Placemark>
<Placemark><name>FIN482 Lemunmäen rautatietunneli UAS</name><styleUrl>#REQ_AUTHORISATION</styleUrl><description><![CDATA[<table><tr><td><b>Identifier</b></td><td>FIN482</td></tr><tr><td><b>Restriction</b></td><td>Authorisation required</td></tr><tr><td><b>Reason</b></td><td>Sensitive</td></tr><tr><td><b>Upper limit</b></td><td>120 m AGL</td></tr><tr><td><b>Lower limit</b></td><td>not given</td></tr><tr><td><b>Valid</b></td><td>2024-04-17 to 2027-04-17, any day</td></tr></table><p>Authority: <a href="https://www.droneinfo.fi/fi/uas-ilmatilavyohykkeet">Traficom</a></p>]]></description><Polygon><tessellate>1</tessellate><outerBoundaryIs><LinearRing><coordinates>23.155278,60.252778,0 23.164444,60.245556,0 23.163056,60.245000,0 23.153889,60.252500,0 23.155278,60.252778,0</coordinates></LinearRing></outerBoundaryIs></Polygon></Placemark>
<Placemark><name>FIN483 Märjänmäen rautatietunneli UAS E</name><styleUrl>#REQ_AUTHORISATION</styleUrl><description><![CDATA[<table><tr><td><b>Identifier</b></td><td>FIN483</td></tr><tr><td><b>Restriction</b></td><td>Authorisation required</td></tr><tr><td><b>Reason</b></td><td>Sensitive</td></tr><tr><td><b>Upper limit</b></td><td>120 m AGL</td></tr><tr><td><b>Lower limit</b></td><td>not given</td></tr><tr><td><b>Valid</b></td><td>2024-04-17 to 2027-04-17, any day</td></tr></table><p>Authority: <a href="https://www.droneinfo.fi/fi/uas-ilmatilavyohykkeet">Traficom</a></p>]]></description><Polygon><tessellate>1</tessellate><outerBoundaryIs><LinearRing><coordinates>23.151389,60.255000,0 23.152222,60.254444,0 23.152500,60.254444,0 23.153611,60.253611,0 23.152778,60.253611,0 23.151667,60.254444,0 23.151944,60.254444,0 23.151111,60.255000,0 23.151389,60.255000,0</coordinates></LinearRing></outerBoundaryIs></Polygon></Placemark>
<Placemark><name>FIN484 Märjänmäen rautatietunneli UAS P</name><styleUrl>#REQ_AUTHORISATION</styleUrl><description><![CDATA[<table><tr><td><b>Identifier</b></td><td>FIN484</td></tr><tr><td><b>Restriction</b></td><td>Authorisation required</td></tr><tr><td><b>Reason</b></td><td>Sensitive</td></tr><tr><td><b>Upper limit</b></td><td>120 m AGL</td></tr><tr><td><b>Lower limit</b></td><td>not given</td></tr><tr><td><b>Valid</b></td><td>2024-04-17 to 2027-04-17, any day</td></tr></table><p>Authority: <a href="https://www.droneinfo.fi/fi/uas-ilmatilavyohykkeet">Traficom</a></p>]]></description><Polygon><tessellate>1</tessellate><outerBoundaryIs><LinearRing><coordinates>23.138611,60.264167,0 23.140556,60.262778,0 23.139722,60.262500,0 23.138056,60.263889,0 23.138611,60.264167,0</coordinates></LinearRing></outerBoundaryIs></Polygon></Placemark>
<Placemark><name>FIN485 Pepallonmäen rautatietunneli UAS</name><styleUrl>#REQ_AUTHORISATION</styleUrl><description><![CDATA[<table><tr><td><b>Identifier</b></td><td>FIN485</td></tr><tr><td><b>Restriction</b></td><td>Authorisation required</td></tr><tr><td><b>Reason</b></td><td>Sensitive</td></tr><tr><td><b>Upper limit</b></td><td>120 m AGL</td></tr><tr><td><b>Lower limit</b></td><td>not given</td></tr><tr><td><b>Valid</b></td><td>2024-04-17 to 2027-04-17, any day</td></tr></table><p>Authority: <a href="https://www.droneinfo.fi/fi/uas-ilmatilavyohykkeet">Traficom</a></p>]]></description><Polygon><tessellate>1</tessellate><outerBoundaryIs><LinearRing><coordinates>22.985556,60.406667,0 22.985278,60.405833,0 22.973056,60.407500,0 22.973611,60.408333,0 22.985556,60.406667,0</coordinates></LinearRing></outerBoundaryIs></Polygon></Placemark>
<Placemark><name>FIN486 Tottolan rautatietunneli UAS E</name><styleUrl>#REQ_AUTHORISATION</styleUrl><description><![CDATA[<table><tr><td><b>Identifier</b></td><td>FIN486</td></tr><tr><td><b>Restriction</b></td><td>Authorisation required</td></tr><tr><td><b>Reason</b></td><td>Sensitive</td></tr><tr><td><b>Upper limit</b></td><td>120 m AGL</td></tr><tr><td><b>Lower limit</b></td><td>not given</td></tr><tr><td><b>Valid</b></td><td>2024-04-17 to 2027-04-17, any day</td></tr></table><p>Authority: <a href="https://www.droneinfo.fi/fi/uas-ilmatilavyohykkeet">Traficom</a></p>]]></description><Polygon><tessellate>1</tessellate><outerBoundaryIs><LinearRing><coordinates>23.116389,60.351111,0 23.116944,60.351111,0 23.116667,60.350556,0 23.116944,60.350278,0 23.116667,60.349444,0 23.115833,60.349444,0 23.116111,60.350000,0 23.115833,60.350278,0 23.116389,60.350556,0 23.116389,60.351111,0</coordinates></LinearRing></outerBoundaryIs></Polygon></Placemark>
<Placemark><name>FIN487 Tottolan rautatietunneli UAS P</name><styleUrl>#REQ_AUTHORISATION</styleUrl><description><![CDATA[<table><tr><td><b>Identifier</b></td><td>FIN487</td></tr><tr><td><b>Restriction</b></td><td>Authorisation required</td></tr><tr><td><b>Reason</b></td><td>Sensitive</td></tr><tr><td><b>Upper limit</b></td><td>120 m AGL</td></tr><tr><td><b>Lower limit</b></td><td>not given</td></tr><tr><td><b>Valid</b></td><td>2024-04-17 to 2027-04-17, any day</td></tr></table><p>Authority: <a href="https://www.droneinfo.fi/fi/uas-ilmatilavyohykkeet">Traficom</a></p>]]></description><Polygon><tessellate>1</tessellate><outerBoundaryIs><LinearRing><coordinates>23.116667,60.355833,0 23.117778,60.355833,0 23.117222,60.354167,0 23.116667,60.354167,0 23.116667,60.355833,0</coordinates></LinearRing></outerBoundaryIs></Polygon></Placemark>
<Placemark><name>FIN488 Kyrönniemen rautatietunneli UAS I</name><styleUrl>#REQ_AUTHORISATION</styleUrl><description><![CDATA[<table><tr><td><b>Identifier</b></td><td>FIN488</td></tr><tr><td><b>Restriction</b></td><td>Authorisation required</td></tr><tr><td><b>Reason</b></td><td>Sensitive</td></tr><tr><td><b>Upper limit</b></td><td>120 m AGL</td></tr><tr><td><b>Lower limit</b></td><td>not given</td></tr><tr><td><b>Valid</b></td><td>2024-04-17 to 2027-04-17, any day</td></tr></table><p>Authority: <a href="https://www.droneinfo.fi/fi/uas-ilmatilavyohykkeet">Traficom</a></p>]]></description><Polygon><tessellate>1</tessellate><outerBoundaryIs><LinearRing><coordinates>28.913889,61.864167,0 28.913611,61.863611,0 28.911111,61.864167,0 28.911389,61.864722,0 28.913889,61.864167,0</coordinates></LinearRing></outerBoundaryIs></Polygon></Placemark>
<Placemark><name>FIN489 Kyrönniemen rautatietunneli UAS L</name><styleUrl>#REQ_AUTHORISATION</styleUrl><description><![CDATA[<table><tr><td><b>Identifier</b></td><td>FIN489</td></tr><tr><td><b>Restriction</b></td><td>Authorisation required</td></tr><tr><td><b>Reason</b></td><td>Sensitive</td></tr><tr><td><b>Upper limit</b></td><td>120 m AGL</td></tr><tr><td><b>Lower limit</b></td><td>not given</td></tr><tr><td><b>Valid</b></td><td>2024-04-17 to 2027-04-17, any day</td></tr></table><p>Authority: <a href="https://www.droneinfo.fi/fi/uas-ilmatilavyohykkeet">Traficom</a></p>]]></description><Polygon><tessellate>1</tessellate><outerBoundaryIs><LinearRing><coordinates>28.905278,61.866389,0 28.908056,61.865556,0 28.907778,61.865000,0 28.904722,61.865833,0 28.905278,61.866389,0</coordinates></LinearRing></outerBoundaryIs></Polygon></Placemark>
<Placemark><name>FIN490 Lillgårdin rautatietunneli UAS</name><styleUrl>#REQ_AUTHORISATION</styleUrl><description><![CDATA[<table><tr><td><b>Identifier</b></td><td>FIN490</td></tr><tr><td><b>Restriction</b></td><td>Authorisation required</td></tr><tr><td><b>Reason</b></td><td>Sensitive</td></tr><tr><td><b>Upper limit</b></td><td>120 m AGL</td></tr><tr><td><b>Lower limit</b></td><td>not given</td></tr><tr><td><b>Valid</b></td><td>2024-04-17 to 2027-04-17, any day</td></tr></table><p>Authority: <a href="https://www.droneinfo.fi/fi/uas-ilmatilavyohykkeet">Traficom</a></p>]]></description><Polygon><tessellate>1</tessellate><outerBoundaryIs><LinearRing><coordinates>24.290833,60.129444,0 24.291667,60.129167,0 24.294444,60.128056,0 24.296389,60.127222,0 24.295833,60.126944,0 24.294167,60.127500,0 24.291111,60.128611,0 24.290278,60.128889,0 24.290833,60.129444,0</coordinates></LinearRing></outerBoundaryIs></Polygon></Placemark>
<Placemark><name>FIN491 Riddarbackenin rautatietunneli UAS E</name><styleUrl>#REQ_AUTHORISATION</styleUrl><description><![CDATA[<table><tr><td><b>Identifier</b></td><td>FIN491</td></tr><tr><td><b>Restriction</b></td><td>Authorisation required</td></tr><tr><td><b>Reason</b></td><td>Sensitive</td></tr><tr><td><b>Upper limit</b></td><td>120 m AGL</td></tr><tr><td><b>Lower limit</b></td><td>not given</td></tr><tr><td><b>Valid</b></td><td>2024-04-17 to 2027-04-17, any day</td></tr></table><p>Authority: <a href="https://www.droneinfo.fi/fi/uas-ilmatilavyohykkeet">Traficom</a></p>]]></description><Polygon><tessellate>1</tessellate><outerBoundaryIs><LinearRing><coordinates>24.280556,60.134167,0 24.281389,60.133889,0 24.283333,60.133056,0 24.282500,60.132778,0 24.280556,60.133611,0 24.280000,60.133889,0 24.280556,60.134167,0</coordinates></LinearRing></outerBoundaryIs></Polygon></Placemark>
<Placemark><name>FIN492 Riddarbackenin rautatietunneli UAS P</name><styleUrl>#REQ_AUTHORISATION</styleUrl><description><![CDATA[<table><tr><td><b>Identifier</b></td><td>FIN492</td></tr><tr><td><b>Restriction</b></td><td>Authorisation required</td></tr><tr><td><b>Reason</b></td><td>Sensitive</td></tr><tr><td><b>Upper limit</b></td><td>120 m AGL</td></tr><tr><td><b>Lower limit</b></td><td>not given</td></tr><tr><td><b>Valid</b></td><td>2024-04-17 to 2027-04-17, any day</td></tr></table><p>Authority: <a href="https://www.droneinfo.fi/fi/uas-ilmatilavyohykkeet">Traficom</a></p>]]></description><Polygon><tessellate>1</tessellate><outerBoundaryIs><LinearRing><coordinates>24.276667,60.135833,0 24.278333,60.135278,0 24.279722,60.134722,0 24.279167,60.134444,0 24.277500,60.135000,0 24.276667,60.135278,0 24.276111,60.135556,0 24.276667,60.135833,0</coordinates></LinearRing></outerBoundaryIs></Polygon></Placemark>
<Placemark><name>FIN493 Mustamäen rautatietunneli UAS I</name><styleUrl>#REQ_AUTHORISATION</styleUrl><description><![CDATA[<table><tr><td><b>Identifier</b></td><td>FIN493</td></tr><tr><td><b>Restriction</b></td><td>Authorisation required</td></tr><tr><td><b>Reason</b></td><td>Sensitive</td></tr><tr><td><b>Upper limit</b></td><td>120 m AGL</td></tr><tr><td><b>Lower limit</b></td><td>not given</td></tr><tr><td><b>Valid</b></td><td>2024-04-17 to 2027-04-17, any day</td></tr></table><p>Authority: <a href="https://www.droneinfo.fi/fi/uas-ilmatilavyohykkeet">Traficom</a></p>]]></description><Polygon><tessellate>1</tessellate><outerBoundaryIs><LinearRing><coordinates>27.143889,62.650833,0 27.143056,62.651389,0 27.146111,62.651944,0 27.146944,62.651389,0 27.143889,62.650833,0</coordinates></LinearRing></outerBoundaryIs></Polygon></Placemark>
<Placemark><name>FIN494 Mustamäen rautatietunneli UAS L</name><styleUrl>#REQ_AUTHORISATION</styleUrl><description><![CDATA[<table><tr><td><b>Identifier</b></td><td>FIN494</td></tr><tr><td><b>Restriction</b></td><td>Authorisation required</td></tr><tr><td><b>Reason</b></td><td>Sensitive</td></tr><tr><td><b>Upper limit</b></td><td>120 m AGL</td></tr><tr><td><b>Lower limit</b></td><td>not given</td></tr><tr><td><b>Valid</b></td><td>2024-04-17 to 2027-04-17, any day</td></tr></table><p>Authority: <a href="https://www.droneinfo.fi/fi/uas-ilmatilavyohykkeet">Traficom</a></p>]]></description><Polygon><tessellate>1</tessellate><outerBoundaryIs><LinearRing><coordinates>27.140278,62.650278,0 27.141389,62.649722,0 27.138333,62.648611,0 27.137222,62.649167,0 27.140278,62.650278,0</coordinates></LinearRing></outerBoundaryIs></Polygon></Placemark>
<Placemark><name>FIN495 Mustavuoren rautatietunnelit UAS</name><styleUrl>#REQ_AUTHORISATION</styleUrl><description><![CDATA[<table><tr><td><b>Identifier</b></td><td>FIN495</td></tr><tr><td><b>Restriction</b></td><td>Authorisation required</td></tr><tr><td><b>Reason</b></td><td>Sensitive</td></tr><tr><td><b>Upper limit</b></td><td>120 m AGL</td></tr><tr><td><b>Lower limit</b></td><td>not given</td></tr><tr><td><b>Valid</b></td><td>2024-04-17 to 2027-04-17, any day</td></tr></table><p>Authority: <a href="https://www.droneinfo.fi/fi/uas-ilmatilavyohykkeet">Traficom</a></p>]]></description><Polygon><tessellate>1</tessellate><outerBoundaryIs><LinearRing><coordinates>27.175556,62.654722,0 27.175833,62.654167,0 27.163333,62.653056,0 27.152500,62.651944,0 27.151667,62.652500,0 27.162778,62.653611,0 27.175556,62.654722,0</coordinates></LinearRing></outerBoundaryIs></Polygon></Placemark>
<Placemark><name>FIN496 Savion rautatietunneli UAS E</name><styleUrl>#REQ_AUTHORISATION</styleUrl><description><![CDATA[<table><tr><td><b>Identifier</b></td><td>FIN496</td></tr><tr><td><b>Restriction</b></td><td>Authorisation required</td></tr><tr><td><b>Reason</b></td><td>Sensitive</td></tr><tr><td><b>Upper limit</b></td><td>120 m AGL</td></tr><tr><td><b>Lower limit</b></td><td>not given</td></tr><tr><td><b>Valid</b></td><td>2024-04-17 to 2027-04-17, any day</td></tr></table><p>Authority: <a href="https://www.droneinfo.fi/fi/uas-ilmatilavyohykkeet">Traficom</a></p>]]></description><Polygon><tessellate>1</tessellate><outerBoundaryIs><LinearRing><coordinates>25.132222,60.256944,0 25.132222,60.256111,0 25.132778,60.255833,0 25.131111,60.255833,0 25.131111,60.256667,0 25.131389,60.256944,0 25.132222,60.256944,0</coordinates></LinearRing></outerBoundaryIs></Polygon></Placemark>
<Placemark><name>FIN497 Hiidenkallion tietunneli UAS</name><styleUrl>#REQ_AUTHORISATION</styleUrl><description><![CDATA[<table><tr><td><b>Identifier</b></td><td>FIN497</td></tr><tr><td><b>Restriction</b></td><td>Authorisation required</td></tr><tr><td><b>Reason</b></td><td>Sensitive</td></tr><tr><td><b>Upper limit</b></td><td>120 m AGL</td></tr><tr><td><b>Lower limit</b></td><td>not given</td></tr><tr><td><b>Valid</b></td><td>2024-04-17 to 2027-04-17, any day</td></tr></table><p>Authority: <a href="https://www.droneinfo.fi/fi/uas-ilmatilavyohykkeet">Traficom</a></p>]]></description><Polygon><tessellate>1</tessellate><outerBoundaryIs><LinearRing><coordinates>24.748056,60.214444,0 24.748611,60.214444,0 24.745833,60.208333,0 24.745278,60.208611,0 24.748056,60.214444,0</coordinates></LinearRing></outerBoundaryIs></Polygon></Placemark>
<Placemark><name>FIN498 Keilaniemen tietunneli E UAS</name><styleUrl>#REQ_AUTHORISATION</styleUrl><description><![CDATA[<table><tr><td><b>Identifier</b></td><td>FIN498</td></tr><tr><td><b>Restriction</b></td><td>Authorisation required</td></tr><tr><td><b>Reason</b></td><td>Sensitive</td></tr><tr><td><b>Upper limit</b></td><td>120 m AGL</td></tr><tr><td><b>Lower limit</b></td><td>not given</td></tr><tr><td><b>Valid</b></td><td>2024-04-17 to 2027-04-17, any day</td></tr></table><p>Authority: <a href="https://www.droneinfo.fi/fi/uas-ilmatilavyohykkeet">Traficom</a></p>]]></description><Polygon><tessellate>1</tessellate><outerBoundaryIs><LinearRing><coordinates>24.826389,60.173611,0 24.827222,60.173611,0 24.826944,60.172222,0 24.825556,60.172222,0 24.826389,60.173611,0</coordinates></LinearRing></outerBoundaryIs></Polygon></Placemark>
<Placemark><name>FIN499 Keilaniemen tietunneli P UAS</name><styleUrl>#REQ_AUTHORISATION</styleUrl><description><![CDATA[<table><tr><td><b>Identifier</b></td><td>FIN499</td></tr><tr><td><b>Restriction</b></td><td>Authorisation required</td></tr><tr><td><b>Reason</b></td><td>Sensitive</td></tr><tr><td><b>Upper limit</b></td><td>120 m AGL</td></tr><tr><td><b>Lower limit</b></td><td>not given</td></tr><tr><td><b>Valid</b></td><td>2024-04-17 to 2027-04-17, any day</td></tr></table><p>Authority: <a href="https://www.droneinfo.fi/fi/uas-ilmatilavyohykkeet">Traficom</a></p>]]></description><Polygon><tessellate>1</tessellate><outerBoundaryIs><LinearRing><coordinates>24.826389,60.178056,0 24.827778,60.178056,0 24.828333,60.176667,0 24.827500,60.175833,0 24.826389,60.178056,0</coordinates></LinearRing></outerBoundaryIs></Polygon></Placemark>
<Placemark><name>FIN500  Mestarin tietunneli E UAS</name><styleUrl>#REQ_AUTHORISATION</styleUrl><description><![CDATA[<table><tr><td><b>Identifier</b></td><td>FIN500</td></tr><tr><td><b>Restriction</b></td><td>Authorisation required</td></tr><tr><td><b>Reason</b></td><td>Sensitive</td></tr><tr><td><b>Upper limit</b></td><td>120 m AGL</td></tr><tr><td><b>Lower limit</b></td><td>not given</td></tr><tr><td><b>Valid</b></td><td>2024-04-17 to 2027-04-17, any day</td></tr></table><p>Authority: <a href="https://www.droneinfo.fi/fi/uas-ilmatilavyohykkeet">Traficom</a></p>]]></description><Polygon><tessellate>1</tessellate><outerBoundaryIs><LinearRing><coordinates>24.816667,60.221389,0 24.817500,60.221111,0 24.816944,60.220000,0 24.815833,60.220556,0 24.816667,60.221389,0</coordinates></LinearRing></outerBoundaryIs></Polygon></Placemark>
<Placemark><name>FIN501 Mestarin tietunneli P UAS</name><styleUrl>#REQ_AUTHORISATION</styleUrl><description><![CDATA[<table><tr><td><b>Identifier</b></td><td>FIN501</td></tr><tr><td><b>Restriction</b></td><td>Authorisation required</td></tr><tr><td><b>Reason</b></td><td>Sensitive</td></tr><tr><td><b>Upper limit</b></td><td>120 m AGL</td></tr><tr><td><b>Lower limit</b></td><td>not given</td></tr><tr><td><b>Valid</b></td><td>2024-04-17 to 2027-04-17, any day</td></tr></table><p>Authority: <a href="https://www.droneinfo.fi/fi/uas-ilmatilavyohykkeet">Traficom</a></p>]]></description><Polygon><tessellate>1</tessellate><outerBoundaryIs><LinearRing><coordinates>24.823889,60.225833,0 24.824444,60.225000,0 24.822778,60.224722,0 24.822222,60.225000,0 24.823889,60.225833,0</coordinates></LinearRing></outerBoundaryIs></Polygon></Placemark>
<Placemark><name>FIN502 Fiskarsin tietunneli UAS</name><styleUrl>#REQ_AUTHORISATION</styleUrl><description><![CDATA[<table><tr><td><b>Identifier</b></td><td>FIN502</td></tr><tr><td><b>Restriction</b></td><td>Authorisation required</td></tr><tr><td><b>Reason</b></td><td>Sensitive</td></tr><tr><td><b>Upper limit</b></td><td>120 m AGL</td></tr><tr><td><b>Lower limit</b></td><td>not given</td></tr><tr><td><b>Valid</b></td><td>2024-04-17 to 2027-04-17, any day</td></tr></table><p>Authority: <a href="https://www.droneinfo.fi/fi/uas-ilmatilavyohykkeet">Traficom</a></p>]]></description><Polygon><tessellate>1</tessellate><outerBoundaryIs><LinearRing><coordinates>23.535278,60.118611,0 23.537778,60.116944,0 23.536944,60.116667,0 23.534167,60.118333,0 23.535278,60.118611,0</coordinates></LinearRing></outerBoundaryIs></Polygon></Placemark>
<Placemark><name>FIN503 Husulan tietunneli UAS</name><styleUrl>#REQ_AUTHORISATION</styleUrl><description><![CDATA[<table><tr><td><b>Identifier</b></td><td>FIN503</td></tr><tr><td><b>Restriction</b></td><td>Authorisation required</td></tr><tr><td><b>Reason</b></td><td>Sensitive</td></tr><tr><td><b>Upper limit</b></td><td>120 m AGL</td></tr><tr><td><b>Lower limit</b></td><td>not given</td></tr><tr><td><b>Valid</b></td><td>2024-04-17 to 2027-04-17, any day</td></tr></table><p>Authority: <a href="https://www.droneinfo.fi/fi/uas-ilmatilavyohykkeet">Traficom</a></p>]]></description><Polygon><tessellate>1</tessellate><outerBoundaryIs><LinearRing><coordinates>27.178611,60.597778,0 27.179167,60.597500,0 27.169722,60.593611,0 27.169167,60.594167,0 27.178611,60.597778,0</coordinates></LinearRing></outerBoundaryIs></Polygon></Placemark>
<Placemark><name>FIN504 Kolsilan tietunneli UAS</name><styleUrl>#REQ_AUTHORISATION</styleUrl><description><![CDATA[<table><tr><td><b>Identifier</b></td><td>FIN504</td></tr><tr><td><b>Restriction</b></td><td>Authorisation required</td></tr><tr><td><b>Reason</b></td><td>Sensitive</td></tr><tr><td><b>Upper limit</b></td><td>120 m AGL</td></tr><tr><td><b>Lower limit</b></td><td>not given</td></tr><tr><td><b>Valid</b></td><td>2024-04-17 to 2027-04-17, any day</td></tr></table><p>Authority: <a href="https://www.droneinfo.fi/fi/uas-ilmatilavyohykkeet">Traficom</a></p>]]></description><Polygon><tessellate>1</tessellate><outerBoundaryIs><LinearRing><coordinates>27.211389,60.598056,0 27.218056,60.597778,0 27.218056,60.596944,0 27.211111,60.597222,0 27.211389,60.598056,0</coordinates></LinearRing></outerBoundaryIs></Polygon></Placemark>
<Placemark><name>FIN505 Hakamäen tietunneli UAS</name><styleUrl>#REQ_AUTHORISATION</styleUrl><description><![CDATA[<table><tr><td><b>Identifier</b></td><td>FIN505</td></tr><tr><td><b>Restriction</b></td><td>Authorisation required</td></tr><tr><td><b>Reason</b></td><td>Sensitive</td></tr><tr><td><b>Upper limit</b></td><td>120 m AGL</td></tr><tr><td><b>Lower limit</b></td><td>not given</td></tr><tr><td><b>Valid</b></td><td>2024-04-17 to 2027-04-17, any day</td></tr></table><p>Authority: <a href="https://www.droneinfo.fi/fi/uas-ilmatilavyohykkeet">Traficom</a></p>]]></description><Polygon><tessellate>1</tessellate><outerBoundaryIs><LinearRing><coordinates>24.896389,60.208333,0 24.906111,60.208333,0 24.906111,60.207778,0 24.896389,60.207778,0 24.896389,60.208333,0</coordinates></LinearRing></outerBoundaryIs></Polygon></Placemark>
<Placemark><name>FIN506 Vuosaaren tietunneli UAS</name><styleUrl>#REQ_AUTHORISATION</styleUrl><description><![CDATA[<table><tr><td><b>Identifier</b></td><td>FIN506</td></tr><tr><td><b>Restriction</b></td><td>Authorisation required</td></tr><tr><td><b>Reason</b></td><td>Sensitive</td></tr><tr><td><b>Upper limit</b></td><td>120 m AGL</td></tr><tr><td><b>Lower limit</b></td><td>not given</td></tr><tr><td><b>Valid</b></td><td>2024-04-17 to 2027-04-17, any day</td></tr></table><p>Authority: <a href="https://www.droneinfo.fi/fi/uas-ilmatilavyohykkeet">Traficom</a></p>]]></description><Polygon><tessellate>1</tessellate><outerBoundaryIs><LinearRing><coordinates>25.156389,60.240278,0 25.161667,60.236944,0 25.163056,60.232500,0 25.168333,60.226389,0 25.166944,60.225556,0 25.161667,60.231944,0 25.160556,60.236389,0 25.155556,60.240000,0 25.156389,60.240278,0</coordinates></LinearRing></outerBoundaryIs></Polygon></Placemark>
<Placemark><name>FIN507 Hämeenlinnan tietunneli E UAS</name><styleUrl>#REQ_AUTHORISATION</styleUrl><description><![CDATA[<table><tr><td><b>Identifier</b></td><td>FIN507</td></tr><tr><td><b>Restriction</b></td><td>Authorisation required</td></tr><tr><td><b>Reason</b></td><td>Sensitive</td></tr><tr><td><b>Upper limit</b></td><td>120 m AGL</td></tr><tr><td><b>Lower limit</b></td><td>not given</td></tr><tr><td><b>Valid</b></td><td>2024-04-17 to 2027-04-17, any day</td></tr></table><p>Authority: <a href="https://www.droneinfo.fi/fi/uas-ilmatilavyohykkeet">Traficom</a></p>]]></description><Polygon><tessellate>1</tessellate><outerBoundaryIs><LinearRing><coordinates>24.457778,60.992500,0 24.458056,60.991667,0 24.457500,60.991389,0 24.456667,60.992222,0 24.457778,60.992500,0</coordinates></LinearRing></outerBoundaryIs></Polygon></Placemark>
<Placemark><name>FIN508 Hämeenlinnan tietunneli P UAS</name><styleUrl>#REQ_AUTHORISATION</styleUrl><description><![CDATA[<table><tr><td><b>Identifier</b></td><td>FIN508</td></tr><tr><td><b>Restriction</b></td><td>Authorisation required</td></tr><tr><td><b>Reason</b></td><td>Sensitive</td></tr><tr><td><b>Upper limit</b></td><td>120 m AGL</td></tr><tr><td><b>Lower limit</b></td><td>not given</td></tr><tr><td><b>Valid</b></td><td>2024-04-17 to 2027-04-17, any day</td></tr></table><p>Authority: <a href="https://www.droneinfo.fi/fi/uas-ilmatilavyohykkeet">Traficom</a></p>]]></description><Polygon><tessellate>1</tessellate><outerBoundaryIs><LinearRing><coordinates>24.455000,60.995833,0 24.456111,60.994722,0 24.455000,60.994444,0 24.454444,60.995556,0 24.455000,60.995833,0</coordinates></LinearRing></outerBoundaryIs></Polygon></Placemark>
<Placemark><name>FIN509 Liipolan tietunneli I UAS</name><styleUrl>#REQ_AUTHORISATION</styleUrl><description><![CDATA[<table><tr><td><b>Identifier</b></td><td>FIN509</td></tr><tr><td><b>Restriction</b></td><td>Authorisation required</td></tr><tr><td><b>Reason</b></td><td>Sensitive</td></tr><tr><td><b>Upper limit</b></td><td>120 m AGL</td></tr><tr><td><b>Lower limit</b></td><td>not given</td></tr><tr><td><b>Valid</b></td><td>2024-04-17 to 2027-04-17, any day</td></tr></table><p>Authority: <a href="https://www.droneinfo.fi/fi/uas-ilmatilavyohykkeet">Traficom</a></p>]]></description><Polygon><tessellate>1</tessellate><outerBoundaryIs><LinearRing><coordinates>25.683333,60.957222,0 25.685556,60.956944,0 25.685556,60.956389,0 25.683333,60.956389,0 25.683333,60.957222,0</coordinates></LinearRing></outerBoundaryIs></Polygon></Placemark>
<Placemark><name>FIN510 Liipolan tietunneli L UAS</name><styleUrl>#REQ_AUTHORISATION</styleUrl><description><![CDATA[<table><tr><td><b>Identifier</b></td><td>FIN510</td></tr><tr><td><b>Restriction</b></td><td>Authorisation required</td></tr><tr><td><b>Reason</b></td><td>Sensitive</td></tr><tr><td><b>Upper limit</b></td><td>120 m AGL</td></tr><tr><td><b>Lower limit</b></td><td>not given</td></tr><tr><td><b>Valid</b></td><td>2024-04-17 to 2027-04-17, any day</td></tr></table><p>Authority: <a href="https://www.droneinfo.fi/fi/uas-ilmatilavyohykkeet">Traficom</a></p>]]></description><Polygon><tessellate>1</tessellate><outerBoundaryIs><LinearRing><coordinates>25.664722,60.956389,0 25.666667,60.956111,0 25.666667,60.955556,0 25.664444,60.955833,0 25.664722,60.956389,0</coordinates></LinearRing></outerBoundaryIs></Polygon></Placemark>
<Placemark><name>FIN511 Patomäen tietunneli UAS</name><styleUrl>#REQ_AUTHORISATION</styleUrl><description><![CDATA[<table><tr><td><b>Identifier</b></td><td>FIN511</td></tr><tr><td><b>Restriction</b></td><td>Authorisation required</td></tr><tr><td><b>Reason</b></td><td>Sensitive</td></tr><tr><td><b>Upper limit</b></td><td>120 m AGL</td></tr><tr><td><b>Lower limit</b></td><td>not given</td></tr><tr><td><b>Valid</b></td><td>2024-04-17 to 2027-04-17, any day</td></tr></table><p>Authority: <a href="https://www.droneinfo.fi/fi/uas-ilmatilavyohykkeet">Traficom</a></p>]]></description><Polygon><tessellate>1</tessellate><outerBoundaryIs><LinearRing><coordinates>25.631111,60.954722,0 25.641667,60.955556,0 25.641667,60.955000,0 25.631111,60.954167,0 25.631111,60.954722,0</coordinates></LinearRing></outerBoundaryIs></Polygon></Placemark>
<Placemark><name>FIN512 Karnaisten tietunneli UAS</name><styleUrl>#REQ_AUTHORISATION</styleUrl><description><![CDATA[<table><tr><td><b>Identifier</b></td><td>FIN512</td></tr><tr><td><b>Restriction</b></td><td>Authorisation required</td></tr><tr><td><b>Reason</b></td><td>Sensitive</td></tr><tr><td><b>Upper limit</b></td><td>120 m AGL</td></tr><tr><td><b>Lower limit</b></td><td>not given</td></tr><tr><td><b>Valid</b></td><td>2024-04-18 to 2027-04-15, any day</td></tr></table><p>Authority: <a href="https://www.droneinfo.fi/fi/uas-ilmatilavyohykkeet">Traficom</a></p>]]></description><Polygon><tessellate>1</tessellate><outerBoundaryIs><LinearRing><coordinates>24.004167,60.312778,0 24.045278,60.304722,0 24.044444,60.304167,0 24.004167,60.311944,0 24.004167,60.312778,0</coordinates></LinearRing></outerBoundaryIs></Polygon></Placemark>
<Placemark><name>FIN513 Lehmihaan tietunneli UAS</name><styleUrl>#REQ_AUTHORISATION</styleUrl><description><![CDATA[<table><tr><td><b>Identifier</b></td><td>FIN513</td></tr><tr><td><b>Restriction</b></td><td>Authorisation required</td></tr><tr><td><b>Reason</b></td><td>Sensitive</td></tr><tr><td><b>Upper limit</b></td><td>120 m AGL</td></tr><tr><td><b>Lower limit</b></td><td>not given</td></tr><tr><td><b>Valid</b></td><td>2024-04-17 to 2027-04-17, any day</td></tr></table><p>Authority: <a href="https://www.droneinfo.fi/fi/uas-ilmatilavyohykkeet">Traficom</a></p>]]></description><Polygon><tessellate>1</tessellate><outerBoundaryIs><LinearRing><coordinates>24.047500,60.303889,0 24.054167,60.301111,0 24.053056,60.300556,0 24.046389,60.303333,0 24.047500,60.303889,0</coordinates></LinearRing></outerBoundaryIs></Polygon></Placemark>
<Placemark><name>FIN514 Orosmäen tietunneli UAS</name><styleUrl>#REQ_AUTHORISATION</styleUrl><description><![CDATA[<table><tr><td><b>Identifier</b></td><td>FIN514</td></tr><tr><td><b>Restriction</b></td><td>Authorisation required</td></tr><tr><td><b>Reason</b></td><td>Sensitive</td></tr><tr><td><b>Upper limit</b></td><td>120 m AGL</td></tr><tr><td><b>Lower limit</b></td><td>not given</td></tr><tr><td><b>Valid</b></td><td>2024-04-17 to 2027-04-17, any day</td></tr></table><p>Authority: <a href="https://www.droneinfo.fi/fi/uas-ilmatilavyohykkeet">Traficom</a></p>]]></description><Polygon><tessellate>1</tessellate><outerBoundaryIs><LinearRing><coordinates>23.980278,60.314167,0 23.995833,60.313333,0 23.995556,60.312500,0 23.980000,60.313333,0 23.980278,60.314167,0</coordinates></LinearRing></outerBoundaryIs></Polygon></Placemark>
<Placemark><name>FIN515 Pitkämäen tietunneli UAS</name><styleUrl>#REQ_AUTHORISATION</styleUrl><description><![CDATA[<table><tr><td><b>Identifier</b></td><td>FIN515</td></tr><tr><td><b>Restriction</b></td><td>Authorisation required</td></tr><tr><td><b>Reason</b></td><td>Sensitive</td></tr><tr><td><b>Upper limit</b></td><td>120 m AGL</td></tr><tr><td><b>Lower limit</b></td><td>not given</td></tr><tr><td><b>Valid</b></td><td>2024-04-17 to 2027-04-17, any day</td></tr></table><p>Authority: <a href="https://www.droneinfo.fi/fi/uas-ilmatilavyohykkeet">Traficom</a></p>]]></description><Polygon><tessellate>1</tessellate><outerBoundaryIs><LinearRing><coordinates>23.941667,60.326667,0 23.955556,60.324167,0 23.955278,60.323611,0 23.941389,60.326111,0 23.941667,60.326667,0</coordinates></LinearRing></outerBoundaryIs></Polygon></Placemark>
<Placemark><name>FIN516 Tervakorven tietunneli UAS</name><styleUrl>#REQ_AUTHORISATION</styleUrl><description><![CDATA[<table><tr><td><b>Identifier</b></td><td>FIN516</td></tr><tr><td><b>Restriction</b></td><td>Authorisation required</td></tr><tr><td><b>Reason</b></td><td>Sensitive</td></tr><tr><td><b>Upper limit</b></td><td>120 m AGL</td></tr><tr><td><b>Lower limit</b></td><td>not given</td></tr><tr><td><b>Valid</b></td><td>2024-04-17 to 2027-04-17, any day</td></tr></table><p>Authority: <a href="https://www.droneinfo.fi/fi/uas-ilmatilavyohykkeet">Traficom</a></p>]]></description><Polygon><tessellate>1</tessellate><outerBoundaryIs><LinearRing><coordinates>23.921667,60.340000,0 23.925833,60.337500,0 23.929722,60.334444,0 23.928333,60.334167,0 23.925000,60.336667,0 23.920278,60.339444,0 23.921667,60.340000,0</coordinates></LinearRing></outerBoundaryIs></Polygon></Placemark>
<Placemark><name>FIN517 Markkinamäen tietunneli UAS</name><styleUrl>#REQ_AUTHORISATION</styleUrl><description><![CDATA[<table><tr><td><b>Identifier</b></td><td>FIN517</td></tr><tr><td><b>Restriction</b></td><td>Authorisation required</td></tr><tr><td><b>Reason</b></td><td>Sensitive</td></tr><tr><td><b>Upper limit</b></td><td>120 m AGL</td></tr><tr><td><b>Lower limit</b></td><td>not given</td></tr><tr><td><b>Valid</b></td><td>2024-04-17 to 2027-04-17, any day</td></tr></table><p>Authority: <a href="https://www.droneinfo.fi/fi/uas-ilmatilavyohykkeet">Traficom</a></p>]]></description><Polygon><tessellate>1</tessellate><outerBoundaryIs><LinearRing><coordinates>26.434167,60.493611,0 26.446944,60.492778,0 26.446667,60.491667,0 26.433889,60.492500,0 26.434167,60.493611,0</coordinates></LinearRing></outerBoundaryIs></Polygon></Placemark>
<Placemark><name>FIN518 Kuparivuoren tietunneli I UAS</name><styleUrl>#REQ_AUTHORISATION</styleUrl><description><![CDATA[<table><tr><td><b>Identifier</b></td><td>FIN518</td></tr><tr><td><b>Restriction</b></td><td>Authorisation required</td></tr><tr><td><b>Reason</b></td><td>Sensitive</td></tr><tr><td><b>Upper limit</b></td><td>120 m AGL</td></tr><tr><td><b>Lower limit</b></td><td>not given</td></tr><tr><td><b>Valid</b></td><td>2024-04-17 to 2027-04-17, any day</td></tr></table><p>Authority: <a href="https://www.droneinfo.fi/fi/uas-ilmatilavyohykkeet">Traficom</a></p>]]></description><Polygon><tessellate>1</tessellate><outerBoundaryIs><LinearRing><coordinates>22.028333,60.463611,0 22.028611,60.463333,0 22.026389,60.463056,0 22.026389,60.463611,0 22.028333,60.463611,0</coordinates></LinearRing></outerBoundaryIs></Polygon></Placemark>
<Placemark><name>FIN519 Kuparivuoren tietunneli L UAS</name><styleUrl>#REQ_AUTHORISATION</styleUrl><description><![CDATA[<table><tr><td><b>Identifier</b></td><td>FIN519</td></tr><tr><td><b>Restriction</b></td><td>Authorisation required</td></tr><tr><td><b>Reason</b></td><td>Sensitive</td></tr><tr><td><b>Upper limit</b></td><td>120 m AGL</td></tr><tr><td><b>Lower limit</b></td><td>not given</td></tr><tr><td><b>Valid</b></td><td>2024-04-17 to 2027-04-17, any day</td></tr></table><p>Authority: <a href="https://www.droneinfo.fi/fi/uas-ilmatilavyohykkeet">Traficom</a></p>]]></description><Polygon><tessellate>1</tessellate><outerBoundaryIs><LinearRing><coordinates>22.021111,60.462500,0 22.021667,60.462222,0 22.020000,60.461389,0 22.019722,60.461667,0 22.021111,60.462500,0</coordinates></LinearRing></outerBoundaryIs></Polygon></Placemark>
<Placemark><name>FIN520  Revontulitietunneli E UAS</name><styleUrl>#REQ_AUTHORISATION</styleUrl><description><![CDATA[<table><tr><td><b>Identifier</b></td><td>FIN520</td></tr><tr><td><b>Restriction</b></td><td>Authorisation required</td></tr><tr><td><b>Reason</b></td><td>Sensitive</td></tr><tr><td><b>Upper limit</b></td><td>120 m AGL</td></tr><tr><td><b>Lower limit</b></td><td>not given</td></tr><tr><td><b>Valid</b></td><td>2024-04-17 to 2027-04-17, any day</td></tr></table><p>Authority: <a href="https://www.droneinfo.fi/fi/uas-ilmatilavyohykkeet">Traficom</a></p>]]></description><Polygon><tessellate>1</tessellate><outerBoundaryIs><LinearRing><coordinates>25.721667,66.502222,0 25.722500,66.501944,0 25.721111,66.501111,0 25.720278,66.501389,0 25.721667,66.502222,0</coordinates></LinearRing></outerBoundaryIs></Polygon></Placemark>
<Placemark><name>FIN521 Revontulitietunneli P UAS</name><styleUrl>#REQ_AUTHORISATION</styleUrl><description><![CDATA[<table><tr><td><b>Identifier</b></td><td>FIN521</td></tr><tr><td><b>Restriction</b></td><td>Authorisation required</td></tr><tr><td><b>Reason</b></td><td>Sensitive</td></tr><tr><td><b>Upper limit</b></td><td>120 m AGL</td></tr><tr><td><b>Lower limit</b></td><td>not given</td></tr><tr><td><b>Valid</b></td><td>2024-04-17 to 2027-04-17, any day</td></tr></table><p>Authority: <a href="https://www.droneinfo.fi/fi/uas-ilmatilavyohykkeet">Traficom</a></p>]]></description><Polygon><tessellate>1</tessellate><outerBoundaryIs><LinearRing><coordinates>25.725833,66.504444,0 25.726667,66.504167,0 25.725556,66.503333,0 25.724722,66.503611,0 25.725833,66.504444,0</coordinates></LinearRing></outerBoundaryIs></Polygon></Placemark>
<Placemark><name>FIN522 Hepomäen tietunneli UAS</name><styleUrl>#REQ_AUTHORISATION</styleUrl><description><![CDATA[<table><tr><td><b>Identifier</b></td><td>FIN522</td></tr><tr><td><b>Restriction</b></td><td>Authorisation required</td></tr><tr><td><b>Reason</b></td><td>Sensitive</td></tr><tr><td><b>Upper limit</b></td><td>120 m AGL</td></tr><tr><td><b>Lower limit</b></td><td>not given</td></tr><tr><td><b>Valid</b></td><td>2024-04-17 to 2027-04-17, any day</td></tr></table><p>Authority: <a href="https://www.droneinfo.fi/fi/uas-ilmatilavyohykkeet">Traficom</a></p>]]></description><Polygon><tessellate>1</tessellate><outerBoundaryIs><LinearRing><coordinates>23.334167,60.376389,0 23.341667,60.375278,0 23.341667,60.374722,0 23.333889,60.375556,0 23.334167,60.376389,0</coordinates></LinearRing></outerBoundaryIs></Polygon></Placemark>
<Placemark><name>FIN523 Isokylän tietunneli UAS</name><styleUrl>#REQ_AUTHORISATION</styleUrl><description><![CDATA[<table><tr><td><b>Identifier</b></td><td>FIN523</td></tr><tr><td><b>Restriction</b></td><td>Authorisation required</td></tr><tr><td><b>Reason</b></td><td>Sensitive</td></tr><tr><td><b>Upper limit</b></td><td>120 m AGL</td></tr><tr><td><b>Lower limit</b></td><td>not given</td></tr><tr><td><b>Valid</b></td><td>2024-04-17 to 2027-04-17, any day</td></tr></table><p>Authority: <a href="https://www.droneinfo.fi/fi/uas-ilmatilavyohykkeet">Traficom</a></p>]]></description><Polygon><tessellate>1</tessellate><outerBoundaryIs><LinearRing><coordinates>23.158056,60.418889,0 23.157778,60.418056,0 23.146389,60.418333,0 23.146667,60.419167,0 23.158056,60.418889,0</coordinates></LinearRing></outerBoundaryIs></Polygon></Placemark>
<Placemark><name>FIN524 Lakiamäen tietunneli UAS</name><styleUrl>#REQ_AUTHORISATION</styleUrl><description><![CDATA[<table><tr><td><b>Identifier</b></td><td>FIN524</td></tr><tr><td><b>Restriction</b></td><td>Authorisation required</td></tr><tr><td><b>Reason</b></td><td>Sensitive</td></tr><tr><td><b>Upper limit</b></td><td>120 m AGL</td></tr><tr><td><b>Lower limit</b></td><td>not given</td></tr><tr><td><b>Valid</b></td><td>2024-04-17 to 2027-04-17, any day</td></tr></table><p>Authority: <a href="https://www.droneinfo.fi/fi/uas-ilmatilavyohykkeet">Traficom</a></p>]]></description><Polygon><tessellate>1</tessellate><outerBoundaryIs><LinearRing><coordinates>23.362222,60.373333,0 23.373889,60.372500,0 23.373889,60.371667,0 23.361944,60.372500,0 23.362222,60.373333,0</coordinates></LinearRing></outerBoundaryIs></Polygon></Placemark>
<Placemark><name>FIN525 Karkunvuoren tietunneli UAS</name><styleUrl>#REQ_AUTHORISATION</styleUrl><description><![CDATA[<table><tr><td><b>Identifier</b></td><td>FIN525</td></tr><tr><td><b>Restriction</b></td><td>Authorisation required</td></tr><tr><td><b>Reason</b></td><td>Sensitive</td></tr><tr><td><b>Upper limit</b></td><td>120 m AGL</td></tr><tr><td><b>Lower limit</b></td><td>not given</td></tr><tr><td><b>Valid</b></td><td>2024-04-17 to 2027-04-17, any day</td></tr></table><p>Authority: <a href="https://www.droneinfo.fi/fi/uas-ilmatilavyohykkeet">Traficom</a></p>]]></description><Polygon><tessellate>1</tessellate><outerBoundaryIs><LinearRing><coordinates>23.809444,61.464444,0 23.810000,61.463889,0 23.805556,61.462500,0 23.804722,61.463056,0 23.809444,61.464444,0</coordinates></LinearRing></outerBoundaryIs></Polygon></Placemark>
<Placemark><name>FIN526 Tampereen rantatietunneli I UAS</name><styleUrl>#REQ_AUTHORISATION</styleUrl><description><![CDATA[<table><tr><td><b>Identifier</b></td><td>FIN526</td></tr><tr><td><b>Restriction</b></td><td>Authorisation required</td></tr><tr><td><b>Reason</b></td><td>Sensitive</td></tr><tr><td><b>Upper limit</b></td><td>50 m AGL</td></tr><tr><td><b>Lower limit</b></td><td>not given</td></tr><tr><td><b>Valid</b></td><td>2024-04-17 to 2027-04-17, any day</td></tr></table><p>Authority: <a href="https://www.droneinfo.fi/fi/uas-ilmatilavyohykkeet">Traficom</a></p>]]></description><Polygon><tessellate>1</tessellate><outerBoundaryIs><LinearRing><coordinates>23.774722,61.507778,0 23.774722,61.506944,0 23.772778,61.506667,0 23.772222,61.507500,0 23.774722,61.507778,0</coordinates></LinearRing></outerBoundaryIs></Polygon></Placemark>
<Placemark><name>FIN527 Tampereen rantatietunneli L UAS</name><styleUrl>#REQ_AUTHORISATION</styleUrl><description><![CDATA[<table><tr><td><b>Identifier</b></td><td>FIN527</td></tr><tr><td><b>Restriction</b></td><td>Authorisation required</td></tr><tr><td><b>Reason</b></td><td>Sensitive</td></tr><tr><td><b>Upper limit</b></td><td>50 m AGL</td></tr><tr><td><b>Lower limit</b></td><td>not given</td></tr><tr><td><b>Valid</b></td><td>2024-04-17 to 2027-04-17, any day</td></tr></table><p>Authority: <a href="https://www.droneinfo.fi/fi/uas-ilmatilavyohykkeet">Traficom</a></p>]]></description><Polygon><tessellate>1</tessellate><outerBoundaryIs><LinearRing><coordinates>23.730000,61.501944,0 23.731944,61.501944,0 23.731944,61.501389,0 23.729722,61.501389,0 23.730000,61.501944,0</coordinates></LinearRing></outerBoundaryIs></Polygon></Placemark>
<Placemark><name>FIN528 Vaalimaan tietunneli UAS</name><styleUrl>#REQ_AUTHORISATION</styleUrl><description><![CDATA[<table><tr><td><b>Identifier</b></td><td>FIN528</td></tr><tr><td><b>Restriction</b></td><td>Authorisation required</td></tr><tr><td><b>Reason</b></td><td>Sensitive</td></tr><tr><td><b>Upper limit</b></td><td>120 m AGL</td></tr><tr><td><b>Lower limit</b></td><td>not given</td></tr><tr><td><b>Valid</b></td><td>2024-04-17 to 2027-04-17, any day</td></tr></table><p>Authority: <a href="https://www.droneinfo.fi/fi/uas-ilmatilavyohykkeet">Traficom</a></p>]]></description><Polygon><tessellate>1</tessellate><outerBoundaryIs><LinearRing><coordinates>27.788056,60.612778,0 27.795278,60.613333,0 27.795556,60.612500,0 27.788333,60.611944,0 27.788056,60.612778,0</coordinates></LinearRing></outerBoundaryIs></Polygon></Placemark>
<Placemark><name>FIN529 UPM Kaukas UAS</name><styleUrl>#REQ_AUTHORISATION</styleUrl><description><![CDATA[<table><tr><td><b>Identifier</b></td><td>FIN529</td></tr><tr><td><b>Restriction</b></td><td>Authorisation required</td></tr><tr><td><b>Reason</b></td><td>Sensitive</td></tr><tr><td><b>Upper limit</b></td><td>150 m AGL</td></tr><tr><td><b>Lower limit</b></td><td>not given</td></tr><tr><td><b>Valid</b></td><td>2024-04-17 to 2027-04-17, any day</td></tr></table><p>Authority: <a href="https://www.droneinfo.fi/fi/uas-ilmatilavyohykkeet">Traficom</a></p>]]></description><Polygon><tessellate>1</tessellate><outerBoundaryIs><LinearRing><coordinates>28.251111,61.076944,0 28.252778,61.074444,0 28.248889,61.070833,0 28.249167,61.069167,0 28.254722,61.064722,0 28.251667,61.061944,0 28.245556,61.060556,0 28.240278,61.060556,0 28.234167,61.063056,0 28.230000,61.066667,0 28.225556,61.068056,0 28.214722,61.069722,0 28.216944,61.074167,0 28.251111,61.076944,0</coordinates></LinearRing></outerBoundaryIs></Polygon></Placemark>
<Placemark><name>FIN530 Aittaluodon voimalaitosalue UAS</name><styleUrl>#REQ_AUTHORISATION</styleUrl><description><![CDATA[<table><tr><td><b>Identifier</b></td><td>FIN530</td></tr><tr><td><b>Restriction</b></td><td>Authorisation required</td></tr><tr><td><b>Reason</b></td><td>Sensitive</td></tr><tr><td><b>Upper limit</b></td><td>150 m AGL</td></tr><tr><td><b>Lower limit</b></td><td>not given</td></tr><tr><td><b>Valid</b></td><td>2024-04-17 to 2027-04-17, any day</td></tr></table><p>Authority: <a href="https://www.droneinfo.fi/fi/uas-ilmatilavyohykkeet">Traficom</a></p>]]></description><Polygon><tessellate>1</tessellate><outerBoundaryIs><LinearRing><coordinates>21.835278,61.490556,0 21.829722,61.485278,0 21.827778,61.485000,0 21.821667,61.483611,0 21.822222,61.482778,0 21.820833,61.482500,0 21.820000,61.483611,0 21.811389,61.486667,0 21.812222,61.487778,0 21.811667,61.491111,0 21.814444,61.491389,0 21.814722,61.491944,0 21.820278,61.492778,0 21.835278,61.490556,0</coordinates></LinearRing></outerBoundaryIs></Polygon></Placemark>
<Placemark><name>FIN531 Kaanaan voimalaitosalue UAS</name><styleUrl>#REQ_AUTHORISATION</styleUrl><description><![CDATA[<table><tr><td><b>Identifier</b></td><td>FIN531</td></tr><tr><td><b>Restriction</b></td><td>Authorisation required</td></tr><tr><td><b>Reason</b></td><td>Sensitive</td></tr><tr><td><b>Upper limit</b></td><td>150 m AGL</td></tr><tr><td><b>Lower limit</b></td><td>not given</td></tr><tr><td><b>Valid</b></td><td>2024-04-17 to 2027-04-17, any day</td></tr></table><p>Authority: <a href="https://www.droneinfo.fi/fi/uas-ilmatilavyohykkeet">Traficom</a></p>]]></description><Polygon><tessellate>1</tessellate><outerBoundaryIs><LinearRing><coordinates>21.569444,61.570833,0 21.571944,61.571944,0 21.571944,61.572778,0 21.568333,61.574722,0 21.567222,61.577222,0 21.560556,61.578889,0 21.561944,61.582222,0 21.549444,61.582778,0 21.540556,61.581111,0 21.545833,61.576944,0 21.552778,61.574444,0 21.569444,61.570833,0</coordinates></LinearRing></outerBoundaryIs></Polygon></Placemark>
<Placemark><name>FIN532 Koverharin satama UAS</name><styleUrl>#REQ_AUTHORISATION</styleUrl><description><![CDATA[<table><tr><td><b>Identifier</b></td><td>FIN532</td></tr><tr><td><b>Restriction</b></td><td>Authorisation required</td></tr><tr><td><b>Reason</b></td><td>Sensitive</td></tr><tr><td><b>Upper limit</b></td><td>150 m AGL</td></tr><tr><td><b>Lower limit</b></td><td>not given</td></tr><tr><td><b>Valid</b></td><td>2024-04-17 to 2027-04-17, any day</td></tr></table><p>Authority: <a href="https://www.droneinfo.fi/fi/uas-ilmatilavyohykkeet">Traficom</a></p>]]></description><Polygon><tessellate>1</tessellate><outerBoundaryIs><LinearRing><coordinates>23.212500,59.888611,0 23.220556,59.885833,0 23.243333,59.879167,0 23.241667,59.874444,0 23.229722,59.875000,0 23.214167,59.872778,0 23.208056,59.875278,0 23.205833,59.878611,0 23.205278,59.880556,0 23.205833,59.882222,0 23.201944,59.883056,0 23.212500,59.888611,0</coordinates></LinearRing></outerBoundaryIs></Polygon></Placemark>
<Placemark><name>FIN533 Helsingin Eteläsatama UAS</name><styleUrl>#REQ_AUTHORISATION</styleUrl><description><![CDATA[<table><tr><td><b>Identifier</b></td><td>FIN533</td></tr><tr><td><b>Restriction</b></td><td>Authorisation required</td></tr><tr><td><b>Reason</b></td><td>Sensitive</td></tr><tr><td><b>Upper limit</b></td><td>150 m AGL</td></tr><tr><td><b>Lower limit</b></td><td>not given</td></tr><tr><td><b>Valid</b></td><td>2024-04-17 to 2027-04-17, any day</td></tr></table><p>Authority: <a href="https://www.droneinfo.fi/fi/uas-ilmatilavyohykkeet">Traficom</a></p>]]></description><Polygon><tessellate>1</tessellate><outerBoundaryIs><LinearRing><coordinates>24.952500,60.165556,0 24.953333,60.165556,0 24.953333,60.166111,0 24.958056,60.166944,0 24.958611,60.166944,0 24.959167,60.166944,0 24.959722,60.166944,0 24.960833,60.166667,0 24.960278,60.166389,0 24.964444,60.165000,0 24.965000,60.165556,0 24.965556,60.165278,0 24.968889,60.164444,0 24.970833,60.164722,0 24.975556,60.166111,0 24.977222,60.165278,0 24.975000,60.164444,0 24.976667,60.163333,0 24.970833,60.161389,0 24.961667,60.163333,0 24.960833,60.162778,0 24.962778,60.160000,0 24.961111,60.159444,0 24.960000,60.160278,0 24.958611,60.160278,0 24.956944,60.161389,0 24.953056,60.164167,0 24.952500,60.165556,0</coordinates></LinearRing></outerBoundaryIs></Polygon></Placemark>
<Placemark><name>FIN534 Helsingin Länsisatama UAS</name><styleUrl>#REQ_AUTHORISATION</styleUrl><description><![CDATA[<table><tr><td><b>Identifier</b></td><td>FIN534</td></tr><tr><td><b>Restriction</b></td><td>Authorisation required</td></tr><tr><td><b>Reason</b></td><td>Sensitive</td></tr><tr><td><b>Upper limit</b></td><td>150 m AGL</td></tr><tr><td><b>Lower limit</b></td><td>not given</td></tr><tr><td><b>Valid</b></td><td>2024-04-17 to 2027-04-17, any day</td></tr></table><p>Authority: <a href="https://www.droneinfo.fi/fi/uas-ilmatilavyohykkeet">Traficom</a></p>]]></description><Polygon><tessellate>1</tessellate><outerBoundaryIs><LinearRing><coordinates>24.922778,60.157778,0 24.924167,60.157778,0 24.925556,60.156944,0 24.926389,60.156389,0 24.925556,60.153611,0 24.925278,60.153611,0 24.924722,60.153056,0 24.925000,60.153056,0 24.923889,60.151944,0 24.924722,60.151667,0 24.922222,60.149167,0 24.921111,60.149444,0 24.920000,60.148333,0 24.924444,60.145556,0 24.921944,60.144444,0 24.919167,60.146111,0 24.905278,60.147222,0 24.908889,60.149444,0 24.911944,60.151389,0 24.915278,60.150556,0 24.917778,60.152500,0 24.922500,60.156944,0 24.922778,60.157778,0</coordinates></LinearRing></outerBoundaryIs></Polygon></Placemark>
<Placemark><name>FIN535 Vuosaaren satama UAS</name><styleUrl>#REQ_AUTHORISATION</styleUrl><description><![CDATA[<table><tr><td><b>Identifier</b></td><td>FIN535</td></tr><tr><td><b>Restriction</b></td><td>Authorisation required</td></tr><tr><td><b>Reason</b></td><td>Sensitive</td></tr><tr><td><b>Upper limit</b></td><td>150 m AGL</td></tr><tr><td><b>Lower limit</b></td><td>not given</td></tr><tr><td><b>Valid</b></td><td>2024-04-17 to 2027-04-17, any day</td></tr></table><p>Authority: <a href="https://www.droneinfo.fi/fi/uas-ilmatilavyohykkeet">Traficom</a></p>]]></description><Polygon><tessellate>1</tessellate><outerBoundaryIs><LinearRing><coordinates>25.175278,60.225278,0 25.176944,60.224722,0 25.178889,60.225556,0 25.185833,60.224167,0 25.201944,60.220833,0 25.201944,60.220000,0 25.211111,60.211667,0 25.196667,60.208611,0 25.191111,60.208056,0 25.183889,60.212222,0 25.172778,60.211111,0 25.172222,60.212778,0 25.171111,60.212500,0 25.168889,60.213333,0 25.166389,60.215000,0 25.163889,60.218056,0 25.168333,60.218611,0 25.174444,60.219444,0 25.173056,60.223333,0 25.175278,60.225278,0</coordinates></LinearRing></outerBoundaryIs></Polygon></Placemark>
<Placemark><name>FIN536 Raahen satama UAS</name><styleUrl>#REQ_AUTHORISATION</styleUrl><description><![CDATA[<table><tr><td><b>Identifier</b></td><td>FIN536</td></tr><tr><td><b>Restriction</b></td><td>Authorisation required</td></tr><tr><td><b>Reason</b></td><td>Sensitive</td></tr><tr><td><b>Upper limit</b></td><td>120 m AGL</td></tr><tr><td><b>Lower limit</b></td><td>not given</td></tr><tr><td><b>Valid</b></td><td>2024-04-17 to 2027-04-17, any day</td></tr></table><p>Authority: <a href="https://www.droneinfo.fi/fi/uas-ilmatilavyohykkeet">Traficom</a></p>]]></description><Polygon><tessellate>1</tessellate><outerBoundaryIs><LinearRing><coordinates>24.379444,64.664444,0 24.384167,64.668056,0 24.396111,64.670000,0 24.404722,64.668333,0 24.408333,64.666389,0 24.426389,64.664722,0 24.425833,64.661944,0 24.451389,64.660000,0 24.433889,64.641944,0 24.428611,64.641944,0 24.403889,64.630278,0 24.389167,64.636944,0 24.389722,64.658889,0 24.379444,64.664444,0</coordinates></LinearRing></outerBoundaryIs></Polygon></Placemark>
<Placemark><name>FIN537 BASF Battery UAS</name><styleUrl>#REQ_AUTHORISATION</styleUrl><description><![CDATA[<table><tr><td><b>Identifier</b></td><td>FIN537</td></tr><tr><td><b>Restriction</b></td><td>Authorisation required</td></tr><tr><td><b>Reason</b></td><td>Sensitive</td></tr><tr><td><b>Upper limit</b></td><td>150 m AGL</td></tr><tr><td><b>Lower limit</b></td><td>not given</td></tr><tr><td><b>Valid</b></td><td>2024-04-17 to 2027-04-17, any day</td></tr></table><p>Authority: <a href="https://www.droneinfo.fi/fi/uas-ilmatilavyohykkeet">Traficom</a></p>]]></description><Polygon><tessellate>1</tessellate><outerBoundaryIs><LinearRing><coordinates>22.106389,61.329722,0 22.105833,61.327222,0 22.102500,61.326667,0 22.099722,61.325833,0 22.095556,61.327222,0 22.097778,61.328611,0 22.101389,61.329722,0 22.104167,61.329167,0 22.106389,61.329722,0</coordinates></LinearRing></outerBoundaryIs></Polygon></Placemark>
<Placemark><name>FIN538 Kalajoen Satama UAS</name><styleUrl>#REQ_AUTHORISATION</styleUrl><description><![CDATA[<table><tr><td><b>Identifier</b></td><td>FIN538</td></tr><tr><td><b>Restriction</b></td><td>Authorisation required</td></tr><tr><td><b>Reason</b></td><td>Sensitive</td></tr><tr><td><b>Upper limit</b></td><td>120 m AGL</td></tr><tr><td><b>Lower limit</b></td><td>not given</td></tr><tr><td><b>Valid</b></td><td>2024-04-18 to 2027-04-17, any day</td></tr></table><p>Authority: <a href="https://www.droneinfo.fi/fi/uas-ilmatilavyohykkeet">Traficom</a></p>]]></description><Polygon><tessellate>1</tessellate><outerBoundaryIs><LinearRing><coordinates>23.714167,64.226944,0 23.721944,64.224722,0 23.720278,64.223611,0 23.718889,64.223333,0 23.716944,64.223611,0 23.716111,64.223889,0 23.715278,64.223611,0 23.714722,64.223333,0 23.718056,64.221667,0 23.719444,64.221667,0 23.720556,64.220833,0 23.717500,64.216111,0 23.712222,64.214444,0 23.708611,64.216389,0 23.707778,64.218056,0 23.707500,64.221111,0 23.705833,64.221667,0 23.705000,64.224444,0 23.707500,64.226111,0 23.714167,64.226944,0</coordinates></LinearRing></outerBoundaryIs></Polygon></Placemark>
<Placemark><name>FIN539 Stora Enso Varkaus UAS</name><styleUrl>#REQ_AUTHORISATION</styleUrl><description><![CDATA[<table><tr><td><b>Identifier</b></td><td>FIN539</td></tr><tr><td><b>Restriction</b></td><td>Authorisation required</td></tr><tr><td><b>Reason</b></td><td>Sensitive</td></tr><tr><td><b>Upper limit</b></td><td>120 m AGL</td></tr><tr><td><b>Lower limit</b></td><td>not given</td></tr><tr><td><b>Valid</b></td><td>2024-04-25 to 2027-04-16, any day</td></tr></table><p>Authority: <a href="https://www.droneinfo.fi/fi/uas-ilmatilavyohykkeet">Traficom</a></p>]]></description><Polygon><tessellate>1</tessellate><outerBoundaryIs><LinearRing><coordinates>27.877222,62.330833,0 27.899722,62.320556,0 27.900556,62.320000,0 27.899722,62.319722,0 27.903056,62.318056,0 27.905556,62.318889,0 27.906944,62.318333,0 27.907778,62.318889,0 27.912222,62.316389,0 27.914722,62.315278,0 27.914444,62.311667,0 27.912500,62.310000,0 27.910000,62.309722,0 27.906111,62.310278,0 27.905556,62.310833,0 27.908333,62.311667,0 27.902778,62.314444,0 27.899722,62.313333,0 27.896944,62.314444,0 27.897778,62.314722,0 27.895000,62.316111,0 27.892500,62.316389,0 27.888333,62.314444,0 27.884722,62.316389,0 27.888889,62.317778,0 27.879444,62.322222,0 27.877778,62.326389,0 27.870556,62.329167,0 27.877222,62.330833,0</coordinates></LinearRing></outerBoundaryIs></Polygon></Placemark>
<Placemark><name>FIN540 Uudenkaupungin satama UAS</name><styleUrl>#REQ_AUTHORISATION</styleUrl><description><![CDATA[<table><tr><td><b>Identifier</b></td><td>FIN540</td></tr><tr><td><b>Restriction</b></td><td>Authorisation required</td></tr><tr><td><b>Reason</b></td><td>Sensitive</td></tr><tr><td><b>Upper limit</b></td><td>150 m AGL</td></tr><tr><td><b>Lower limit</b></td><td>not given</td></tr><tr><td><b>Valid</b></td><td>2024-04-30 to 2027-04-16, any day</td></tr></table><p>Authority: <a href="https://www.droneinfo.fi/fi/uas-ilmatilavyohykkeet">Traficom</a></p>]]></description><Polygon><tessellate>1</tessellate><outerBoundaryIs><LinearRing><coordinates>21.381944,60.798333,0 21.377500,60.798889,0 21.373889,60.798333,0 21.373611,60.793889,0 21.389444,60.795556,0 21.390000,60.796944,0 21.393611,60.798056,0 21.396667,60.798333,0 21.396667,60.798611,0 21.393889,60.798333,0 21.391389,60.797778,0 21.388056,60.798056,0 21.387500,60.798889,0 21.386111,60.798889,0 21.385556,60.800833,0 21.383611,60.801944,0 21.379444,60.803056,0 21.378611,60.802500,0 21.379444,60.802222,0 21.380556,60.801667,0 21.380833,60.801389,0 21.380278,60.801111,0 21.380000,60.800833,0 21.380000,60.800556,0 21.380556,60.800000,0 21.381389,60.800278,0 21.381667,60.800000,0 21.382778,60.800000,0 21.383889,60.800556,0 21.385000,60.799722,0 21.383611,60.799167,0 21.381944,60.798333,0</coordinates></LinearRing></outerBoundaryIs></Polygon></Placemark>
<Placemark><name>FIN541 Jokiniemen turvakampus UAS</name><styleUrl>#REQ_AUTHORISATION</styleUrl><description><![CDATA[<table><tr><td><b>Identifier</b></td><td>FIN541</td></tr><tr><td><b>Restriction</b></td><td>Authorisation required</td></tr><tr><td><b>Reason</b></td><td>Sensitive</td></tr><tr><td><b>Upper limit</b></td><td>50 m AGL</td></tr><tr><td><b>Lower limit</b></td><td>not given</td></tr><tr><td><b>Valid</b></td><td>2024-05-01 to 2027-04-16, any day</td></tr></table><p>Authority: <a href="https://www.droneinfo.fi/fi/uas-ilmatilavyohykkeet">Traficom</a></p>]]></description><Polygon><tessellate>1</tessellate><outerBoundaryIs><LinearRing><coordinates>25.053611,60.293889,0 25.054444,60.293056,0 25.056667,60.292778,0 25.054722,60.291667,0 25.056389,60.290833,0 25.057222,60.290833,0 25.056667,60.290278,0 25.055000,60.289444,0 25.052500,60.290556,0 25.051667,60.291111,0 25.051111,60.293056,0 25.053611,60.293889,0</coordinates></LinearRing></outerBoundaryIs></Polygon></Placemark>
<Placemark><name>FIN543 Kemin satama UAS</name><styleUrl>#REQ_AUTHORISATION</styleUrl><description><![CDATA[<table><tr><td><b>Identifier</b></td><td>FIN543</td></tr><tr><td><b>Restriction</b></td><td>Authorisation required</td></tr><tr><td><b>Reason</b></td><td>Sensitive</td></tr><tr><td><b>Upper limit</b></td><td>150 m AGL</td></tr><tr><td><b>Lower limit</b></td><td>not given</td></tr><tr><td><b>Valid</b></td><td>2024-05-14 to 2027-07-14, any day</td></tr></table><p>Authority: <a href="https://www.droneinfo.fi/fi/uas-ilmatilavyohykkeet">Traficom</a></p>]]></description><Polygon><tessellate>1</tessellate><outerBoundaryIs><LinearRing><coordinates>24.511667,65.671111,0 24.513611,65.671111,0 24.514444,65.671667,0 24.514722,65.671389,0 24.516667,65.672222,0 24.526944,65.673056,0 24.522222,65.671389,0 24.526389,65.669722,0 24.530000,65.670556,0 24.532778,65.671111,0 24.537500,65.669722,0 24.545833,65.670278,0 24.536111,65.664167,0 24.548889,65.661111,0 24.537778,65.655556,0 24.511389,65.654167,0 24.505833,65.670833,0 24.511667,65.671111,0</coordinates></LinearRing></outerBoundaryIs></Polygon></Placemark>
<Placemark><name>FIN544 Pietarsaaren Satama UAS</name><styleUrl>#REQ_AUTHORISATION</styleUrl><description><![CDATA[<table><tr><td><b>Identifier</b></td><td>FIN544</td></tr><tr><td><b>Restriction</b></td><td>Authorisation required</td></tr><tr><td><b>Reason</b></td><td>Sensitive</td></tr><tr><td><b>Upper limit</b></td><td>150 m AGL</td></tr><tr><td><b>Lower limit</b></td><td>not given</td></tr><tr><td><b>Valid</b></td><td>2024-06-24 to 2050-04-16, any day</td></tr></table><p>Authority: <a href="https://www.droneinfo.fi/fi/uas-ilmatilavyohykkeet">Traficom</a></p>]]></description><Polygon><tessellate>1</tessellate><outerBoundaryIs><LinearRing><coordinates>22.688611,63.721111,0 22.697778,63.720556,0 22.696944,63.716111,0 22.701389,63.716111,0 22.701389,63.715278,0 22.701667,63.715278,0 22.700556,63.713611,0 22.700278,63.713333,0 22.696944,63.711111,0 22.697222,63.710278,0 22.696944,63.709722,0 22.696111,63.709167,0 22.694722,63.708889,0 22.694444,63.708056,0 22.692778,63.706944,0 22.690000,63.706667,0 22.688056,63.706667,0 22.687500,63.707500,0 22.685000,63.707500,0 22.684722,63.715278,0 22.688611,63.721111,0</coordinates></LinearRing></outerBoundaryIs></Polygon></Placemark>
<Placemark><name>FIN546 UPM Kalso UAS</name><styleUrl>#REQ_AUTHORISATION</styleUrl><description><![CDATA[<table><tr><td><b>Identifier</b></td><td>FIN546</td></tr><tr><td><b>Restriction</b></td><td>Authorisation required</td></tr><tr><td><b>Reason</b></td><td>Sensitive</td></tr><tr><td><b>Upper limit</b></td><td>150 m AGL</td></tr><tr><td><b>Lower limit</b></td><td>not given</td></tr><tr><td><b>Valid</b></td><td>2024-06-30 to 2027-04-16, any day</td></tr></table><p>Authority: <a href="https://www.droneinfo.fi/fi/uas-ilmatilavyohykkeet">Traficom</a></p>]]></description><Polygon><tessellate>1</tessellate><outerBoundaryIs><LinearRing><coordinates>26.770833,61.093333,0 26.772222,61.094167,0 26.773889,61.094722,0 26.775000,61.094167,0 26.776667,61.094167,0 26.778611,61.093611,0 26.780556,61.093056,0 26.781944,61.092500,0 26.781944,61.091944,0 26.781111,61.091389,0 26.780000,61.091389,0 26.777778,61.091389,0 26.777222,61.091667,0 26.777778,61.092500,0 26.776944,61.093056,0 26.776389,61.093333,0 26.775278,61.093056,0 26.774722,61.092778,0 26.773333,61.092778,0 26.771944,61.092778,0 26.771111,61.093056,0 26.770833,61.093333,0</coordinates></LinearRing></outerBoundaryIs></Polygon></Placemark>
<Placemark><name>FIN547 UPM Joensuu UAS</name><styleUrl>#REQ_AUTHORISATION</styleUrl><description><![CDATA[<table><tr><td><b>Identifier</b></td><td>FIN547</td></tr><tr><td><b>Restriction</b></td><td>Authorisation required</td></tr><tr><td><b>Reason</b></td><td>Sensitive</td></tr><tr><td><b>Upper limit</b></td><td>150 m AGL</td></tr><tr><td><b>Lower limit</b></td><td>not given</td></tr><tr><td><b>Valid</b></td><td>2024-06-30 to 2027-04-16, any day</td></tr></table><p>Authority: <a href="https://www.droneinfo.fi/fi/uas-ilmatilavyohykkeet">Traficom</a></p>]]></description><Polygon><tessellate>1</tessellate><outerBoundaryIs><LinearRing><coordinates>29.773611,62.604722,0 29.774444,62.604444,0 29.774444,62.604167,0 29.774444,62.604167,0 29.774444,62.603889,0 29.774167,62.603611,0 29.774444,62.603333,0 29.776667,62.603056,0 29.777222,62.603056,0 29.779444,62.603056,0 29.780000,62.603611,0 29.780000,62.603889,0 29.780000,62.604444,0 29.780000,62.604722,0 29.779722,62.605000,0 29.779444,62.605556,0 29.779167,62.605556,0 29.778611,62.605556,0 29.775278,62.605278,0 29.775278,62.605278,0 29.774167,62.605278,0 29.773889,62.605000,0 29.773611,62.604722,0</coordinates></LinearRing></outerBoundaryIs></Polygon></Placemark>
<Placemark><name>FIN548 UMP Savonlinna UAS</name><styleUrl>#REQ_AUTHORISATION</styleUrl><description><![CDATA[<table><tr><td><b>Identifier</b></td><td>FIN548</td></tr><tr><td><b>Restriction</b></td><td>Authorisation required</td></tr><tr><td><b>Reason</b></td><td>Sensitive</td></tr><tr><td><b>Upper limit</b></td><td>150 m AGL</td></tr><tr><td><b>Lower limit</b></td><td>not given</td></tr><tr><td><b>Valid</b></td><td>2024-06-30 to 2027-04-16, any day</td></tr></table><p>Authority: <a href="https://www.droneinfo.fi/fi/uas-ilmatilavyohykkeet">Traficom</a></p>]]></description><Polygon><tessellate>1</tessellate><outerBoundaryIs><LinearRing><coordinates>28.923056,61.860000,0 28.922778,61.860278,0 28.924167,61.861389,0 28.921389,61.861944,0 28.919722,61.862222,0 28.919444,61.862222,0 28.919167,61.862222,0 28.917778,61.862222,0 28.917222,61.862500,0 28.916944,61.862222,0 28.916389,61.862222,0 28.916111,61.861944,0 28.915833,61.861944,0 28.913889,61.861389,0 28.913333,61.861389,0 28.913056,61.861111,0 28.914444,61.860278,0 28.915556,61.859722,0 28.916944,61.858056,0 28.917778,61.857500,0 28.918056,61.857500,0 28.920556,61.857778,0 28.921389,61.857222,0 28.923333,61.857778,0 28.923056,61.858611,0 28.922222,61.858889,0 28.923333,61.859722,0 28.923056,61.860000,0</coordinates></LinearRing></outerBoundaryIs></Polygon></Placemark>
<Placemark><name>FIN549 UPM Savonlinna UAS</name><styleUrl>#REQ_AUTHORISATION</styleUrl><description><![CDATA[<table><tr><td><b>Identifier</b></td><td>FIN549</td></tr><tr><td><b>Restriction</b></td><td>Authorisation required</td></tr><tr><td><b>Reason</b></td><td>Sensitive</td></tr><tr><td><b>Upper limit</b></td><td>150 m AGL</td></tr><tr><td><b>Lower limit</b></td><td>not given</td></tr><tr><td><b>Valid</b></td><td>2024-06-30 to 2027-04-16, any day</td></tr></table><p>Authority: <a href="https://www.droneinfo.fi/fi/uas-ilmatilavyohykkeet">Traficom</a></p>]]></description><Polygon><tessellate>1</tessellate><outerBoundaryIs><LinearRing><coordinates>28.923056,61.860000,0 28.922778,61.860278,0 28.924167,61.861389,0 28.921389,61.861944,0 28.919722,61.862222,0 28.919444,61.862222,0 28.919167,61.862222,0 28.917778,61.862222,0 28.917222,61.862500,0 28.916944,61.862222,0 28.916389,61.862222,0 28.916111,61.861944,0 28.915833,61.861944,0 28.913889,61.861389,0 28.913333,61.861389,0 28.913056,61.861111,0 28.914444,61.860278,0 28.915556,61.859722,0 28.916944,61.858056,0 28.917778,61.857500,0 28.918056,61.857500,0 28.920556,61.857778,0 28.921389,61.857222,0 28.923333,61.857778,0 28.923056,61.858611,0 28.922222,61.858889,0 28.923333,61.859722,0 28.923056,61.860000,0</coordinates></LinearRing></outerBoundaryIs></Polygon></Placemark>
<Placemark><name>FIN550 UPM Pellos UAS</name><styleUrl>#REQ_AUTHORISATION</styleUrl><description><![CDATA[<table><tr><td><b>Identifier</b></td><td>FIN550</td></tr><tr><td><b>Restriction</b></td><td>Authorisation required</td></tr><tr><td><b>Reason</b></td><td>Sensitive</td></tr><tr><td><b>Upper limit</b></td><td>150 m AGL</td></tr><tr><td><b>Lower limit</b></td><td>not given</td></tr><tr><td><b>Valid</b></td><td>2024-06-30 to 2027-04-16, any day</td></tr></table><p>Authority: <a href="https://www.droneinfo.fi/fi/uas-ilmatilavyohykkeet">Traficom</a></p>]]></description><Polygon><tessellate>1</tessellate><outerBoundaryIs><LinearRing><coordinates>27.269167,61.481944,0 27.275278,61.479722,0 27.283056,61.473056,0 27.279444,61.471944,0 27.270833,61.473056,0 27.260278,61.477500,0 27.263611,61.480278,0 27.269167,61.481944,0</coordinates></LinearRing></outerBoundaryIs></Polygon></Placemark>
<Placemark><name>FIN551 Kapernaumi UAS</name><styleUrl>#REQ_AUTHORISATION</styleUrl><description><![CDATA[<table><tr><td><b>Identifier</b></td><td>FIN551</td></tr><tr><td><b>Restriction</b></td><td>Authorisation required</td></tr><tr><td><b>Reason</b></td><td>Sensitive</td></tr><tr><td><b>Upper limit</b></td><td>120 m AGL</td></tr><tr><td><b>Lower limit</b></td><td>not given</td></tr><tr><td><b>Valid</b></td><td>2024-06-30 to 2027-04-16, any day</td></tr></table><p>Authority: <a href="https://www.droneinfo.fi/fi/uas-ilmatilavyohykkeet">Traficom</a></p>]]></description><Polygon><tessellate>1</tessellate><outerBoundaryIs><LinearRing><coordinates>22.871944,62.782778,0 22.868333,62.784444,0 22.869167,62.784722,0 22.872778,62.784167,0 22.873889,62.783611,0 22.871944,62.782778,0</coordinates></LinearRing></outerBoundaryIs></Polygon></Placemark>
<Placemark><name>FIN552 Seinäjoen Energia Puhdistamonkatu UAS</name><styleUrl>#REQ_AUTHORISATION</styleUrl><description><![CDATA[<table><tr><td><b>Identifier</b></td><td>FIN552</td></tr><tr><td><b>Restriction</b></td><td>Authorisation required</td></tr><tr><td><b>Reason</b></td><td>Sensitive</td></tr><tr><td><b>Upper limit</b></td><td>120 m AGL</td></tr><tr><td><b>Lower limit</b></td><td>not given</td></tr><tr><td><b>Valid</b></td><td>2024-06-30 to 2027-04-16, any day</td></tr></table><p>Authority: <a href="https://www.droneinfo.fi/fi/uas-ilmatilavyohykkeet">Traficom</a></p>]]></description><Polygon><tessellate>1</tessellate><outerBoundaryIs><LinearRing><coordinates>22.815556,62.799167,0 22.815556,62.798056,0 22.813056,62.798056,0 22.813056,62.798889,0 22.815556,62.799167,0</coordinates></LinearRing></outerBoundaryIs></Polygon></Placemark>
<Placemark><name>FIN553 Seinäjoen voimalaitos UAS</name><styleUrl>#REQ_AUTHORISATION</styleUrl><description><![CDATA[<table><tr><td><b>Identifier</b></td><td>FIN553</td></tr><tr><td><b>Restriction</b></td><td>Authorisation required</td></tr><tr><td><b>Reason</b></td><td>Sensitive</td></tr><tr><td><b>Upper limit</b></td><td>50 m AGL</td></tr><tr><td><b>Lower limit</b></td><td>not given</td></tr><tr><td><b>Valid</b></td><td>2024-06-30 to 2027-04-16, any day</td></tr></table><p>Authority: <a href="https://www.droneinfo.fi/fi/uas-ilmatilavyohykkeet">Traficom</a></p>]]></description><Polygon><tessellate>1</tessellate><outerBoundaryIs><LinearRing><coordinates>22.811944,62.742500,0 22.814444,62.743056,0 22.816944,62.742222,0 22.822500,62.738333,0 22.818889,62.737500,0 22.811944,62.742500,0</coordinates></LinearRing></outerBoundaryIs></Polygon></Placemark>
<Placemark><name>FIN554 Fortaco Kurikka 1 UAS</name><styleUrl>#REQ_AUTHORISATION</styleUrl><description><![CDATA[<table><tr><td><b>Identifier</b></td><td>FIN554</td></tr><tr><td><b>Restriction</b></td><td>Authorisation required</td></tr><tr><td><b>Reason</b></td><td>Sensitive</td></tr><tr><td><b>Upper limit</b></td><td>150 m AGL</td></tr><tr><td><b>Lower limit</b></td><td>not given</td></tr><tr><td><b>Valid</b></td><td>2024-07-14 to 2027-04-16, any day</td></tr></table><p>Authority: <a href="https://www.droneinfo.fi/fi/uas-ilmatilavyohykkeet">Traficom</a></p>]]></description><Polygon><tessellate>1</tessellate><outerBoundaryIs><LinearRing><coordinates>22.391111,62.621667,0 22.395556,62.621111,0 22.394444,62.619167,0 22.391111,62.619722,0 22.390556,62.619167,0 22.389444,62.619444,0 22.389444,62.620833,0 22.391111,62.621667,0</coordinates></LinearRing></outerBoundaryIs></Polygon></Placemark>
<Placemark><name>FIN555 Fortaco Kurikka 2 UAS</name><styleUrl>#REQ_AUTHORISATION</styleUrl><description><![CDATA[<table><tr><td><b>Identifier</b></td><td>FIN555</td></tr><tr><td><b>Restriction</b></td><td>Authorisation required</td></tr><tr><td><b>Reason</b></td><td>Sensitive</td></tr><tr><td><b>Upper limit</b></td><td>150 m AGL</td></tr><tr><td><b>Lower limit</b></td><td>not given</td></tr><tr><td><b>Valid</b></td><td>2024-07-14 to 2027-04-16, any day</td></tr></table><p>Authority: <a href="https://www.droneinfo.fi/fi/uas-ilmatilavyohykkeet">Traficom</a></p>]]></description><Polygon><tessellate>1</tessellate><outerBoundaryIs><LinearRing><coordinates>22.461389,62.602778,0 22.462778,62.601944,0 22.465000,62.602778,0 22.473333,62.600556,0 22.472222,62.599444,0 22.463056,62.601667,0 22.459167,62.600278,0 22.456944,62.601389,0 22.461389,62.602778,0</coordinates></LinearRing></outerBoundaryIs></Polygon></Placemark>
<Placemark><name>FIN556 Yläsiirtola UAS</name><styleUrl>#REQ_AUTHORISATION</styleUrl><description><![CDATA[<table><tr><td><b>Identifier</b></td><td>FIN556</td></tr><tr><td><b>Restriction</b></td><td>Authorisation required</td></tr><tr><td><b>Reason</b></td><td>Sensitive</td></tr><tr><td><b>Upper limit</b></td><td>120 m AGL</td></tr><tr><td><b>Lower limit</b></td><td>not given</td></tr><tr><td><b>Valid</b></td><td>2024-07-21 to 2027-04-16, any day</td></tr></table><p>Authority: <a href="https://www.droneinfo.fi/fi/uas-ilmatilavyohykkeet">Traficom</a></p>]]></description><Polygon><tessellate>1</tessellate><outerBoundaryIs><LinearRing><coordinates>25.493056,65.031944,0 25.493611,65.031667,0 25.493056,65.031389,0 25.492222,65.031667,0 25.493056,65.031944,0</coordinates></LinearRing></outerBoundaryIs></Polygon></Placemark>
<Placemark><name>FIN557 Pateniemi UAS</name><styleUrl>#REQ_AUTHORISATION</styleUrl><description><![CDATA[<table><tr><td><b>Identifier</b></td><td>FIN557</td></tr><tr><td><b>Restriction</b></td><td>Authorisation required</td></tr><tr><td><b>Reason</b></td><td>Sensitive</td></tr><tr><td><b>Upper limit</b></td><td>120 m AGL</td></tr><tr><td><b>Lower limit</b></td><td>not given</td></tr><tr><td><b>Valid</b></td><td>2024-07-21 to 2027-07-16, any day</td></tr></table><p>Authority: <a href="https://www.droneinfo.fi/fi/uas-ilmatilavyohykkeet">Traficom</a></p>]]></description><Polygon><tessellate>1</tessellate><outerBoundaryIs><LinearRing><coordinates>25.435556,65.075000,0 25.435833,65.074722,0 25.436111,65.073889,0 25.434167,65.073889,0 25.433889,65.075000,0 25.435556,65.075000,0</coordinates></LinearRing></outerBoundaryIs></Polygon></Placemark>
<Placemark><name>FIN558 Kuivasjärvi UAS</name><styleUrl>#REQ_AUTHORISATION</styleUrl><description><![CDATA[<table><tr><td><b>Identifier</b></td><td>FIN558</td></tr><tr><td><b>Restriction</b></td><td>Authorisation required</td></tr><tr><td><b>Reason</b></td><td>Sensitive</td></tr><tr><td><b>Upper limit</b></td><td>120 m AGL</td></tr><tr><td><b>Lower limit</b></td><td>not given</td></tr><tr><td><b>Valid</b></td><td>2024-07-21 to 2027-07-16, any day</td></tr></table><p>Authority: <a href="https://www.droneinfo.fi/fi/uas-ilmatilavyohykkeet">Traficom</a></p>]]></description><Polygon><tessellate>1</tessellate><outerBoundaryIs><LinearRing><coordinates>25.483056,65.077778,0 25.483333,65.077222,0 25.481667,65.076944,0 25.481389,65.077500,0 25.483056,65.077778,0</coordinates></LinearRing></outerBoundaryIs></Polygon></Placemark>
<Placemark><name>FIN559 Kiiminki UAS</name><styleUrl>#REQ_AUTHORISATION</styleUrl><description><![CDATA[<table><tr><td><b>Identifier</b></td><td>FIN559</td></tr><tr><td><b>Restriction</b></td><td>Authorisation required</td></tr><tr><td><b>Reason</b></td><td>Sensitive</td></tr><tr><td><b>Upper limit</b></td><td>120 m AGL</td></tr><tr><td><b>Lower limit</b></td><td>not given</td></tr><tr><td><b>Valid</b></td><td>2024-07-21 to 2027-07-16, any day</td></tr></table><p>Authority: <a href="https://www.droneinfo.fi/fi/uas-ilmatilavyohykkeet">Traficom</a></p>]]></description><Polygon><tessellate>1</tessellate><outerBoundaryIs><LinearRing><coordinates>25.759722,65.125833,0 25.760000,65.125556,0 25.761111,65.124722,0 25.759444,65.124167,0 25.758611,65.124444,0 25.759167,65.125278,0 25.759722,65.125833,0</coordinates></LinearRing></outerBoundaryIs></Polygon></Placemark>
<Placemark><name>FIN560 Hakomäki UAS</name><styleUrl>#REQ_AUTHORISATION</styleUrl><description><![CDATA[<table><tr><td><b>Identifier</b></td><td>FIN560</td></tr><tr><td><b>Restriction</b></td><td>Authorisation required</td></tr><tr><td><b>Reason</b></td><td>Sensitive</td></tr><tr><td><b>Upper limit</b></td><td>120 m AGL</td></tr><tr><td><b>Lower limit</b></td><td>not given</td></tr><tr><td><b>Valid</b></td><td>2024-07-21 to 2027-07-16, any day</td></tr></table><p>Authority: <a href="https://www.droneinfo.fi/fi/uas-ilmatilavyohykkeet">Traficom</a></p>]]></description><Polygon><tessellate>1</tessellate><outerBoundaryIs><LinearRing><coordinates>25.748889,65.125556,0 25.750556,65.125278,0 25.750000,65.124722,0 25.748611,65.125000,0 25.748889,65.125556,0</coordinates></LinearRing></outerBoundaryIs></Polygon></Placemark>
<Placemark><name>FIN561 Limingantulli UAS</name><styleUrl>#REQ_AUTHORISATION</styleUrl><description><![CDATA[<table><tr><td><b>Identifier</b></td><td>FIN561</td></tr><tr><td><b>Restriction</b></td><td>Authorisation required</td></tr><tr><td><b>Reason</b></td><td>Sensitive</td></tr><tr><td><b>Upper limit</b></td><td>120 m AGL</td></tr><tr><td><b>Lower limit</b></td><td>not given</td></tr><tr><td><b>Valid</b></td><td>2024-07-21 to 2027-07-16, any day</td></tr></table><p>Authority: <a href="https://www.droneinfo.fi/fi/uas-ilmatilavyohykkeet">Traficom</a></p>]]></description><Polygon><tessellate>1</tessellate><outerBoundaryIs><LinearRing><coordinates>25.461111,64.998056,0 25.461111,64.997222,0 25.459444,64.997222,0 25.458333,64.997222,0 25.458333,64.997778,0 25.461111,64.998056,0</coordinates></LinearRing></outerBoundaryIs></Polygon></Placemark>
<Placemark><name>FIN562 Kaakkuri UAS</name><styleUrl>#REQ_AUTHORISATION</styleUrl><description><![CDATA[<table><tr><td><b>Identifier</b></td><td>FIN562</td></tr><tr><td><b>Restriction</b></td><td>Authorisation required</td></tr><tr><td><b>Reason</b></td><td>Sensitive</td></tr><tr><td><b>Upper limit</b></td><td>120 m AGL</td></tr><tr><td><b>Lower limit</b></td><td>not given</td></tr><tr><td><b>Valid</b></td><td>2024-07-21 to 2027-07-16, any day</td></tr></table><p>Authority: <a href="https://www.droneinfo.fi/fi/uas-ilmatilavyohykkeet">Traficom</a></p>]]></description><Polygon><tessellate>1</tessellate><outerBoundaryIs><LinearRing><coordinates>25.546944,64.968611,0 25.548611,64.968333,0 25.548333,64.967500,0 25.546667,64.967778,0 25.546389,64.968056,0 25.546944,64.968611,0</coordinates></LinearRing></outerBoundaryIs></Polygon></Placemark>
<Placemark><name>FIN563 Hiukkavaara UAS</name><styleUrl>#REQ_AUTHORISATION</styleUrl><description><![CDATA[<table><tr><td><b>Identifier</b></td><td>FIN563</td></tr><tr><td><b>Restriction</b></td><td>Authorisation required</td></tr><tr><td><b>Reason</b></td><td>Sensitive</td></tr><tr><td><b>Upper limit</b></td><td>120 m AGL</td></tr><tr><td><b>Lower limit</b></td><td>not given</td></tr><tr><td><b>Valid</b></td><td>2024-07-21 to 2027-07-16, any day</td></tr></table><p>Authority: <a href="https://www.droneinfo.fi/fi/uas-ilmatilavyohykkeet">Traficom</a></p>]]></description><Polygon><tessellate>1</tessellate><outerBoundaryIs><LinearRing><coordinates>25.600556,64.994444,0 25.601667,64.993611,0 25.600556,64.993056,0 25.599444,64.993889,0 25.600556,64.994444,0</coordinates></LinearRing></outerBoundaryIs></Polygon></Placemark>
<Placemark><name>FIN564 Oulunsuu UAS</name><styleUrl>#REQ_AUTHORISATION</styleUrl><description><![CDATA[<table><tr><td><b>Identifier</b></td><td>FIN564</td></tr><tr><td><b>Restriction</b></td><td>Authorisation required</td></tr><tr><td><b>Reason</b></td><td>Sensitive</td></tr><tr><td><b>Upper limit</b></td><td>120 m AGL</td></tr><tr><td><b>Lower limit</b></td><td>not given</td></tr><tr><td><b>Valid</b></td><td>2024-07-21 to 2027-07-16, any day</td></tr></table><p>Authority: <a href="https://www.droneinfo.fi/fi/uas-ilmatilavyohykkeet">Traficom</a></p>]]></description><Polygon><tessellate>1</tessellate><outerBoundaryIs><LinearRing><coordinates>25.546389,64.989722,0 25.548333,64.988889,0 25.545833,64.987500,0 25.544167,64.988333,0 25.544167,64.988611,0 25.546389,64.989722,0</coordinates></LinearRing></outerBoundaryIs></Polygon></Placemark>
<Placemark><name>FIN565 Yli-Ii UAS</name><styleUrl>#REQ_AUTHORISATION</styleUrl><description><![CDATA[<table><tr><td><b>Identifier</b></td><td>FIN565</td></tr><tr><td><b>Restriction</b></td><td>Authorisation required</td></tr><tr><td><b>Reason</b></td><td>Sensitive</td></tr><tr><td><b>Upper limit</b></td><td>120 m AGL</td></tr><tr><td><b>Lower limit</b></td><td>not given</td></tr><tr><td><b>Valid</b></td><td>2024-07-21 to 2027-07-16, any day</td></tr></table><p>Authority: <a href="https://www.droneinfo.fi/fi/uas-ilmatilavyohykkeet">Traficom</a></p>]]></description><Polygon><tessellate>1</tessellate><outerBoundaryIs><LinearRing><coordinates>25.853611,65.378333,0 25.855000,65.378056,0 25.854722,65.377778,0 25.854167,65.377500,0 25.853333,65.377778,0 25.853611,65.378333,0</coordinates></LinearRing></outerBoundaryIs></Polygon></Placemark>
<Placemark><name>FIN566 Laanila UAS</name><styleUrl>#REQ_AUTHORISATION</styleUrl><description><![CDATA[<table><tr><td><b>Identifier</b></td><td>FIN566</td></tr><tr><td><b>Restriction</b></td><td>Authorisation required</td></tr><tr><td><b>Reason</b></td><td>Sensitive</td></tr><tr><td><b>Upper limit</b></td><td>120 m AGL</td></tr><tr><td><b>Lower limit</b></td><td>not given</td></tr><tr><td><b>Valid</b></td><td>2024-07-21 to 2027-07-16, any day</td></tr></table><p>Authority: <a href="https://www.droneinfo.fi/fi/uas-ilmatilavyohykkeet">Traficom</a></p>]]></description><Polygon><tessellate>1</tessellate><outerBoundaryIs><LinearRing><coordinates>25.515556,65.040278,0 25.517222,65.039722,0 25.517500,65.038889,0 25.519444,65.036944,0 25.520278,65.036111,0 25.521111,65.035833,0 25.521389,65.035278,0 25.519167,65.033889,0 25.516111,65.033056,0 25.509167,65.034722,0 25.509444,65.036667,0 25.515556,65.040278,0</coordinates></LinearRing></outerBoundaryIs></Polygon></Placemark>
<Placemark><name>FIN567 Merikoski UAS</name><styleUrl>#REQ_AUTHORISATION</styleUrl><description><![CDATA[<table><tr><td><b>Identifier</b></td><td>FIN567</td></tr><tr><td><b>Restriction</b></td><td>Authorisation required</td></tr><tr><td><b>Reason</b></td><td>Sensitive</td></tr><tr><td><b>Upper limit</b></td><td>120 m AGL</td></tr><tr><td><b>Lower limit</b></td><td>not given</td></tr><tr><td><b>Valid</b></td><td>2024-07-21 to 2027-07-16, any day</td></tr></table><p>Authority: <a href="https://www.droneinfo.fi/fi/uas-ilmatilavyohykkeet">Traficom</a></p>]]></description><Polygon><tessellate>1</tessellate><outerBoundaryIs><LinearRing><coordinates>25.471667,65.023611,0 25.472500,65.023611,0 25.475556,65.023611,0 25.475556,65.023056,0 25.477778,65.023056,0 25.478056,65.023056,0 25.482778,65.023056,0 25.482778,65.022500,0 25.483611,65.021667,0 25.484167,65.021667,0 25.485278,65.021667,0 25.485278,65.021111,0 25.483611,65.021111,0 25.481111,65.020833,0 25.480278,65.021944,0 25.474444,65.022222,0 25.473056,65.021667,0 25.472500,65.021944,0 25.472500,65.022500,0 25.470833,65.022500,0 25.469722,65.022500,0 25.466389,65.022500,0 25.463611,65.022500,0 25.461389,65.022500,0 25.461389,65.023333,0 25.465278,65.023056,0 25.468056,65.023056,0 25.470278,65.023056,0 25.471667,65.023056,0 25.471667,65.023611,0</coordinates></LinearRing></outerBoundaryIs></Polygon></Placemark>
<Placemark><name>FIN568 Posa UAS</name><styleUrl>#REQ_AUTHORISATION</styleUrl><description><![CDATA[<table><tr><td><b>Identifier</b></td><td>FIN568</td></tr><tr><td><b>Restriction</b></td><td>Authorisation required</td></tr><tr><td><b>Reason</b></td><td>Sensitive</td></tr><tr><td><b>Upper limit</b></td><td>120 m AGL</td></tr><tr><td><b>Lower limit</b></td><td>not given</td></tr><tr><td><b>Valid</b></td><td>2024-07-21 to 2027-07-16, any day</td></tr></table><p>Authority: <a href="https://www.droneinfo.fi/fi/uas-ilmatilavyohykkeet">Traficom</a></p>]]></description><Polygon><tessellate>1</tessellate><outerBoundaryIs><LinearRing><coordinates>25.561944,65.045000,0 25.561944,65.044444,0 25.560833,65.044167,0 25.560556,65.045000,0 25.561944,65.045000,0</coordinates></LinearRing></outerBoundaryIs></Polygon></Placemark>
<Placemark><name>FIN569 Toppila UAS</name><styleUrl>#REQ_AUTHORISATION</styleUrl><description><![CDATA[<table><tr><td><b>Identifier</b></td><td>FIN569</td></tr><tr><td><b>Restriction</b></td><td>Authorisation required</td></tr><tr><td><b>Reason</b></td><td>Sensitive</td></tr><tr><td><b>Upper limit</b></td><td>120 m AGL</td></tr><tr><td><b>Lower limit</b></td><td>not given</td></tr><tr><td><b>Valid</b></td><td>2024-07-21 to 2027-07-16, any day</td></tr></table><p>Authority: <a href="https://www.droneinfo.fi/fi/uas-ilmatilavyohykkeet">Traficom</a></p>]]></description><Polygon><tessellate>1</tessellate><outerBoundaryIs><LinearRing><coordinates>25.437222,65.039444,0 25.437222,65.038889,0 25.438056,65.038889,0 25.438056,65.039444,0 25.440000,65.039444,0 25.441111,65.038056,0 25.438611,65.037778,0 25.439722,65.036667,0 25.437778,65.036389,0 25.437500,65.036667,0 25.432778,65.035833,0 25.432500,65.036389,0 25.431389,65.036111,0 25.431111,65.036389,0 25.428333,65.035833,0 25.427500,65.036944,0 25.428333,65.037222,0 25.429167,65.037778,0 25.430833,65.038056,0 25.431389,65.038333,0 25.433333,65.038611,0 25.433611,65.039167,0 25.433889,65.039444,0 25.437222,65.039444,0</coordinates></LinearRing></outerBoundaryIs></Polygon></Placemark>
<Placemark><name>FIN570 Havukosken pelastusasema UAS</name><styleUrl>#REQ_AUTHORISATION</styleUrl><description><![CDATA[<table><tr><td><b>Identifier</b></td><td>FIN570</td></tr><tr><td><b>Restriction</b></td><td>Authorisation required</td></tr><tr><td><b>Reason</b></td><td>Sensitive</td></tr><tr><td><b>Upper limit</b></td><td>150 m AGL</td></tr><tr><td><b>Lower limit</b></td><td>not given</td></tr><tr><td><b>Valid</b></td><td>2024-07-21 to 2027-04-16, any day</td></tr></table><p>Authority: <a href="https://www.droneinfo.fi/fi/uas-ilmatilavyohykkeet">Traficom</a></p>]]></description><Polygon><tessellate>1</tessellate><outerBoundaryIs><LinearRing><coordinates>25.058333,60.318611,0 25.060000,60.318333,0 25.059167,60.317222,0 25.057500,60.317500,0 25.058333,60.318611,0</coordinates></LinearRing></outerBoundaryIs></Polygon></Placemark>
<Placemark><name>FIN571 Vantaankosken pelastusasema UAS</name><styleUrl>#REQ_AUTHORISATION</styleUrl><description><![CDATA[<table><tr><td><b>Identifier</b></td><td>FIN571</td></tr><tr><td><b>Restriction</b></td><td>Authorisation required</td></tr><tr><td><b>Reason</b></td><td>Sensitive</td></tr><tr><td><b>Upper limit</b></td><td>150 m AGL</td></tr><tr><td><b>Lower limit</b></td><td>not given</td></tr><tr><td><b>Valid</b></td><td>2024-07-21 to 2027-04-16, any day</td></tr></table><p>Authority: <a href="https://www.droneinfo.fi/fi/uas-ilmatilavyohykkeet">Traficom</a></p>]]></description><Polygon><tessellate>1</tessellate><outerBoundaryIs><LinearRing><coordinates>24.864722,60.290556,0 24.866111,60.290278,0 24.864722,60.289444,0 24.863889,60.289722,0 24.864722,60.290556,0</coordinates></LinearRing></outerBoundaryIs></Polygon></Placemark>
<Placemark><name>FIN572 Nurmijärven pelastusasema UAS</name><styleUrl>#REQ_AUTHORISATION</styleUrl><description><![CDATA[<table><tr><td><b>Identifier</b></td><td>FIN572</td></tr><tr><td><b>Restriction</b></td><td>Authorisation required</td></tr><tr><td><b>Reason</b></td><td>Sensitive</td></tr><tr><td><b>Upper limit</b></td><td>150 m AGL</td></tr><tr><td><b>Lower limit</b></td><td>not given</td></tr><tr><td><b>Valid</b></td><td>2024-07-21 to 2027-04-16, any day</td></tr></table><p>Authority: <a href="https://www.droneinfo.fi/fi/uas-ilmatilavyohykkeet">Traficom</a></p>]]></description><Polygon><tessellate>1</tessellate><outerBoundaryIs><LinearRing><coordinates>24.813056,60.461667,0 24.814167,60.460833,0 24.813056,60.460278,0 24.811667,60.461111,0 24.813056,60.461667,0</coordinates></LinearRing></outerBoundaryIs></Polygon></Placemark>
<Placemark><name>FIN573 Kerava-Tuusulan pelastusasema UAS</name><styleUrl>#REQ_AUTHORISATION</styleUrl><description><![CDATA[<table><tr><td><b>Identifier</b></td><td>FIN573</td></tr><tr><td><b>Restriction</b></td><td>Authorisation required</td></tr><tr><td><b>Reason</b></td><td>Sensitive</td></tr><tr><td><b>Upper limit</b></td><td>150 m AGL</td></tr><tr><td><b>Lower limit</b></td><td>not given</td></tr><tr><td><b>Valid</b></td><td>2024-07-21 to 2027-04-16, any day</td></tr></table><p>Authority: <a href="https://www.droneinfo.fi/fi/uas-ilmatilavyohykkeet">Traficom</a></p>]]></description><Polygon><tessellate>1</tessellate><outerBoundaryIs><LinearRing><coordinates>25.066944,60.396667,0 25.068333,60.395000,0 25.063611,60.394722,0 25.063611,60.396111,0 25.066944,60.396667,0</coordinates></LinearRing></outerBoundaryIs></Polygon></Placemark>
<Placemark><name>FIN574 Järvenpään pelastusasema UAS</name><styleUrl>#REQ_AUTHORISATION</styleUrl><description><![CDATA[<table><tr><td><b>Identifier</b></td><td>FIN574</td></tr><tr><td><b>Restriction</b></td><td>Authorisation required</td></tr><tr><td><b>Reason</b></td><td>Sensitive</td></tr><tr><td><b>Upper limit</b></td><td>150 m AGL</td></tr><tr><td><b>Lower limit</b></td><td>not given</td></tr><tr><td><b>Valid</b></td><td>2024-07-21 to 2027-04-16, any day</td></tr></table><p>Authority: <a href="https://www.droneinfo.fi/fi/uas-ilmatilavyohykkeet">Traficom</a></p>]]></description><Polygon><tessellate>1</tessellate><outerBoundaryIs><LinearRing><coordinates>25.067222,60.499167,0 25.068889,60.499167,0 25.068889,60.498333,0 25.067222,60.498333,0 25.067222,60.499167,0</coordinates></LinearRing></outerBoundaryIs></Polygon></Placemark>
<Placemark><name>FIN575 Hyvinkään pelastusasema UAS</name><styleUrl>#REQ_AUTHORISATION</styleUrl><description><![CDATA[<table><tr><td><b>Identifier</b></td><td>FIN575</td></tr><tr><td><b>Restriction</b></td><td>Authorisation required</td></tr><tr><td><b>Reason</b></td><td>Sensitive</td></tr><tr><td><b>Upper limit</b></td><td>150 m AGL</td></tr><tr><td><b>Lower limit</b></td><td>not given</td></tr><tr><td><b>Valid</b></td><td>2024-07-21 to 2027-04-16, any day</td></tr></table><p>Authority: <a href="https://www.droneinfo.fi/fi/uas-ilmatilavyohykkeet">Traficom</a></p>]]></description><Polygon><tessellate>1</tessellate><outerBoundaryIs><LinearRing><coordinates>24.852778,60.616389,0 24.853611,60.615278,0 24.851667,60.615000,0 24.850556,60.616111,0 24.852778,60.616389,0</coordinates></LinearRing></outerBoundaryIs></Polygon></Placemark>
<Placemark><name>FIN576 Mäntsälän pelastusasema UAS</name><styleUrl>#REQ_AUTHORISATION</styleUrl><description><![CDATA[<table><tr><td><b>Identifier</b></td><td>FIN576</td></tr><tr><td><b>Restriction</b></td><td>Authorisation required</td></tr><tr><td><b>Reason</b></td><td>Sensitive</td></tr><tr><td><b>Upper limit</b></td><td>150 m AGL</td></tr><tr><td><b>Lower limit</b></td><td>not given</td></tr><tr><td><b>Valid</b></td><td>2024-07-21 to 2027-04-16, any day</td></tr></table><p>Authority: <a href="https://www.droneinfo.fi/fi/uas-ilmatilavyohykkeet">Traficom</a></p>]]></description><Polygon><tessellate>1</tessellate><outerBoundaryIs><LinearRing><coordinates>25.321389,60.640278,0 25.321389,60.639722,0 25.320278,60.639444,0 25.320278,60.640278,0 25.321389,60.640278,0</coordinates></LinearRing></outerBoundaryIs></Polygon></Placemark>
<Placemark><name>FIN577 Tuike Finland UAS</name><styleUrl>#REQ_AUTHORISATION</styleUrl><description><![CDATA[<table><tr><td><b>Identifier</b></td><td>FIN577</td></tr><tr><td><b>Restriction</b></td><td>Authorisation required</td></tr><tr><td><b>Reason</b></td><td>Sensitive</td></tr><tr><td><b>Upper limit</b></td><td>150 m AGL</td></tr><tr><td><b>Lower limit</b></td><td>not given</td></tr><tr><td><b>Valid</b></td><td>2024-07-21 to 2027-04-16, any day</td></tr></table><p>Authority: <a href="https://www.droneinfo.fi/fi/uas-ilmatilavyohykkeet">Traficom</a></p>]]></description><Polygon><tessellate>1</tessellate><outerBoundaryIs><LinearRing><coordinates>27.123611,60.544444,0 27.135278,60.538056,0 27.136944,60.532500,0 27.128056,60.528333,0 27.118056,60.529444,0 27.105833,60.535833,0 27.105000,60.542778,0 27.123611,60.544444,0</coordinates></LinearRing></outerBoundaryIs></Polygon></Placemark>
<Placemark><name>FIN578 UPM Voikkaa UAS</name><styleUrl>#REQ_AUTHORISATION</styleUrl><description><![CDATA[<table><tr><td><b>Identifier</b></td><td>FIN578</td></tr><tr><td><b>Restriction</b></td><td>Authorisation required</td></tr><tr><td><b>Reason</b></td><td>Sensitive</td></tr><tr><td><b>Upper limit</b></td><td>150 m AGL</td></tr><tr><td><b>Lower limit</b></td><td>not given</td></tr><tr><td><b>Valid</b></td><td>2024-07-25 to 2027-04-16, any day</td></tr></table><p>Authority: <a href="https://www.droneinfo.fi/fi/uas-ilmatilavyohykkeet">Traficom</a></p>]]></description><Polygon><tessellate>1</tessellate><outerBoundaryIs><LinearRing><coordinates>26.599167,60.939167,0 26.599722,60.938611,0 26.598889,60.938333,0 26.599167,60.937778,0 26.598056,60.937500,0 26.598889,60.935556,0 26.597778,60.935000,0 26.596667,60.936111,0 26.595833,60.938056,0 26.596944,60.938889,0 26.599167,60.939167,0</coordinates></LinearRing></outerBoundaryIs></Polygon></Placemark>
<Placemark><name>FIN579 UPM Kuusankoski UAS</name><styleUrl>#REQ_AUTHORISATION</styleUrl><description><![CDATA[<table><tr><td><b>Identifier</b></td><td>FIN579</td></tr><tr><td><b>Restriction</b></td><td>Authorisation required</td></tr><tr><td><b>Reason</b></td><td>Sensitive</td></tr><tr><td><b>Upper limit</b></td><td>150 m AGL</td></tr><tr><td><b>Lower limit</b></td><td>not given</td></tr><tr><td><b>Valid</b></td><td>2024-07-25 to 2027-04-16, any day</td></tr></table><p>Authority: <a href="https://www.droneinfo.fi/fi/uas-ilmatilavyohykkeet">Traficom</a></p>]]></description><Polygon><tessellate>1</tessellate><outerBoundaryIs><LinearRing><coordinates>26.646944,60.907778,0 26.648889,60.907778,0 26.650000,60.906944,0 26.651389,60.905556,0 26.650833,60.905278,0 26.650278,60.905833,0 26.649722,60.906667,0 26.648611,60.906944,0 26.648056,60.907222,0 26.646667,60.907222,0 26.646944,60.907778,0</coordinates></LinearRing></outerBoundaryIs></Polygon></Placemark>
<Placemark><name>FIN580 UPM Keltti UAS</name><styleUrl>#REQ_AUTHORISATION</styleUrl><description><![CDATA[<table><tr><td><b>Identifier</b></td><td>FIN580</td></tr><tr><td><b>Restriction</b></td><td>Authorisation required</td></tr><tr><td><b>Reason</b></td><td>Sensitive</td></tr><tr><td><b>Upper limit</b></td><td>150 m AGL</td></tr><tr><td><b>Lower limit</b></td><td>not given</td></tr><tr><td><b>Valid</b></td><td>2024-07-25 to 2027-04-16, any day</td></tr></table><p>Authority: <a href="https://www.droneinfo.fi/fi/uas-ilmatilavyohykkeet">Traficom</a></p>]]></description><Polygon><tessellate>1</tessellate><outerBoundaryIs><LinearRing><coordinates>26.617778,60.875000,0 26.617778,60.873333,0 26.612500,60.873333,0 26.612778,60.875000,0 26.617778,60.875000,0</coordinates></LinearRing></outerBoundaryIs></Polygon></Placemark>
<Placemark><name>FIN581 UPM Katerma UAS</name><styleUrl>#REQ_AUTHORISATION</styleUrl><description><![CDATA[<table><tr><td><b>Identifier</b></td><td>FIN581</td></tr><tr><td><b>Restriction</b></td><td>Authorisation required</td></tr><tr><td><b>Reason</b></td><td>Sensitive</td></tr><tr><td><b>Upper limit</b></td><td>150 m AGL</td></tr><tr><td><b>Lower limit</b></td><td>not given</td></tr><tr><td><b>Valid</b></td><td>2024-07-25 to 2027-04-16, any day</td></tr></table><p>Authority: <a href="https://www.droneinfo.fi/fi/uas-ilmatilavyohykkeet">Traficom</a></p>]]></description><Polygon><tessellate>1</tessellate><outerBoundaryIs><LinearRing><coordinates>28.974444,64.097222,0 28.976389,64.096944,0 28.974167,64.096667,0 28.974444,64.096111,0 28.972778,64.096111,0 28.972500,64.096944,0 28.974444,64.097222,0</coordinates></LinearRing></outerBoundaryIs></Polygon></Placemark>
<Placemark><name>FIN582 UPM Kallioinen UAS</name><styleUrl>#REQ_AUTHORISATION</styleUrl><description><![CDATA[<table><tr><td><b>Identifier</b></td><td>FIN582</td></tr><tr><td><b>Restriction</b></td><td>Authorisation required</td></tr><tr><td><b>Reason</b></td><td>Sensitive</td></tr><tr><td><b>Upper limit</b></td><td>150 m AGL</td></tr><tr><td><b>Lower limit</b></td><td>not given</td></tr><tr><td><b>Valid</b></td><td>2024-07-25 to 2027-04-16, any day</td></tr></table><p>Authority: <a href="https://www.droneinfo.fi/fi/uas-ilmatilavyohykkeet">Traficom</a></p>]]></description><Polygon><tessellate>1</tessellate><outerBoundaryIs><LinearRing><coordinates>28.846667,64.093611,0 28.847222,64.092778,0 28.845000,64.092500,0 28.844444,64.093333,0 28.846667,64.093611,0</coordinates></LinearRing></outerBoundaryIs></Polygon></Placemark>
<Placemark><name>FIN583 UPM Kaltimo UAS</name><styleUrl>#REQ_AUTHORISATION</styleUrl><description><![CDATA[<table><tr><td><b>Identifier</b></td><td>FIN583</td></tr><tr><td><b>Restriction</b></td><td>Authorisation required</td></tr><tr><td><b>Reason</b></td><td>Sensitive</td></tr><tr><td><b>Upper limit</b></td><td>150 m AGL</td></tr><tr><td><b>Lower limit</b></td><td>not given</td></tr><tr><td><b>Valid</b></td><td>2024-07-25 to 2027-04-16, any day</td></tr></table><p>Authority: <a href="https://www.droneinfo.fi/fi/uas-ilmatilavyohykkeet">Traficom</a></p>]]></description><Polygon><tessellate>1</tessellate><outerBoundaryIs><LinearRing><coordinates>30.127778,62.770833,0 30.132500,62.770833,0 30.132778,62.768611,0 30.127500,62.768611,0 30.127778,62.770833,0</coordinates></LinearRing></outerBoundaryIs></Polygon></Placemark>
<Placemark><name>FIN584 UPM Tyrvää UAS</name><styleUrl>#REQ_AUTHORISATION</styleUrl><description><![CDATA[<table><tr><td><b>Identifier</b></td><td>FIN584</td></tr><tr><td><b>Restriction</b></td><td>Authorisation required</td></tr><tr><td><b>Reason</b></td><td>Sensitive</td></tr><tr><td><b>Upper limit</b></td><td>150 m AGL</td></tr><tr><td><b>Lower limit</b></td><td>not given</td></tr><tr><td><b>Valid</b></td><td>2024-07-25 to 2027-04-16, any day</td></tr></table><p>Authority: <a href="https://www.droneinfo.fi/fi/uas-ilmatilavyohykkeet">Traficom</a></p>]]></description><Polygon><tessellate>1</tessellate><outerBoundaryIs><LinearRing><coordinates>22.845278,61.329722,0 22.848056,61.329167,0 22.846667,61.327778,0 22.844167,61.328333,0 22.845278,61.329722,0</coordinates></LinearRing></outerBoundaryIs></Polygon></Placemark>
<Placemark><name>FIN585 UPM Äetsä UAS</name><styleUrl>#REQ_AUTHORISATION</styleUrl><description><![CDATA[<table><tr><td><b>Identifier</b></td><td>FIN585</td></tr><tr><td><b>Restriction</b></td><td>Authorisation required</td></tr><tr><td><b>Reason</b></td><td>Sensitive</td></tr><tr><td><b>Upper limit</b></td><td>150 m AGL</td></tr><tr><td><b>Lower limit</b></td><td>not given</td></tr><tr><td><b>Valid</b></td><td>2024-07-25 to 2027-04-16, any day</td></tr></table><p>Authority: <a href="https://www.droneinfo.fi/fi/uas-ilmatilavyohykkeet">Traficom</a></p>]]></description><Polygon><tessellate>1</tessellate><outerBoundaryIs><LinearRing><coordinates>22.696944,61.280556,0 22.699167,61.277222,0 22.694444,61.277222,0 22.693611,61.280556,0 22.696944,61.280556,0</coordinates></LinearRing></outerBoundaryIs></Polygon></Placemark>
<Placemark><name>FIN586 UPM Harjavalta UAS</name><styleUrl>#REQ_AUTHORISATION</styleUrl><description><![CDATA[<table><tr><td><b>Identifier</b></td><td>FIN586</td></tr><tr><td><b>Restriction</b></td><td>Authorisation required</td></tr><tr><td><b>Reason</b></td><td>Sensitive</td></tr><tr><td><b>Upper limit</b></td><td>150 m AGL</td></tr><tr><td><b>Lower limit</b></td><td>not given</td></tr><tr><td><b>Valid</b></td><td>2024-07-25 to 2027-04-16, any day</td></tr></table><p>Authority: <a href="https://www.droneinfo.fi/fi/uas-ilmatilavyohykkeet">Traficom</a></p>]]></description><Polygon><tessellate>1</tessellate><outerBoundaryIs><LinearRing><coordinates>22.112778,61.339722,0 22.117222,61.338611,0 22.114167,61.336667,0 22.110833,61.337778,0 22.112778,61.339722,0</coordinates></LinearRing></outerBoundaryIs></Polygon></Placemark>
<Placemark><name>FIN588 UPM Pietarsaaren tehdasalue UAS</name><styleUrl>#REQ_AUTHORISATION</styleUrl><description><![CDATA[<table><tr><td><b>Identifier</b></td><td>FIN588</td></tr><tr><td><b>Restriction</b></td><td>Authorisation required</td></tr><tr><td><b>Reason</b></td><td>Sensitive</td></tr><tr><td><b>Upper limit</b></td><td>150 m AGL</td></tr><tr><td><b>Lower limit</b></td><td>not given</td></tr><tr><td><b>Valid</b></td><td>2024-07-31 to 2027-04-16, any day</td></tr></table><p>Authority: <a href="https://www.droneinfo.fi/fi/uas-ilmatilavyohykkeet">Traficom</a></p>]]></description><Polygon><tessellate>1</tessellate><outerBoundaryIs><LinearRing><coordinates>22.707222,63.717500,0 22.713056,63.716389,0 22.712222,63.714444,0 22.716389,63.713611,0 22.716111,63.712778,0 22.719722,63.710833,0 22.721667,63.704167,0 22.716944,63.701944,0 22.713333,63.698611,0 22.711389,63.699444,0 22.709167,63.700000,0 22.700000,63.697222,0 22.699167,63.703333,0 22.698056,63.708333,0 22.698611,63.711389,0 22.700556,63.713056,0 22.701944,63.715000,0 22.704167,63.714722,0 22.707222,63.717500,0</coordinates></LinearRing></outerBoundaryIs></Polygon></Placemark>
<Placemark><name>FIN590 Suomenojan voimalaitosalue UAS</name><styleUrl>#REQ_AUTHORISATION</styleUrl><description><![CDATA[<table><tr><td><b>Identifier</b></td><td>FIN590</td></tr><tr><td><b>Restriction</b></td><td>Authorisation required</td></tr><tr><td><b>Reason</b></td><td>Sensitive</td></tr><tr><td><b>Upper limit</b></td><td>150 m AGL</td></tr><tr><td><b>Lower limit</b></td><td>not given</td></tr><tr><td><b>Valid</b></td><td>2024-08-25 to 2027-04-16, any day</td></tr></table><p>Authority: <a href="https://www.droneinfo.fi/fi/uas-ilmatilavyohykkeet">Traficom</a></p>]]></description><Polygon><tessellate>1</tessellate><outerBoundaryIs><LinearRing><coordinates>24.718611,60.151111,0 24.718889,60.150833,0 24.720278,60.151111,0 24.722222,60.150000,0 24.722222,60.149722,0 24.720556,60.149167,0 24.720556,60.148889,0 24.717222,60.148333,0 24.716111,60.150000,0 24.717778,60.150278,0 24.717500,60.150833,0 24.718611,60.151111,0</coordinates></LinearRing></outerBoundaryIs></Polygon></Placemark>
<Placemark><name>FIN591 Kärmeskytö UAS</name><styleUrl>#REQ_AUTHORISATION</styleUrl><description><![CDATA[<table><tr><td><b>Identifier</b></td><td>FIN591</td></tr><tr><td><b>Restriction</b></td><td>Authorisation required</td></tr><tr><td><b>Reason</b></td><td>Sensitive</td></tr><tr><td><b>Upper limit</b></td><td>150 m AGL</td></tr><tr><td><b>Lower limit</b></td><td>not given</td></tr><tr><td><b>Valid</b></td><td>2024-08-30 to 2027-04-16, any day</td></tr></table><p>Authority: <a href="https://www.droneinfo.fi/fi/uas-ilmatilavyohykkeet">Traficom</a></p>]]></description><Polygon><tessellate>1</tessellate><outerBoundaryIs><LinearRing><coordinates>22.885556,62.726944,0 22.889167,62.728333,0 22.888056,62.728889,0 22.884722,62.727500,0 22.885556,62.726944,0</coordinates></LinearRing></outerBoundaryIs></Polygon></Placemark>
<Placemark><name>FIN592 Myllykoski UAS</name><styleUrl>#REQ_AUTHORISATION</styleUrl><description><![CDATA[<table><tr><td><b>Identifier</b></td><td>FIN592</td></tr><tr><td><b>Restriction</b></td><td>Authorisation required</td></tr><tr><td><b>Reason</b></td><td>Sensitive</td></tr><tr><td><b>Upper limit</b></td><td>150 m AGL</td></tr><tr><td><b>Lower limit</b></td><td>not given</td></tr><tr><td><b>Valid</b></td><td>2024-08-30 to 2027-04-16, any day</td></tr></table><p>Authority: <a href="https://www.droneinfo.fi/fi/uas-ilmatilavyohykkeet">Traficom</a></p>]]></description><Polygon><tessellate>1</tessellate><outerBoundaryIs><LinearRing><coordinates>22.835556,62.781389,0 22.835833,62.780833,0 22.835000,62.780833,0 22.834444,62.781111,0 22.834444,62.781111,0 22.835556,62.781389,0</coordinates></LinearRing></outerBoundaryIs></Polygon></Placemark>
<Placemark><name>FIN593 Pohja UAS</name><styleUrl>#REQ_AUTHORISATION</styleUrl><description><![CDATA[<table><tr><td><b>Identifier</b></td><td>FIN593</td></tr><tr><td><b>Restriction</b></td><td>Authorisation required</td></tr><tr><td><b>Reason</b></td><td>Sensitive</td></tr><tr><td><b>Upper limit</b></td><td>150 m AGL</td></tr><tr><td><b>Lower limit</b></td><td>not given</td></tr><tr><td><b>Valid</b></td><td>2024-08-30 to 2027-04-16, any day</td></tr></table><p>Authority: <a href="https://www.droneinfo.fi/fi/uas-ilmatilavyohykkeet">Traficom</a></p>]]></description><Polygon><tessellate>1</tessellate><outerBoundaryIs><LinearRing><coordinates>22.864722,62.809167,0 22.866111,62.808611,0 22.865000,62.808056,0 22.863611,62.808889,0 22.864722,62.809167,0</coordinates></LinearRing></outerBoundaryIs></Polygon></Placemark>
<Placemark><name>FIN594 Itkikka UAS</name><styleUrl>#REQ_AUTHORISATION</styleUrl><description><![CDATA[<table><tr><td><b>Identifier</b></td><td>FIN594</td></tr><tr><td><b>Restriction</b></td><td>Authorisation required</td></tr><tr><td><b>Reason</b></td><td>Sensitive</td></tr><tr><td><b>Upper limit</b></td><td>150 m AGL</td></tr><tr><td><b>Lower limit</b></td><td>not given</td></tr><tr><td><b>Valid</b></td><td>2024-08-30 to 2027-04-16, any day</td></tr></table><p>Authority: <a href="https://www.droneinfo.fi/fi/uas-ilmatilavyohykkeet">Traficom</a></p>]]></description><Polygon><tessellate>1</tessellate><outerBoundaryIs><LinearRing><coordinates>22.822500,62.800000,0 22.822778,62.799444,0 22.820833,62.799167,0 22.820556,62.799722,0 22.822500,62.800000,0</coordinates></LinearRing></outerBoundaryIs></Polygon></Placemark>
<Placemark><name>FIN595 Kultavuori UAS</name><styleUrl>#REQ_AUTHORISATION</styleUrl><description><![CDATA[<table><tr><td><b>Identifier</b></td><td>FIN595</td></tr><tr><td><b>Restriction</b></td><td>Authorisation required</td></tr><tr><td><b>Reason</b></td><td>Sensitive</td></tr><tr><td><b>Upper limit</b></td><td>150 m AGL</td></tr><tr><td><b>Lower limit</b></td><td>not given</td></tr><tr><td><b>Valid</b></td><td>2024-08-30 to 2027-04-16, any day</td></tr></table><p>Authority: <a href="https://www.droneinfo.fi/fi/uas-ilmatilavyohykkeet">Traficom</a></p>]]></description><Polygon><tessellate>1</tessellate><outerBoundaryIs><LinearRing><coordinates>22.788611,62.777500,0 22.788889,62.776944,0 22.788056,62.776389,0 22.787222,62.777222,0 22.788611,62.777500,0</coordinates></LinearRing></outerBoundaryIs></Polygon></Placemark>
<Placemark><name>FIN596 Uimaharjun tehdas UAS</name><styleUrl>#REQ_AUTHORISATION</styleUrl><description><![CDATA[<table><tr><td><b>Identifier</b></td><td>FIN596</td></tr><tr><td><b>Restriction</b></td><td>Authorisation required</td></tr><tr><td><b>Reason</b></td><td>Sensitive</td></tr><tr><td><b>Upper limit</b></td><td>150 m AGL</td></tr><tr><td><b>Lower limit</b></td><td>not given</td></tr><tr><td><b>Valid</b></td><td>2024-09-18 to 2027-04-15, any day</td></tr></table><p>Authority: <a href="https://www.droneinfo.fi/fi/uas-ilmatilavyohykkeet">Traficom</a></p>]]></description><Polygon><tessellate>1</tessellate><outerBoundaryIs><LinearRing><coordinates>30.226944,62.907778,0 30.233056,62.909167,0 30.236389,62.910000,0 30.236944,62.910556,0 30.237778,62.911389,0 30.241389,62.914167,0 30.241667,62.913889,0 30.245000,62.916389,0 30.245556,62.917778,0 30.243889,62.920000,0 30.240556,62.922500,0 30.236667,62.925278,0 30.230000,62.930000,0 30.227778,62.930000,0 30.218056,62.933056,0 30.216667,62.932778,0 30.215556,62.932778,0 30.211389,62.929167,0 30.213056,62.927778,0 30.213056,62.921667,0 30.224167,62.912500,0 30.225278,62.910556,0 30.226944,62.907778,0</coordinates></LinearRing></outerBoundaryIs></Polygon></Placemark>
<Placemark><name>FIN598 Katajanokan jäänmurtajatukikohta UAS</name><styleUrl>#REQ_AUTHORISATION</styleUrl><description><![CDATA[<table><tr><td><b>Identifier</b></td><td>FIN598</td></tr><tr><td><b>Restriction</b></td><td>Authorisation required</td></tr><tr><td><b>Reason</b></td><td>Sensitive</td></tr><tr><td><b>Upper limit</b></td><td>150 m AGL</td></tr><tr><td><b>Lower limit</b></td><td>not given</td></tr><tr><td><b>Valid</b></td><td>2024-09-30 to 2027-04-15, any day</td></tr></table><p>Authority: <a href="https://www.droneinfo.fi/fi/uas-ilmatilavyohykkeet">Traficom</a></p>]]></description><Polygon><tessellate>1</tessellate><outerBoundaryIs><LinearRing><coordinates>24.977500,60.173333,0 24.980000,60.170278,0 24.970278,60.168056,0 24.967222,60.168889,0 24.967500,60.171389,0 24.977500,60.173333,0</coordinates></LinearRing></outerBoundaryIs></Polygon></Placemark>
<Placemark><name>FIN599 Mellanaapa pohjoinen UAS</name><styleUrl>#REQ_AUTHORISATION</styleUrl><description><![CDATA[<table><tr><td><b>Identifier</b></td><td>FIN599</td></tr><tr><td><b>Restriction</b></td><td>Authorisation required</td></tr><tr><td><b>Reason</b></td><td>Sensitive</td></tr><tr><td><b>Upper limit</b></td><td>120 m AGL</td></tr><tr><td><b>Lower limit</b></td><td>not given</td></tr><tr><td><b>Valid</b></td><td>2024-09-30 to 2027-04-15, any day</td></tr></table><p>Authority: <a href="https://www.droneinfo.fi/fi/uas-ilmatilavyohykkeet">Traficom</a></p>]]></description><Polygon><tessellate>1</tessellate><outerBoundaryIs><LinearRing><coordinates>27.626389,68.707778,0 27.650000,68.707778,0 27.676389,68.705556,0 27.651389,68.691667,0 27.646667,68.694444,0 27.644444,68.694167,0 27.640278,68.690278,0 27.641667,68.688889,0 27.644444,68.688333,0 27.638889,68.685833,0 27.631944,68.684444,0 27.618056,68.691667,0 27.626389,68.698056,0 27.615000,68.700833,0 27.622778,68.701944,0 27.626111,68.703889,0 27.626389,68.707778,0</coordinates></LinearRing></outerBoundaryIs></Polygon></Placemark>
<Placemark><name>FIN600 Mellanaapa etelä UAS</name><styleUrl>#REQ_AUTHORISATION</styleUrl><description><![CDATA[<table><tr><td><b>Identifier</b></td><td>FIN600</td></tr><tr><td><b>Restriction</b></td><td>Authorisation required</td></tr><tr><td><b>Reason</b></td><td>Sensitive</td></tr><tr><td><b>Upper limit</b></td><td>120 m AGL</td></tr><tr><td><b>Lower limit</b></td><td>not given</td></tr><tr><td><b>Valid</b></td><td>2024-09-30 to 2027-04-15, any day</td></tr></table><p>Authority: <a href="https://www.droneinfo.fi/fi/uas-ilmatilavyohykkeet">Traficom</a></p>]]></description><Polygon><tessellate>1</tessellate><outerBoundaryIs><LinearRing><coordinates>27.676389,68.705556,0 27.699722,68.703611,0 27.698889,68.699722,0 27.686389,68.695278,0 27.696111,68.690278,0 27.679444,68.685278,0 27.685833,68.683889,0 27.684444,68.682778,0 27.680000,68.683333,0 27.677500,68.682500,0 27.679722,68.681111,0 27.665833,68.680278,0 27.665556,68.681111,0 27.658333,68.682222,0 27.656667,68.681111,0 27.651389,68.683056,0 27.651944,68.683889,0 27.648889,68.683611,0 27.649167,68.680833,0 27.641389,68.680556,0 27.630556,68.678611,0 27.626944,68.680833,0 27.628333,68.681389,0 27.625278,68.682778,0 27.632222,68.684722,0 27.638889,68.686111,0 27.644722,68.688611,0 27.651389,68.691944,0 27.676389,68.705556,0</coordinates></LinearRing></outerBoundaryIs></Polygon></Placemark>
<Placemark><name>FIN601 Metsä Group Joutsenon tehdas UAS</name><styleUrl>#REQ_AUTHORISATION</styleUrl><description><![CDATA[<table><tr><td><b>Identifier</b></td><td>FIN601</td></tr><tr><td><b>Restriction</b></td><td>Authorisation required</td></tr><tr><td><b>Reason</b></td><td>Sensitive</td></tr><tr><td><b>Upper limit</b></td><td>150 m AGL</td></tr><tr><td><b>Lower limit</b></td><td>not given</td></tr><tr><td><b>Valid</b></td><td>2024-10-27 to 2027-04-15, any day</td></tr></table><p>Authority: <a href="https://www.droneinfo.fi/fi/uas-ilmatilavyohykkeet">Traficom</a></p>]]></description><Polygon><tessellate>1</tessellate><outerBoundaryIs><LinearRing><coordinates>28.454167,61.143889,0 28.462500,61.137500,0 28.464444,61.131111,0 28.470833,61.124167,0 28.466944,61.122500,0 28.462222,61.123889,0 28.458889,61.125833,0 28.455833,61.126111,0 28.446389,61.128056,0 28.443333,61.127778,0 28.435833,61.143056,0 28.454167,61.143889,0</coordinates></LinearRing></outerBoundaryIs></Polygon></Placemark>
<Placemark><name>FIN602 Riihimäen jätteenpolttolaitos UAS</name><styleUrl>#REQ_AUTHORISATION</styleUrl><description><![CDATA[<table><tr><td><b>Identifier</b></td><td>FIN602</td></tr><tr><td><b>Restriction</b></td><td>Authorisation required</td></tr><tr><td><b>Reason</b></td><td>Sensitive</td></tr><tr><td><b>Upper limit</b></td><td>150 m AGL</td></tr><tr><td><b>Lower limit</b></td><td>not given</td></tr><tr><td><b>Valid</b></td><td>2024-11-30 to 2027-04-20, any day</td></tr></table><p>Authority: <a href="https://www.droneinfo.fi/fi/uas-ilmatilavyohykkeet">Traficom</a></p>]]></description><Polygon><tessellate>1</tessellate><outerBoundaryIs><LinearRing><coordinates>24.835556,60.775278,0 24.836667,60.774722,0 24.837778,60.774167,0 24.837778,60.773056,0 24.836389,60.772500,0 24.834722,60.772222,0 24.833611,60.771389,0 24.829444,60.769722,0 24.827222,60.767500,0 24.823611,60.768333,0 24.825278,60.770556,0 24.827778,60.772778,0 24.835556,60.775278,0</coordinates></LinearRing></outerBoundaryIs></Polygon></Placemark>
<Placemark><name>FIN603 Kalannin aurinkopuisto UAS 1</name><styleUrl>#REQ_AUTHORISATION</styleUrl><description><![CDATA[<table><tr><td><b>Identifier</b></td><td>FIN603</td></tr><tr><td><b>Restriction</b></td><td>Authorisation required</td></tr><tr><td><b>Reason</b></td><td>Sensitive</td></tr><tr><td><b>Upper limit</b></td><td>150 m AGL</td></tr><tr><td><b>Lower limit</b></td><td>not given</td></tr><tr><td><b>Valid</b></td><td>2024-11-30 to 2027-04-20, any day</td></tr></table><p>Authority: <a href="https://www.droneinfo.fi/fi/uas-ilmatilavyohykkeet">Traficom</a></p>]]></description><Polygon><tessellate>1</tessellate><outerBoundaryIs><LinearRing><coordinates>21.582778,60.847222,0 21.587222,60.840278,0 21.589722,60.839722,0 21.590556,60.838333,0 21.592500,60.835278,0 21.594444,60.832222,0 21.593333,60.830833,0 21.592222,60.830833,0 21.592222,60.830000,0 21.591667,60.829722,0 21.591111,60.829444,0 21.590000,60.829722,0 21.589444,60.829722,0 21.588889,60.830278,0 21.589167,60.830833,0 21.589167,60.830833,0 21.585556,60.836944,0 21.584167,60.838889,0 21.583333,60.840278,0 21.583056,60.840556,0 21.582778,60.841111,0 21.582500,60.841389,0 21.582222,60.841944,0 21.579167,60.846111,0 21.582778,60.847222,0</coordinates></LinearRing></outerBoundaryIs></Polygon></Placemark>
<Placemark><name>FIN604 Kalannin aurinkopuisto UAS 2</name><styleUrl>#REQ_AUTHORISATION</styleUrl><description><![CDATA[<table><tr><td><b>Identifier</b></td><td>FIN604</td></tr><tr><td><b>Restriction</b></td><td>Authorisation required</td></tr><tr><td><b>Reason</b></td><td>Sensitive</td></tr><tr><td><b>Upper limit</b></td><td>150 m AGL</td></tr><tr><td><b>Lower limit</b></td><td>not given</td></tr><tr><td><b>Valid</b></td><td>2024-11-30 to 2027-04-20, any day</td></tr></table><p>Authority: <a href="https://www.droneinfo.fi/fi/uas-ilmatilavyohykkeet">Traficom</a></p>]]></description><Polygon><tessellate>1</tessellate><outerBoundaryIs><LinearRing><coordinates>21.576944,60.838056,0 21.583056,60.829167,0 21.582500,60.829167,0 21.581111,60.829444,0 21.580556,60.829444,0 21.578889,60.829444,0 21.574167,60.832778,0 21.574444,60.833056,0 21.574167,60.833889,0 21.575556,60.835278,0 21.576111,60.835556,0 21.575000,60.836667,0 21.576944,60.838056,0</coordinates></LinearRing></outerBoundaryIs></Polygon></Placemark>
<Placemark><name>FIN605 Kalannin aurinkopuisto UAS 3</name><styleUrl>#REQ_AUTHORISATION</styleUrl><description><![CDATA[<table><tr><td><b>Identifier</b></td><td>FIN605</td></tr><tr><td><b>Restriction</b></td><td>Authorisation required</td></tr><tr><td><b>Reason</b></td><td>Sensitive</td></tr><tr><td><b>Upper limit</b></td><td>150 m AGL</td></tr><tr><td><b>Lower limit</b></td><td>not given</td></tr><tr><td><b>Valid</b></td><td>2024-11-30 to 2027-04-20, any day</td></tr></table><p>Authority: <a href="https://www.droneinfo.fi/fi/uas-ilmatilavyohykkeet">Traficom</a></p>]]></description><Polygon><tessellate>1</tessellate><outerBoundaryIs><LinearRing><coordinates>21.592778,60.824444,0 21.593611,60.822500,0 21.595278,60.820833,0 21.593056,60.820278,0 21.594167,60.819167,0 21.599722,60.820556,0 21.600833,60.819444,0 21.606111,60.820833,0 21.606944,60.819722,0 21.607222,60.818889,0 21.605278,60.818056,0 21.608889,60.815833,0 21.609167,60.815556,0 21.609722,60.815833,0 21.610278,60.815833,0 21.610556,60.815833,0 21.610833,60.816111,0 21.611389,60.816111,0 21.611389,60.815278,0 21.611111,60.814444,0 21.610833,60.813889,0 21.610833,60.813611,0 21.607222,60.810000,0 21.602500,60.809444,0 21.599167,60.811111,0 21.594444,60.813056,0 21.586389,60.817222,0 21.585278,60.817778,0 21.583056,60.818889,0 21.581944,60.818333,0 21.581667,60.818333,0 21.581389,60.818333,0 21.576389,60.819167,0 21.578056,60.819722,0 21.577500,60.820000,0 21.580000,60.820278,0 21.581389,60.820556,0 21.579444,60.822500,0 21.583056,60.823611,0 21.584444,60.822778,0 21.592778,60.824444,0</coordinates></LinearRing></outerBoundaryIs></Polygon></Placemark>
<Placemark><name>FIN606 Kalannin aurinkopuisto UAS 4</name><styleUrl>#REQ_AUTHORISATION</styleUrl><description><![CDATA[<table><tr><td><b>Identifier</b></td><td>FIN606</td></tr><tr><td><b>Restriction</b></td><td>Authorisation required</td></tr><tr><td><b>Reason</b></td><td>Sensitive</td></tr><tr><td><b>Upper limit</b></td><td>150 m AGL</td></tr><tr><td><b>Lower limit</b></td><td>not given</td></tr><tr><td><b>Valid</b></td><td>2024-11-30 to 2027-04-20, any day</td></tr></table><p>Authority: <a href="https://www.droneinfo.fi/fi/uas-ilmatilavyohykkeet">Traficom</a></p>]]></description><Polygon><tessellate>1</tessellate><outerBoundaryIs><LinearRing><coordinates>21.597500,60.839444,0 21.599444,60.836944,0 21.595833,60.836667,0 21.596111,60.836111,0 21.594722,60.835833,0 21.594444,60.835833,0 21.594167,60.836111,0 21.592778,60.836667,0 21.591667,60.837500,0 21.593056,60.838333,0 21.593889,60.838333,0 21.594722,60.838056,0 21.597500,60.839444,0</coordinates></LinearRing></outerBoundaryIs></Polygon></Placemark>
<Placemark><name>FIN607 Vaasan satama-alue Vaskiluoto UAS</name><styleUrl>#REQ_AUTHORISATION</styleUrl><description><![CDATA[<table><tr><td><b>Identifier</b></td><td>FIN607</td></tr><tr><td><b>Restriction</b></td><td>Authorisation required</td></tr><tr><td><b>Reason</b></td><td>Sensitive</td></tr><tr><td><b>Upper limit</b></td><td>150 m AGL</td></tr><tr><td><b>Lower limit</b></td><td>not given</td></tr><tr><td><b>Valid</b></td><td>2024-11-30 to 2050-04-20, any day</td></tr></table><p>Authority: <a href="https://www.droneinfo.fi/fi/uas-ilmatilavyohykkeet">Traficom</a></p>]]></description><Polygon><tessellate>1</tessellate><outerBoundaryIs><LinearRing><coordinates>21.545000,63.091944,0 21.563056,63.092500,0 21.563611,63.090833,0 21.572222,63.091111,0 21.572500,63.086944,0 21.575278,63.085278,0 21.576111,63.082500,0 21.569444,63.082500,0 21.567222,63.081111,0 21.544167,63.085833,0 21.545000,63.091944,0</coordinates></LinearRing></outerBoundaryIs></Polygon></Placemark>
<Placemark><name>FIN608 Harjavallan vedyn tuotantolaitos UAS</name><styleUrl>#REQ_AUTHORISATION</styleUrl><description><![CDATA[<table><tr><td><b>Identifier</b></td><td>FIN608</td></tr><tr><td><b>Restriction</b></td><td>Authorisation required</td></tr><tr><td><b>Reason</b></td><td>Sensitive</td></tr><tr><td><b>Upper limit</b></td><td>150 m AGL</td></tr><tr><td><b>Lower limit</b></td><td>not given</td></tr><tr><td><b>Valid</b></td><td>2024-12-01 to 2027-04-20, any day</td></tr></table><p>Authority: <a href="https://www.droneinfo.fi/fi/uas-ilmatilavyohykkeet">Traficom</a></p>]]></description><Polygon><tessellate>1</tessellate><outerBoundaryIs><LinearRing><coordinates>22.100833,61.323056,0 22.102500,61.322500,0 22.101111,61.321389,0 22.099722,61.319722,0 22.095833,61.321111,0 22.098889,61.322222,0 22.100833,61.323056,0</coordinates></LinearRing></outerBoundaryIs></Polygon></Placemark>
<Placemark><name>FIN609 Helsinki Shipyard UAS</name><styleUrl>#REQ_AUTHORISATION</styleUrl><description><![CDATA[<table><tr><td><b>Identifier</b></td><td>FIN609</td></tr><tr><td><b>Restriction</b></td><td>Authorisation required</td></tr><tr><td><b>Reason</b></td><td>Sensitive</td></tr><tr><td><b>Upper limit</b></td><td>120 m AGL</td></tr><tr><td><b>Lower limit</b></td><td>not given</td></tr><tr><td><b>Valid</b></td><td>2024-12-31 to 2050-04-17, any day</td></tr></table><p>Authority: <a href="https://www.droneinfo.fi/fi/uas-ilmatilavyohykkeet">Traficom</a></p>]]></description><Polygon><tessellate>1</tessellate><outerBoundaryIs><LinearRing><coordinates>24.930000,60.160000,0 24.931389,60.157500,0 24.929444,60.156944,0 24.930833,60.154444,0 24.929167,60.154167,0 24.925556,60.154444,0 24.926389,60.156389,0 24.924167,60.157778,0 24.925833,60.159444,0 24.930000,60.160000,0</coordinates></LinearRing></outerBoundaryIs></Polygon></Placemark>
<Placemark><name>FIN610 Tampereen pääpoliisiasema UAS</name><styleUrl>#REQ_AUTHORISATION</styleUrl><description><![CDATA[<table><tr><td><b>Identifier</b></td><td>FIN610</td></tr><tr><td><b>Restriction</b></td><td>Authorisation required</td></tr><tr><td><b>Reason</b></td><td>Sensitive</td></tr><tr><td><b>Upper limit</b></td><td>200 m AGL</td></tr><tr><td><b>Lower limit</b></td><td>not given</td></tr><tr><td><b>Valid</b></td><td>2024-04-17 to 2027-04-17, any day</td></tr></table><p>Authority: <a href="https://www.droneinfo.fi/fi/uas-ilmatilavyohykkeet">Traficom</a></p>]]></description><Polygon><tessellate>1</tessellate><outerBoundaryIs><LinearRing><coordinates>23.770556,61.493611,0 23.772222,61.493889,0 23.772222,61.493333,0 23.773611,61.493056,0 23.773611,61.491667,0 23.772778,61.491667,0 23.772222,61.493056,0 23.770833,61.493056,0 23.770556,61.493611,0</coordinates></LinearRing></outerBoundaryIs></Polygon></Placemark>
<Placemark><name>FIN611 Kokkolan Energia K UAS</name><styleUrl>#REQ_AUTHORISATION</styleUrl><description><![CDATA[<table><tr><td><b>Identifier</b></td><td>FIN611</td></tr><tr><td><b>Restriction</b></td><td>Authorisation required</td></tr><tr><td><b>Reason</b></td><td>Sensitive</td></tr><tr><td><b>Upper limit</b></td><td>120 m AGL</td></tr><tr><td><b>Lower limit</b></td><td>not given</td></tr><tr><td><b>Valid</b></td><td>2025-01-15 to 2050-04-20, any day</td></tr></table><p>Authority: <a href="https://www.droneinfo.fi/fi/uas-ilmatilavyohykkeet">Traficom</a></p>]]></description><Polygon><tessellate>1</tessellate><outerBoundaryIs><LinearRing><coordinates>23.113056,63.834444,0 23.116667,63.834167,0 23.114444,63.833056,0 23.111667,63.833333,0 23.113056,63.834444,0</coordinates></LinearRing></outerBoundaryIs></Polygon></Placemark>
<Placemark><name>FIN612 Kokkolan Energiaverkot S1 UAS</name><styleUrl>#REQ_AUTHORISATION</styleUrl><description><![CDATA[<table><tr><td><b>Identifier</b></td><td>FIN612</td></tr><tr><td><b>Restriction</b></td><td>Authorisation required</td></tr><tr><td><b>Reason</b></td><td>Sensitive</td></tr><tr><td><b>Upper limit</b></td><td>120 m AGL</td></tr><tr><td><b>Lower limit</b></td><td>not given</td></tr><tr><td><b>Valid</b></td><td>2025-01-15 to 2050-04-20, any day</td></tr></table><p>Authority: <a href="https://www.droneinfo.fi/fi/uas-ilmatilavyohykkeet">Traficom</a></p>]]></description><Polygon><tessellate>1</tessellate><outerBoundaryIs><LinearRing><coordinates>23.046944,63.851667,0 23.048333,63.851667,0 23.048056,63.850833,0 23.046667,63.851111,0 23.046944,63.851667,0</coordinates></LinearRing></outerBoundaryIs></Polygon></Placemark>
<Placemark><name>FIN613 Kokkolan Energiaverkot S2 UAS</name><styleUrl>#REQ_AUTHORISATION</styleUrl><description><![CDATA[<table><tr><td><b>Identifier</b></td><td>FIN613</td></tr><tr><td><b>Restriction</b></td><td>Authorisation required</td></tr><tr><td><b>Reason</b></td><td>Sensitive</td></tr><tr><td><b>Upper limit</b></td><td>120 m AGL</td></tr><tr><td><b>Lower limit</b></td><td>not given</td></tr><tr><td><b>Valid</b></td><td>2025-01-15 to 2050-04-20, any day</td></tr></table><p>Authority: <a href="https://www.droneinfo.fi/fi/uas-ilmatilavyohykkeet">Traficom</a></p>]]></description><Polygon><tessellate>1</tessellate><outerBoundaryIs><LinearRing><coordinates>23.033333,63.848611,0 23.034444,63.848333,0 23.033889,63.847778,0 23.032778,63.848056,0 23.033333,63.848611,0</coordinates></LinearRing></outerBoundaryIs></Polygon></Placemark>
<Placemark><name>FIN614 Kokkolan Energiaverkot S3 UAS</name><styleUrl>#REQ_AUTHORISATION</styleUrl><description><![CDATA[<table><tr><td><b>Identifier</b></td><td>FIN614</td></tr><tr><td><b>Restriction</b></td><td>Authorisation required</td></tr><tr><td><b>Reason</b></td><td>Sensitive</td></tr><tr><td><b>Upper limit</b></td><td>120 m AGL</td></tr><tr><td><b>Lower limit</b></td><td>not given</td></tr><tr><td><b>Valid</b></td><td>2025-01-15 to 2050-04-20, any day</td></tr></table><p>Authority: <a href="https://www.droneinfo.fi/fi/uas-ilmatilavyohykkeet">Traficom</a></p>]]></description><Polygon><tessellate>1</tessellate><outerBoundaryIs><LinearRing><coordinates>23.191667,63.835833,0 23.192500,63.835556,0 23.191667,63.835278,0 23.190833,63.835556,0 23.191667,63.835833,0</coordinates></LinearRing></outerBoundaryIs></Polygon></Placemark>
<Placemark><name>FIN615 Kokkolan Energia V1 UAS</name><styleUrl>#REQ_AUTHORISATION</styleUrl><description><![CDATA[<table><tr><td><b>Identifier</b></td><td>FIN615</td></tr><tr><td><b>Restriction</b></td><td>Authorisation required</td></tr><tr><td><b>Reason</b></td><td>Sensitive</td></tr><tr><td><b>Upper limit</b></td><td>120 m AGL</td></tr><tr><td><b>Lower limit</b></td><td>not given</td></tr><tr><td><b>Valid</b></td><td>2025-01-15 to 2050-04-20, any day</td></tr></table><p>Authority: <a href="https://www.droneinfo.fi/fi/uas-ilmatilavyohykkeet">Traficom</a></p>]]></description><Polygon><tessellate>1</tessellate><outerBoundaryIs><LinearRing><coordinates>23.052500,63.850833,0 23.057222,63.849722,0 23.055556,63.847222,0 23.054444,63.847500,0 23.053333,63.845833,0 23.051389,63.846389,0 23.051389,63.846667,0 23.049167,63.847222,0 23.052500,63.850833,0</coordinates></LinearRing></outerBoundaryIs></Polygon></Placemark>
<Placemark><name>FIN616  Kokkolan Energia V2 UAS</name><styleUrl>#REQ_AUTHORISATION</styleUrl><description><![CDATA[<table><tr><td><b>Identifier</b></td><td>FIN616</td></tr><tr><td><b>Restriction</b></td><td>Authorisation required</td></tr><tr><td><b>Reason</b></td><td>Sensitive</td></tr><tr><td><b>Upper limit</b></td><td>120 m AGL</td></tr><tr><td><b>Lower limit</b></td><td>not given</td></tr><tr><td><b>Valid</b></td><td>2025-01-15 to 2050-04-20, any day</td></tr></table><p>Authority: <a href="https://www.droneinfo.fi/fi/uas-ilmatilavyohykkeet">Traficom</a></p>]]></description><Polygon><tessellate>1</tessellate><outerBoundaryIs><LinearRing><coordinates>23.043056,63.860278,0 23.046111,63.859444,0 23.046389,63.859722,0 23.048889,63.859167,0 23.047778,63.857778,0 23.041944,63.858889,0 23.043056,63.860278,0</coordinates></LinearRing></outerBoundaryIs></Polygon></Placemark>
<Placemark><name>FIN617 Kokkolan Energia L1 UAS</name><styleUrl>#REQ_AUTHORISATION</styleUrl><description><![CDATA[<table><tr><td><b>Identifier</b></td><td>FIN617</td></tr><tr><td><b>Restriction</b></td><td>Authorisation required</td></tr><tr><td><b>Reason</b></td><td>Sensitive</td></tr><tr><td><b>Upper limit</b></td><td>120 m AGL</td></tr><tr><td><b>Lower limit</b></td><td>not given</td></tr><tr><td><b>Valid</b></td><td>2025-01-15 to 2050-04-20, any day</td></tr></table><p>Authority: <a href="https://www.droneinfo.fi/fi/uas-ilmatilavyohykkeet">Traficom</a></p>]]></description><Polygon><tessellate>1</tessellate><outerBoundaryIs><LinearRing><coordinates>23.115000,63.832222,0 23.116111,63.832222,0 23.116389,63.831944,0 23.115833,63.831389,0 23.113611,63.831667,0 23.114167,63.832222,0 23.115000,63.832222,0</coordinates></LinearRing></outerBoundaryIs></Polygon></Placemark>
<Placemark><name>FIN618 Kokkolan Energia L2 UAS</name><styleUrl>#REQ_AUTHORISATION</styleUrl><description><![CDATA[<table><tr><td><b>Identifier</b></td><td>FIN618</td></tr><tr><td><b>Restriction</b></td><td>Authorisation required</td></tr><tr><td><b>Reason</b></td><td>Sensitive</td></tr><tr><td><b>Upper limit</b></td><td>120 m AGL</td></tr><tr><td><b>Lower limit</b></td><td>not given</td></tr><tr><td><b>Valid</b></td><td>2025-01-15 to 2050-04-20, any day</td></tr></table><p>Authority: <a href="https://www.droneinfo.fi/fi/uas-ilmatilavyohykkeet">Traficom</a></p>]]></description><Polygon><tessellate>1</tessellate><outerBoundaryIs><LinearRing><coordinates>23.064167,63.827500,0 23.065000,63.826944,0 23.063611,63.826667,0 23.063056,63.827222,0 23.064167,63.827500,0</coordinates></LinearRing></outerBoundaryIs></Polygon></Placemark>
<Placemark><name>FIN619 Kokkolan Energia L3 UAS</name><styleUrl>#REQ_AUTHORISATION</styleUrl><description><![CDATA[<table><tr><td><b>Identifier</b></td><td>FIN619</td></tr><tr><td><b>Restriction</b></td><td>Authorisation required</td></tr><tr><td><b>Reason</b></td><td>Sensitive</td></tr><tr><td><b>Upper limit</b></td><td>120 m AGL</td></tr><tr><td><b>Lower limit</b></td><td>not given</td></tr><tr><td><b>Valid</b></td><td>2025-01-15 to 2050-04-20, any day</td></tr></table><p>Authority: <a href="https://www.droneinfo.fi/fi/uas-ilmatilavyohykkeet">Traficom</a></p>]]></description><Polygon><tessellate>1</tessellate><outerBoundaryIs><LinearRing><coordinates>23.454444,63.858333,0 23.454722,63.858056,0 23.454167,63.857500,0 23.452778,63.858056,0 23.454444,63.858333,0 23.454444,63.858333,0</coordinates></LinearRing></outerBoundaryIs></Polygon></Placemark>
<Placemark><name>FIN620  Kokkolan Energiaverkot LNG-T UAS</name><styleUrl>#REQ_AUTHORISATION</styleUrl><description><![CDATA[<table><tr><td><b>Identifier</b></td><td>FIN620</td></tr><tr><td><b>Restriction</b></td><td>Authorisation required</td></tr><tr><td><b>Reason</b></td><td>Sensitive</td></tr><tr><td><b>Upper limit</b></td><td>120 m AGL</td></tr><tr><td><b>Lower limit</b></td><td>not given</td></tr><tr><td><b>Valid</b></td><td>2025-01-15 to 2050-04-20, any day</td></tr></table><p>Authority: <a href="https://www.droneinfo.fi/fi/uas-ilmatilavyohykkeet">Traficom</a></p>]]></description><Polygon><tessellate>1</tessellate><outerBoundaryIs><LinearRing><coordinates>23.059444,63.849444,0 23.060833,63.849444,0 23.061111,63.847778,0 23.061389,63.846667,0 23.058889,63.846667,0 23.058611,63.848056,0 23.059444,63.849444,0</coordinates></LinearRing></outerBoundaryIs></Polygon></Placemark>
<Placemark><name>FIN621 TSE Naantali 1 UAS</name><styleUrl>#REQ_AUTHORISATION</styleUrl><description><![CDATA[<table><tr><td><b>Identifier</b></td><td>FIN621</td></tr><tr><td><b>Restriction</b></td><td>Authorisation required</td></tr><tr><td><b>Reason</b></td><td>Sensitive</td></tr><tr><td><b>Upper limit</b></td><td>120 m AGL</td></tr><tr><td><b>Lower limit</b></td><td>not given</td></tr><tr><td><b>Valid</b></td><td>2025-01-24 to 2050-04-20, any day</td></tr></table><p>Authority: <a href="https://www.droneinfo.fi/fi/uas-ilmatilavyohykkeet">Traficom</a></p>]]></description><Polygon><tessellate>1</tessellate><outerBoundaryIs><LinearRing><coordinates>22.059444,60.464167,0 22.061111,60.463056,0 22.061111,60.461667,0 22.058611,60.460278,0 22.058889,60.459722,0 22.060000,60.458056,0 22.059167,60.458056,0 22.058333,60.457778,0 22.057500,60.457222,0 22.055833,60.457222,0 22.055000,60.456944,0 22.053889,60.456944,0 22.052222,60.457500,0 22.049722,60.457778,0 22.049722,60.458611,0 22.047778,60.460556,0 22.048333,60.460833,0 22.050833,60.461389,0 22.052778,60.461944,0 22.054167,60.462222,0 22.056389,60.463333,0 22.058056,60.463611,0 22.059444,60.464167,0</coordinates></LinearRing></outerBoundaryIs></Polygon></Placemark>
<Placemark><name>FIN622 TSE Naantali 2 UAS</name><styleUrl>#REQ_AUTHORISATION</styleUrl><description><![CDATA[<table><tr><td><b>Identifier</b></td><td>FIN622</td></tr><tr><td><b>Restriction</b></td><td>Authorisation required</td></tr><tr><td><b>Reason</b></td><td>Sensitive</td></tr><tr><td><b>Upper limit</b></td><td>120 m AGL</td></tr><tr><td><b>Lower limit</b></td><td>not given</td></tr><tr><td><b>Valid</b></td><td>2025-01-24 to 2050-04-20, any day</td></tr></table><p>Authority: <a href="https://www.droneinfo.fi/fi/uas-ilmatilavyohykkeet">Traficom</a></p>]]></description><Polygon><tessellate>1</tessellate><outerBoundaryIs><LinearRing><coordinates>22.047500,60.463889,0 22.047500,60.463056,0 22.047778,60.462778,0 22.048056,60.462500,0 22.048611,60.461667,0 22.049722,60.461944,0 22.050278,60.461667,0 22.050556,60.461667,0 22.048056,60.461111,0 22.047500,60.460833,0 22.047222,60.460833,0 22.046667,60.461111,0 22.045833,60.461667,0 22.046389,60.462222,0 22.046667,60.463056,0 22.046667,60.463889,0 22.046944,60.463889,0 22.047500,60.463889,0</coordinates></LinearRing></outerBoundaryIs></Polygon></Placemark>
<Placemark><name>FIN623 TSE Naantali 3 UAS</name><styleUrl>#REQ_AUTHORISATION</styleUrl><description><![CDATA[<table><tr><td><b>Identifier</b></td><td>FIN623</td></tr><tr><td><b>Restriction</b></td><td>Authorisation required</td></tr><tr><td><b>Reason</b></td><td>Sensitive</td></tr><tr><td><b>Upper limit</b></td><td>120 m AGL</td></tr><tr><td><b>Lower limit</b></td><td>not given</td></tr><tr><td><b>Valid</b></td><td>2025-01-24 to 2050-04-20, any day</td></tr></table><p>Authority: <a href="https://www.droneinfo.fi/fi/uas-ilmatilavyohykkeet">Traficom</a></p>]]></description><Polygon><tessellate>1</tessellate><outerBoundaryIs><LinearRing><coordinates>22.053056,60.465556,0 22.055000,60.463056,0 22.053611,60.462500,0 22.052500,60.462222,0 22.051944,60.461944,0 22.051111,60.461944,0 22.051111,60.462500,0 22.050278,60.463333,0 22.049444,60.464167,0 22.049722,60.464167,0 22.050556,60.464444,0 22.050833,60.465000,0 22.053056,60.465556,0</coordinates></LinearRing></outerBoundaryIs></Polygon></Placemark>
<Placemark><name>FIN624 TSE Naantali 4 UAS</name><styleUrl>#REQ_AUTHORISATION</styleUrl><description><![CDATA[<table><tr><td><b>Identifier</b></td><td>FIN624</td></tr><tr><td><b>Restriction</b></td><td>Authorisation required</td></tr><tr><td><b>Reason</b></td><td>Sensitive</td></tr><tr><td><b>Upper limit</b></td><td>120 m AGL</td></tr><tr><td><b>Lower limit</b></td><td>not given</td></tr><tr><td><b>Valid</b></td><td>2025-01-24 to 2050-04-20, any day</td></tr></table><p>Authority: <a href="https://www.droneinfo.fi/fi/uas-ilmatilavyohykkeet">Traficom</a></p>]]></description><Polygon><tessellate>1</tessellate><outerBoundaryIs><LinearRing><coordinates>22.059167,60.458056,0 22.059722,60.458056,0 22.060278,60.457500,0 22.060278,60.457222,0 22.060278,60.456389,0 22.058333,60.455000,0 22.055556,60.455000,0 22.054167,60.456111,0 22.054444,60.456389,0 22.055278,60.456667,0 22.055556,60.456944,0 22.055833,60.456944,0 22.057500,60.457222,0 22.058611,60.457500,0 22.059167,60.458056,0 22.059167,60.458056,0</coordinates></LinearRing></outerBoundaryIs></Polygon></Placemark>
<Placemark><name>FIN625 TSE Naantali 5 UAS</name><styleUrl>#REQ_AUTHORISATION</styleUrl><description><![CDATA[<table><tr><td><b>Identifier</b></td><td>FIN625</td></tr><tr><td><b>Restriction</b></td><td>Authorisation required</td></tr><tr><td><b>Reason</b></td><td>Sensitive</td></tr><tr><td><b>Upper limit</b></td><td>120 m AGL</td></tr><tr><td><b>Lower limit</b></td><td>not given</td></tr><tr><td><b>Valid</b></td><td>2025-01-24 to 2050-04-20, any day</td></tr></table><p>Authority: <a href="https://www.droneinfo.fi/fi/uas-ilmatilavyohykkeet">Traficom</a></p>]]></description><Polygon><tessellate>1</tessellate><outerBoundaryIs><LinearRing><coordinates>22.055833,60.457222,0 22.055833,60.456944,0 22.055556,60.456944,0 22.055278,60.456667,0 22.053889,60.456944,0 22.055000,60.456944,0 22.055833,60.457222,0</coordinates></LinearRing></outerBoundaryIs></Polygon></Placemark>
<Placemark><name>FIN626 Metsä Group Rauman tehdas UAS</name><styleUrl>#REQ_AUTHORISATION</styleUrl><description><![CDATA[<table><tr><td><b>Identifier</b></td><td>FIN626</td></tr><tr><td><b>Restriction</b></td><td>Authorisation required</td></tr><tr><td><b>Reason</b></td><td>Sensitive</td></tr><tr><td><b>Upper limit</b></td><td>150 m AGL</td></tr><tr><td><b>Lower limit</b></td><td>not given</td></tr><tr><td><b>Valid</b></td><td>2025-01-31 to 2050-04-20, any day</td></tr></table><p>Authority: <a href="https://www.droneinfo.fi/fi/uas-ilmatilavyohykkeet">Traficom</a></p>]]></description><Polygon><tessellate>1</tessellate><outerBoundaryIs><LinearRing><coordinates>21.468333,61.118056,0 21.479167,61.114167,0 21.491667,61.112778,0 21.483056,61.109167,0 21.469722,61.110000,0 21.466667,61.109722,0 21.465000,61.108889,0 21.461667,61.107778,0 21.449722,61.107500,0 21.445833,61.110833,0 21.442778,61.114167,0 21.468333,61.118056,0</coordinates></LinearRing></outerBoundaryIs></Polygon></Placemark>
<Placemark><name>FIN627 Inkoon satama UAS</name><styleUrl>#REQ_AUTHORISATION</styleUrl><description><![CDATA[<table><tr><td><b>Identifier</b></td><td>FIN627</td></tr><tr><td><b>Restriction</b></td><td>Authorisation required</td></tr><tr><td><b>Reason</b></td><td>Sensitive</td></tr><tr><td><b>Upper limit</b></td><td>150 m AGL</td></tr><tr><td><b>Lower limit</b></td><td>not given</td></tr><tr><td><b>Valid</b></td><td>2025-04-16 to 2027-03-20, any day</td></tr></table><p>Authority: <a href="https://www.droneinfo.fi/fi/uas-ilmatilavyohykkeet">Traficom</a></p>]]></description><Polygon><tessellate>1</tessellate><outerBoundaryIs><LinearRing><coordinates>23.934444,60.036667,0 23.965556,60.030278,0 23.971667,60.020278,0 23.970000,60.008056,0 23.962778,60.007778,0 23.935000,60.010556,0 23.905556,60.014167,0 23.902500,60.015556,0 23.901944,60.020000,0 23.901944,60.020000,0 23.903056,60.021944,0 23.903889,60.023611,0 23.904722,60.025278,0 23.902778,60.026111,0 23.899444,60.027500,0 23.897222,60.028333,0 23.896111,60.028611,0 23.899722,60.029722,0 23.903333,60.030833,0 23.908611,60.032500,0 23.912778,60.033889,0 23.915833,60.035000,0 23.927778,60.035278,0 23.931389,60.035278,0 23.934444,60.036667,0</coordinates></LinearRing></outerBoundaryIs></Polygon></Placemark>
<Placemark><name>FIN628 Millog Lyly</name><styleUrl>#REQ_AUTHORISATION</styleUrl><description><![CDATA[<table><tr><td><b>Identifier</b></td><td>FIN628</td></tr><tr><td><b>Restriction</b></td><td>Authorisation required</td></tr><tr><td><b>Reason</b></td><td>Sensitive</td></tr><tr><td><b>Upper limit</b></td><td>150 m AGL</td></tr><tr><td><b>Lower limit</b></td><td>not given</td></tr><tr><td><b>Valid</b></td><td>2025-04-16 to 2027-04-20, any day</td></tr></table><p>Authority: <a href="https://www.droneinfo.fi/fi/uas-ilmatilavyohykkeet">Traficom</a></p>]]></description><Polygon><tessellate>1</tessellate><outerBoundaryIs><LinearRing><coordinates>24.429167,61.911667,0 24.486667,61.912778,0 24.488889,61.885556,0 24.431389,61.884722,0 24.429167,61.911667,0</coordinates></LinearRing></outerBoundaryIs></Polygon></Placemark>
<Placemark><name>FIN629 Ilmajoki UAS</name><styleUrl>#REQ_AUTHORISATION</styleUrl><description><![CDATA[<table><tr><td><b>Identifier</b></td><td>FIN629</td></tr><tr><td><b>Restriction</b></td><td>Authorisation required</td></tr><tr><td><b>Reason</b></td><td>Sensitive</td></tr><tr><td><b>Upper limit</b></td><td>1000 ft AMSL</td></tr><tr><td><b>Lower limit</b></td><td>not given</td></tr><tr><td><b>Valid</b></td><td>2025-04-16 to 2027-04-20, any day</td></tr></table><p>Authority: <a href="https://www.droneinfo.fi/fi/uas-ilmatilavyohykkeet">Traficom</a></p>]]></description><Polygon><tessellate>1</tessellate><outerBoundaryIs><LinearRing><coordinates>22.591111,62.726111,0 22.591389,62.714722,0 22.578611,62.712222,0 22.573889,62.723333,0 22.591111,62.726111,0</coordinates></LinearRing></outerBoundaryIs></Polygon></Placemark>
<Placemark><name>FIN630 Tuomikylä UAS</name><styleUrl>#REQ_AUTHORISATION</styleUrl><description><![CDATA[<table><tr><td><b>Identifier</b></td><td>FIN630</td></tr><tr><td><b>Restriction</b></td><td>Authorisation required</td></tr><tr><td><b>Reason</b></td><td>Sensitive</td></tr><tr><td><b>Upper limit</b></td><td>1000 ft AMSL</td></tr><tr><td><b>Lower limit</b></td><td>not given</td></tr><tr><td><b>Valid</b></td><td>2025-04-16 to 2027-04-20, any day</td></tr></table><p>Authority: <a href="https://www.droneinfo.fi/fi/uas-ilmatilavyohykkeet">Traficom</a></p>]]></description><Polygon><tessellate>1</tessellate><outerBoundaryIs><LinearRing><coordinates>22.662500,62.756111,0 22.675000,62.743611,0 22.653056,62.742222,0 22.641944,62.739722,0 22.634444,62.743611,0 22.662500,62.756111,0</coordinates></LinearRing></outerBoundaryIs></Polygon></Placemark>
<Placemark><name>FIN631 Millog Lievestuore</name><styleUrl>#REQ_AUTHORISATION</styleUrl><description><![CDATA[<table><tr><td><b>Identifier</b></td><td>FIN631</td></tr><tr><td><b>Restriction</b></td><td>Authorisation required</td></tr><tr><td><b>Reason</b></td><td>Sensitive</td></tr><tr><td><b>Upper limit</b></td><td>150 m AGL</td></tr><tr><td><b>Lower limit</b></td><td>not given</td></tr><tr><td><b>Valid</b></td><td>2025-04-16 to 2027-04-20, any day</td></tr></table><p>Authority: <a href="https://www.droneinfo.fi/fi/uas-ilmatilavyohykkeet">Traficom</a></p>]]></description><Polygon><tessellate>1</tessellate><outerBoundaryIs><LinearRing><coordinates>26.154722,62.265833,0 26.161667,62.254444,0 26.125278,62.248611,0 26.119722,62.260000,0 26.154722,62.265833,0</coordinates></LinearRing></outerBoundaryIs></Polygon></Placemark>
<Placemark><name>FIN632 Tupavuoren säiliöalue UAS</name><styleUrl>#REQ_AUTHORISATION</styleUrl><description><![CDATA[<table><tr><td><b>Identifier</b></td><td>FIN632</td></tr><tr><td><b>Restriction</b></td><td>Authorisation required</td></tr><tr><td><b>Reason</b></td><td>Sensitive</td></tr><tr><td><b>Upper limit</b></td><td>150 m AGL</td></tr><tr><td><b>Lower limit</b></td><td>not given</td></tr><tr><td><b>Valid</b></td><td>2025-04-16 to 2027-04-20, any day</td></tr></table><p>Authority: <a href="https://www.droneinfo.fi/fi/uas-ilmatilavyohykkeet">Traficom</a></p>]]></description><Polygon><tessellate>1</tessellate><outerBoundaryIs><LinearRing><coordinates>22.071944,60.461667,0 22.102778,60.452778,0 22.103889,60.445833,0 22.089167,60.443889,0 22.058611,60.455833,0 22.071944,60.461667,0</coordinates></LinearRing></outerBoundaryIs></Polygon></Placemark>
<Placemark><name>FIN633 Millog Orivesi</name><styleUrl>#REQ_AUTHORISATION</styleUrl><description><![CDATA[<table><tr><td><b>Identifier</b></td><td>FIN633</td></tr><tr><td><b>Restriction</b></td><td>Authorisation required</td></tr><tr><td><b>Reason</b></td><td>Sensitive</td></tr><tr><td><b>Upper limit</b></td><td>150 m AGL</td></tr><tr><td><b>Lower limit</b></td><td>not given</td></tr><tr><td><b>Valid</b></td><td>2025-04-16 to 2027-04-20, any day</td></tr></table><p>Authority: <a href="https://www.droneinfo.fi/fi/uas-ilmatilavyohykkeet">Traficom</a></p>]]></description><Polygon><tessellate>1</tessellate><outerBoundaryIs><LinearRing><coordinates>24.350556,61.692500,0 24.352222,61.688056,0 24.340556,61.684167,0 24.331944,61.689444,0 24.350556,61.692500,0</coordinates></LinearRing></outerBoundaryIs></Polygon></Placemark>
<Placemark><name>FIN634 Millog Siikakangas</name><styleUrl>#REQ_AUTHORISATION</styleUrl><description><![CDATA[<table><tr><td><b>Identifier</b></td><td>FIN634</td></tr><tr><td><b>Restriction</b></td><td>Authorisation required</td></tr><tr><td><b>Reason</b></td><td>Sensitive</td></tr><tr><td><b>Upper limit</b></td><td>150 m AGL</td></tr><tr><td><b>Lower limit</b></td><td>not given</td></tr><tr><td><b>Valid</b></td><td>2025-04-16 to 2027-04-20, any day</td></tr></table><p>Authority: <a href="https://www.droneinfo.fi/fi/uas-ilmatilavyohykkeet">Traficom</a></p>]]></description><Polygon><tessellate>1</tessellate><outerBoundaryIs><LinearRing><coordinates>24.175833,61.858056,0 24.235278,61.844444,0 24.199722,61.827500,0 24.157222,61.846944,0 24.175833,61.858056,0</coordinates></LinearRing></outerBoundaryIs></Polygon></Placemark>
<Placemark><name>FIN635 Millog Kalkku</name><styleUrl>#REQ_AUTHORISATION</styleUrl><description><![CDATA[<table><tr><td><b>Identifier</b></td><td>FIN635</td></tr><tr><td><b>Restriction</b></td><td>Authorisation required</td></tr><tr><td><b>Reason</b></td><td>Sensitive</td></tr><tr><td><b>Upper limit</b></td><td>150 m AGL</td></tr><tr><td><b>Lower limit</b></td><td>not given</td></tr><tr><td><b>Valid</b></td><td>2025-04-16 to 2027-04-20, any day</td></tr></table><p>Authority: <a href="https://www.droneinfo.fi/fi/uas-ilmatilavyohykkeet">Traficom</a></p>]]></description><Polygon><tessellate>1</tessellate><outerBoundaryIs><LinearRing><coordinates>23.568333,61.495556,0 23.578333,61.493333,0 23.581944,61.491111,0 23.575833,61.490000,0 23.564722,61.491389,0 23.560278,61.493889,0 23.568333,61.495556,0</coordinates></LinearRing></outerBoundaryIs></Polygon></Placemark>
<Placemark><name>FIN636 Itikka UAS</name><styleUrl>#REQ_AUTHORISATION</styleUrl><description><![CDATA[<table><tr><td><b>Identifier</b></td><td>FIN636</td></tr><tr><td><b>Restriction</b></td><td>Authorisation required</td></tr><tr><td><b>Reason</b></td><td>Sensitive</td></tr><tr><td><b>Upper limit</b></td><td>150 m AGL</td></tr><tr><td><b>Lower limit</b></td><td>not given</td></tr><tr><td><b>Valid</b></td><td>2025-04-16 to 2027-04-20, any day</td></tr></table><p>Authority: <a href="https://www.droneinfo.fi/fi/uas-ilmatilavyohykkeet">Traficom</a></p>]]></description><Polygon><tessellate>1</tessellate><outerBoundaryIs><LinearRing><coordinates>22.822500,62.800000,0 22.822778,62.799444,0 22.820833,62.799167,0 22.820556,62.799722,0 22.822500,62.800000,0</coordinates></LinearRing></outerBoundaryIs></Polygon></Placemark>
<Placemark><name>FIN637 Pirkkala Lennosto UAS</name><styleUrl>#REQ_AUTHORISATION</styleUrl><description><![CDATA[<table><tr><td><b>Identifier</b></td><td>FIN637</td></tr><tr><td><b>Restriction</b></td><td>Authorisation required</td></tr><tr><td><b>Reason</b></td><td>Sensitive</td></tr><tr><td><b>Upper limit</b></td><td>2000 ft AMSL</td></tr><tr><td><b>Lower limit</b></td><td>not given</td></tr><tr><td><b>Valid</b></td><td>2025-04-16 to 2027-04-20, any day</td></tr></table><p>Authority: <a href="https://www.droneinfo.fi/fi/uas-ilmatilavyohykkeet">Traficom</a></p>]]></description><Polygon><tessellate>1</tessellate><outerBoundaryIs><LinearRing><coordinates>23.652222,61.430000,0 23.655000,61.428611,0 23.647500,61.424167,0 23.657222,61.415833,0 23.663889,61.401667,0 23.648889,61.398889,0 23.633056,61.402500,0 23.628889,61.395000,0 23.598611,61.392778,0 23.558889,61.403333,0 23.558611,61.412222,0 23.558611,61.412222,0 23.577222,61.420278,0 23.611111,61.425556,0 23.638333,61.427222,0 23.652222,61.430000,0</coordinates></LinearRing></outerBoundaryIs></Polygon></Placemark>
<Placemark><name>FIN638 Vuores UAS</name><styleUrl>#REQ_AUTHORISATION</styleUrl><description><![CDATA[<table><tr><td><b>Identifier</b></td><td>FIN638</td></tr><tr><td><b>Restriction</b></td><td>Authorisation required</td></tr><tr><td><b>Reason</b></td><td>Sensitive</td></tr><tr><td><b>Upper limit</b></td><td>2000 ft AMSL</td></tr><tr><td><b>Lower limit</b></td><td>not given</td></tr><tr><td><b>Valid</b></td><td>2025-04-16 to 2027-04-20, any day</td></tr></table><p>Authority: <a href="https://www.droneinfo.fi/fi/uas-ilmatilavyohykkeet">Traficom</a></p>]]></description><Polygon><tessellate>1</tessellate><outerBoundaryIs><LinearRing><coordinates>23.758611,61.436111,0 23.773333,61.436111,0 23.780278,61.431944,0 23.774444,61.424444,0 23.768611,61.424722,0 23.768889,61.425833,0 23.760278,61.426111,0 23.756111,61.432222,0 23.758611,61.436111,0</coordinates></LinearRing></outerBoundaryIs></Polygon></Placemark>
<Placemark><name>FIN639 Aitovuori UAS</name><styleUrl>#REQ_AUTHORISATION</styleUrl><description><![CDATA[<table><tr><td><b>Identifier</b></td><td>FIN639</td></tr><tr><td><b>Restriction</b></td><td>Authorisation required</td></tr><tr><td><b>Reason</b></td><td>Sensitive</td></tr><tr><td><b>Upper limit</b></td><td>2000 ft AMSL</td></tr><tr><td><b>Lower limit</b></td><td>not given</td></tr><tr><td><b>Valid</b></td><td>2025-04-16 to 2027-04-20, any day</td></tr></table><p>Authority: <a href="https://www.droneinfo.fi/fi/uas-ilmatilavyohykkeet">Traficom</a></p>]]></description><Polygon><tessellate>1</tessellate><outerBoundaryIs><LinearRing><coordinates>23.965000,61.532500,0 23.970556,61.531389,0 23.990278,61.530833,0 23.993889,61.530000,0 23.992500,61.528889,0 23.975833,61.528056,0 23.970000,61.522222,0 23.968889,61.520000,0 23.960556,61.520278,0 23.965000,61.521389,0 23.963056,61.523056,0 23.951944,61.527222,0 23.950556,61.528889,0 23.953056,61.530556,0 23.965000,61.532500,0</coordinates></LinearRing></outerBoundaryIs></Polygon></Placemark>
<Placemark><name>FIN643 Kokkolan paloasema UAS</name><styleUrl>#REQ_AUTHORISATION</styleUrl><description><![CDATA[<table><tr><td><b>Identifier</b></td><td>FIN643</td></tr><tr><td><b>Restriction</b></td><td>Authorisation required</td></tr><tr><td><b>Reason</b></td><td>Sensitive</td></tr><tr><td><b>Upper limit</b></td><td>150 m AGL</td></tr><tr><td><b>Lower limit</b></td><td>not given</td></tr><tr><td><b>Valid</b></td><td>2025-04-15 to 2050-04-15, any day</td></tr></table><p>Authority: <a href="https://www.droneinfo.fi/fi/uas-ilmatilavyohykkeet">Traficom</a></p>]]></description><Polygon><tessellate>1</tessellate><outerBoundaryIs><LinearRing><coordinates>23.449722,63.862222,0 23.450833,63.861944,0 23.450556,63.861667,0 23.449444,63.861944,0 23.449722,63.862222,0</coordinates></LinearRing></outerBoundaryIs></Polygon></Placemark>
<Placemark><name>FIN644 NEVE 1 UAS</name><styleUrl>#REQ_AUTHORISATION</styleUrl><description><![CDATA[<table><tr><td><b>Identifier</b></td><td>FIN644</td></tr><tr><td><b>Restriction</b></td><td>Authorisation required</td></tr><tr><td><b>Reason</b></td><td>Sensitive</td></tr><tr><td><b>Upper limit</b></td><td>120 m AGL</td></tr><tr><td><b>Lower limit</b></td><td>not given</td></tr><tr><td><b>Valid</b></td><td>2025-05-29 to 2050-04-14, any day</td></tr></table><p>Authority: <a href="https://www.droneinfo.fi/fi/uas-ilmatilavyohykkeet">Traficom</a></p>]]></description><Polygon><tessellate>1</tessellate><outerBoundaryIs><LinearRing><coordinates>25.679444,66.496667,0 25.682222,66.496111,0 25.680278,66.494722,0 25.680833,66.494722,0 25.679444,66.493611,0 25.674722,66.494722,0 25.672222,66.495556,0 25.674167,66.496389,0 25.679444,66.496667,0</coordinates></LinearRing></outerBoundaryIs></Polygon></Placemark>
<Placemark><name>FIN645 NEVE 2 UAS</name><styleUrl>#REQ_AUTHORISATION</styleUrl><description><![CDATA[<table><tr><td><b>Identifier</b></td><td>FIN645</td></tr><tr><td><b>Restriction</b></td><td>Authorisation required</td></tr><tr><td><b>Reason</b></td><td>Sensitive</td></tr><tr><td><b>Upper limit</b></td><td>120 m AGL</td></tr><tr><td><b>Lower limit</b></td><td>not given</td></tr><tr><td><b>Valid</b></td><td>2025-05-29 to 2050-04-14, any day</td></tr></table><p>Authority: <a href="https://www.droneinfo.fi/fi/uas-ilmatilavyohykkeet">Traficom</a></p>]]></description><Polygon><tessellate>1</tessellate><outerBoundaryIs><LinearRing><coordinates>25.633333,66.486111,0 25.634444,66.486111,0 25.637222,66.485000,0 25.634444,66.484444,0 25.631667,66.484444,0 25.630000,66.484722,0 25.632500,66.485833,0 25.633333,66.486111,0</coordinates></LinearRing></outerBoundaryIs></Polygon></Placemark>
<Placemark><name>FIN646 NEVE 3 UAS</name><styleUrl>#REQ_AUTHORISATION</styleUrl><description><![CDATA[<table><tr><td><b>Identifier</b></td><td>FIN646</td></tr><tr><td><b>Restriction</b></td><td>Authorisation required</td></tr><tr><td><b>Reason</b></td><td>Sensitive</td></tr><tr><td><b>Upper limit</b></td><td>120 m AGL</td></tr><tr><td><b>Lower limit</b></td><td>not given</td></tr><tr><td><b>Valid</b></td><td>2025-05-29 to 2050-04-14, any day</td></tr></table><p>Authority: <a href="https://www.droneinfo.fi/fi/uas-ilmatilavyohykkeet">Traficom</a></p>]]></description><Polygon><tessellate>1</tessellate><outerBoundaryIs><LinearRing><coordinates>25.618333,66.491111,0 25.626944,66.486944,0 25.618333,66.484167,0 25.616944,66.484167,0 25.608333,66.488333,0 25.618333,66.491111,0</coordinates></LinearRing></outerBoundaryIs></Polygon></Placemark>
<Placemark><name>FIN647 NEVE 4 UAS</name><styleUrl>#REQ_AUTHORISATION</styleUrl><description><![CDATA[<table><tr><td><b>Identifier</b></td><td>FIN647</td></tr><tr><td><b>Restriction</b></td><td>Authorisation required</td></tr><tr><td><b>Reason</b></td><td>Sensitive</td></tr><tr><td><b>Upper limit</b></td><td>120 m AGL</td></tr><tr><td><b>Lower limit</b></td><td>not given</td></tr><tr><td><b>Valid</b></td><td>2025-05-29 to 2050-04-14, any day</td></tr></table><p>Authority: <a href="https://www.droneinfo.fi/fi/uas-ilmatilavyohykkeet">Traficom</a></p>]]></description><Polygon><tessellate>1</tessellate><outerBoundaryIs><LinearRing><coordinates>25.685278,66.490556,0 25.686389,66.490556,0 25.688333,66.490278,0 25.686944,66.490000,0 25.686111,66.489722,0 25.685278,66.490000,0 25.685556,66.490000,0 25.684722,66.490278,0 25.685278,66.490556,0</coordinates></LinearRing></outerBoundaryIs></Polygon></Placemark>
<Placemark><name>FIN648 NEVE 5 UAS</name><styleUrl>#REQ_AUTHORISATION</styleUrl><description><![CDATA[<table><tr><td><b>Identifier</b></td><td>FIN648</td></tr><tr><td><b>Restriction</b></td><td>Authorisation required</td></tr><tr><td><b>Reason</b></td><td>Sensitive</td></tr><tr><td><b>Upper limit</b></td><td>120 m AGL</td></tr><tr><td><b>Lower limit</b></td><td>not given</td></tr><tr><td><b>Valid</b></td><td>2025-05-29 to 2050-04-14, any day</td></tr></table><p>Authority: <a href="https://www.droneinfo.fi/fi/uas-ilmatilavyohykkeet">Traficom</a></p>]]></description><Polygon><tessellate>1</tessellate><outerBoundaryIs><LinearRing><coordinates>25.713333,66.506667,0 25.713889,66.506389,0 25.713333,66.506111,0 25.712778,66.506389,0 25.713333,66.506667,0</coordinates></LinearRing></outerBoundaryIs></Polygon></Placemark>
<Placemark><name>FIN649 NEVE 6 UAS</name><styleUrl>#REQ_AUTHORISATION</styleUrl><description><![CDATA[<table><tr><td><b>Identifier</b></td><td>FIN649</td></tr><tr><td><b>Restriction</b></td><td>Authorisation required</td></tr><tr><td><b>Reason</b></td><td>Sensitive</td></tr><tr><td><b>Upper limit</b></td><td>120 m AGL</td></tr><tr><td><b>Lower limit</b></td><td>not given</td></tr><tr><td><b>Valid</b></td><td>2025-05-29 to 2050-04-14, any day</td></tr></table><p>Authority: <a href="https://www.droneinfo.fi/fi/uas-ilmatilavyohykkeet">Traficom</a></p>]]></description><Polygon><tessellate>1</tessellate><outerBoundaryIs><LinearRing><coordinates>25.766389,66.493611,0 25.765833,66.492500,0 25.764722,66.492778,0 25.764722,66.493056,0 25.764722,66.493333,0 25.765000,66.493611,0 25.766389,66.493611,0</coordinates></LinearRing></outerBoundaryIs></Polygon></Placemark>
<Placemark><name>FIN650 NEVE 7 UAS</name><styleUrl>#REQ_AUTHORISATION</styleUrl><description><![CDATA[<table><tr><td><b>Identifier</b></td><td>FIN650</td></tr><tr><td><b>Restriction</b></td><td>Authorisation required</td></tr><tr><td><b>Reason</b></td><td>Sensitive</td></tr><tr><td><b>Upper limit</b></td><td>120 m AGL</td></tr><tr><td><b>Lower limit</b></td><td>not given</td></tr><tr><td><b>Valid</b></td><td>2025-05-29 to 2050-04-14, any day</td></tr></table><p>Authority: <a href="https://www.droneinfo.fi/fi/uas-ilmatilavyohykkeet">Traficom</a></p>]]></description><Polygon><tessellate>1</tessellate><outerBoundaryIs><LinearRing><coordinates>25.813056,66.479167,0 25.814444,66.478889,0 25.824167,66.476111,0 25.823333,66.475000,0 25.821667,66.475000,0 25.815556,66.477500,0 25.808889,66.478611,0 25.809722,66.479167,0 25.813056,66.479167,0</coordinates></LinearRing></outerBoundaryIs></Polygon></Placemark>
<Placemark><name>FIN651 NEVE 8 UAS</name><styleUrl>#REQ_AUTHORISATION</styleUrl><description><![CDATA[<table><tr><td><b>Identifier</b></td><td>FIN651</td></tr><tr><td><b>Restriction</b></td><td>Authorisation required</td></tr><tr><td><b>Reason</b></td><td>Sensitive</td></tr><tr><td><b>Upper limit</b></td><td>120 m AGL</td></tr><tr><td><b>Lower limit</b></td><td>not given</td></tr><tr><td><b>Valid</b></td><td>2025-05-29 to 2050-04-14, any day</td></tr></table><p>Authority: <a href="https://www.droneinfo.fi/fi/uas-ilmatilavyohykkeet">Traficom</a></p>]]></description><Polygon><tessellate>1</tessellate><outerBoundaryIs><LinearRing><coordinates>25.649444,66.513889,0 25.650556,66.513611,0 25.650278,66.513333,0 25.649444,66.513333,0 25.648889,66.513611,0 25.649444,66.513889,0</coordinates></LinearRing></outerBoundaryIs></Polygon></Placemark>
<Placemark><name>FIN652 NEVE 9 UAS</name><styleUrl>#REQ_AUTHORISATION</styleUrl><description><![CDATA[<table><tr><td><b>Identifier</b></td><td>FIN652</td></tr><tr><td><b>Restriction</b></td><td>Authorisation required</td></tr><tr><td><b>Reason</b></td><td>Sensitive</td></tr><tr><td><b>Upper limit</b></td><td>120 m AGL</td></tr><tr><td><b>Lower limit</b></td><td>not given</td></tr><tr><td><b>Valid</b></td><td>2025-05-29 to 2050-04-14, any day</td></tr></table><p>Authority: <a href="https://www.droneinfo.fi/fi/uas-ilmatilavyohykkeet">Traficom</a></p>]]></description><Polygon><tessellate>1</tessellate><outerBoundaryIs><LinearRing><coordinates>25.686111,66.510556,0 25.688056,66.510000,0 25.686944,66.509722,0 25.685833,66.509444,0 25.683889,66.510278,0 25.686111,66.510556,0</coordinates></LinearRing></outerBoundaryIs></Polygon></Placemark>
<Placemark><name>FIN653 Porin satama Mäntyluoto UAS</name><styleUrl>#REQ_AUTHORISATION</styleUrl><description><![CDATA[<table><tr><td><b>Identifier</b></td><td>FIN653</td></tr><tr><td><b>Restriction</b></td><td>Authorisation required</td></tr><tr><td><b>Reason</b></td><td>Sensitive</td></tr><tr><td><b>Upper limit</b></td><td>120 m AGL</td></tr><tr><td><b>Lower limit</b></td><td>not given</td></tr><tr><td><b>Valid</b></td><td>2025-05-31 to 2050-04-14, any day</td></tr></table><p>Authority: <a href="https://www.droneinfo.fi/fi/uas-ilmatilavyohykkeet">Traficom</a></p>]]></description><Polygon><tessellate>1</tessellate><outerBoundaryIs><LinearRing><coordinates>21.471944,61.604167,0 21.487500,61.598333,0 21.506944,61.596944,0 21.512222,61.591389,0 21.508889,61.589444,0 21.500833,61.591389,0 21.492222,61.591944,0 21.480278,61.591944,0 21.469444,61.591111,0 21.464722,61.597222,0 21.454722,61.595556,0 21.451111,61.601389,0 21.471944,61.604167,0</coordinates></LinearRing></outerBoundaryIs></Polygon></Placemark>
<Placemark><name>FIN654 Porin satama Tahkoluoto UAS</name><styleUrl>#REQ_AUTHORISATION</styleUrl><description><![CDATA[<table><tr><td><b>Identifier</b></td><td>FIN654</td></tr><tr><td><b>Restriction</b></td><td>Authorisation required</td></tr><tr><td><b>Reason</b></td><td>Sensitive</td></tr><tr><td><b>Upper limit</b></td><td>120 m AGL</td></tr><tr><td><b>Lower limit</b></td><td>not given</td></tr><tr><td><b>Valid</b></td><td>2025-05-31 to 2050-04-14, any day</td></tr></table><p>Authority: <a href="https://www.droneinfo.fi/fi/uas-ilmatilavyohykkeet">Traficom</a></p>]]></description><Polygon><tessellate>1</tessellate><outerBoundaryIs><LinearRing><coordinates>21.400833,61.643056,0 21.423333,61.638611,0 21.427222,61.634722,0 21.425833,61.632778,0 21.413611,61.631667,0 21.407222,61.626944,0 21.395556,61.625000,0 21.373056,61.628333,0 21.371111,61.637222,0 21.400833,61.643056,0</coordinates></LinearRing></outerBoundaryIs></Polygon></Placemark>
<Placemark><name>FIN655 UPM Rauma UAS</name><styleUrl>#REQ_AUTHORISATION</styleUrl><description><![CDATA[<table><tr><td><b>Identifier</b></td><td>FIN655</td></tr><tr><td><b>Restriction</b></td><td>Authorisation required</td></tr><tr><td><b>Reason</b></td><td>Sensitive</td></tr><tr><td><b>Upper limit</b></td><td>150 m AGL</td></tr><tr><td><b>Lower limit</b></td><td>not given</td></tr><tr><td><b>Valid</b></td><td>2025-05-31 to 2050-04-14, any day</td></tr></table><p>Authority: <a href="https://www.droneinfo.fi/fi/uas-ilmatilavyohykkeet">Traficom</a></p>]]></description><Polygon><tessellate>1</tessellate><outerBoundaryIs><LinearRing><coordinates>21.471389,61.122778,0 21.471667,61.121944,0 21.481944,61.119444,0 21.483333,61.120556,0 21.496944,61.120556,0 21.498056,61.119444,0 21.499167,61.118056,0 21.498333,61.112500,0 21.491667,61.112778,0 21.479167,61.114167,0 21.468333,61.118056,0 21.471389,61.122778,0</coordinates></LinearRing></outerBoundaryIs></Polygon></Placemark>
<Placemark><name>FIN656 Ålands polismyndighet UAS</name><styleUrl>#REQ_AUTHORISATION</styleUrl><description><![CDATA[<table><tr><td><b>Identifier</b></td><td>FIN656</td></tr><tr><td><b>Restriction</b></td><td>Authorisation required</td></tr><tr><td><b>Reason</b></td><td>Sensitive</td></tr><tr><td><b>Upper limit</b></td><td>200 m AGL</td></tr><tr><td><b>Lower limit</b></td><td>not given</td></tr><tr><td><b>Valid</b></td><td>2025-06-22 to 2050-04-15, any day</td></tr></table><p>Authority: <a href="https://www.droneinfo.fi/fi/uas-ilmatilavyohykkeet">Traficom</a></p>]]></description><Polygon><tessellate>1</tessellate><outerBoundaryIs><LinearRing><coordinates>19.941667,60.103056,0 19.945556,60.103056,0 19.945833,60.101667,0 19.941667,60.101389,0 19.941667,60.103056,0</coordinates></LinearRing></outerBoundaryIs></Polygon></Placemark>
<Placemark><name>FIN658 Pieksämäen konepaja UAS</name><styleUrl>#REQ_AUTHORISATION</styleUrl><description><![CDATA[<table><tr><td><b>Identifier</b></td><td>FIN658</td></tr><tr><td><b>Restriction</b></td><td>Authorisation required</td></tr><tr><td><b>Reason</b></td><td>Sensitive</td></tr><tr><td><b>Upper limit</b></td><td>150 m AGL</td></tr><tr><td><b>Lower limit</b></td><td>not given</td></tr><tr><td><b>Valid</b></td><td>2025-07-20 to 2050-07-14, any day</td></tr></table><p>Authority: <a href="https://www.droneinfo.fi/fi/uas-ilmatilavyohykkeet">Traficom</a></p>]]></description><Polygon><tessellate>1</tessellate><outerBoundaryIs><LinearRing><coordinates>27.188056,62.315556,0 27.192778,62.315278,0 27.192500,62.311111,0 27.179722,62.312500,0 27.176111,62.313056,0 27.176111,62.313056,0 27.182778,62.315000,0 27.188056,62.315556,0</coordinates></LinearRing></outerBoundaryIs></Polygon></Placemark>
<Placemark><name>FIN659 Ilmalan varikko UAS</name><styleUrl>#REQ_AUTHORISATION</styleUrl><description><![CDATA[<table><tr><td><b>Identifier</b></td><td>FIN659</td></tr><tr><td><b>Restriction</b></td><td>Authorisation required</td></tr><tr><td><b>Reason</b></td><td>Sensitive</td></tr><tr><td><b>Upper limit</b></td><td>150 m AGL</td></tr><tr><td><b>Lower limit</b></td><td>not given</td></tr><tr><td><b>Valid</b></td><td>2025-07-20 to 2050-07-14, any day</td></tr></table><p>Authority: <a href="https://www.droneinfo.fi/fi/uas-ilmatilavyohykkeet">Traficom</a></p>]]></description><Polygon><tessellate>1</tessellate><outerBoundaryIs><LinearRing><coordinates>24.933611,60.218056,0 24.933333,60.216111,0 24.929722,60.209444,0 24.926389,60.207222,0 24.924722,60.207500,0 24.924167,60.208333,0 24.921389,60.208889,0 24.921667,60.210000,0 24.920556,60.211944,0 24.922778,60.216111,0 24.925556,60.217500,0 24.933611,60.218056,0</coordinates></LinearRing></outerBoundaryIs></Polygon></Placemark>
<Placemark><name>FIN660 Kouvolan varikko UAS</name><styleUrl>#REQ_AUTHORISATION</styleUrl><description><![CDATA[<table><tr><td><b>Identifier</b></td><td>FIN660</td></tr><tr><td><b>Restriction</b></td><td>Authorisation required</td></tr><tr><td><b>Reason</b></td><td>Sensitive</td></tr><tr><td><b>Upper limit</b></td><td>150 m AGL</td></tr><tr><td><b>Lower limit</b></td><td>not given</td></tr><tr><td><b>Valid</b></td><td>2025-07-20 to 2050-07-14, any day</td></tr></table><p>Authority: <a href="https://www.droneinfo.fi/fi/uas-ilmatilavyohykkeet">Traficom</a></p>]]></description><Polygon><tessellate>1</tessellate><outerBoundaryIs><LinearRing><coordinates>26.703056,60.865000,0 26.701944,60.863889,0 26.694722,60.863611,0 26.694722,60.864722,0 26.703056,60.865000,0</coordinates></LinearRing></outerBoundaryIs></Polygon></Placemark>
<Placemark><name>FIN661 Teijon telakka UAS</name><styleUrl>#REQ_AUTHORISATION</styleUrl><description><![CDATA[<table><tr><td><b>Identifier</b></td><td>FIN661</td></tr><tr><td><b>Restriction</b></td><td>Authorisation required</td></tr><tr><td><b>Reason</b></td><td>Sensitive</td></tr><tr><td><b>Upper limit</b></td><td>150 m AGL</td></tr><tr><td><b>Lower limit</b></td><td>not given</td></tr><tr><td><b>Valid</b></td><td>2025-07-20 to 2050-04-14, any day</td></tr></table><p>Authority: <a href="https://www.droneinfo.fi/fi/uas-ilmatilavyohykkeet">Traficom</a></p>]]></description><Polygon><tessellate>1</tessellate><outerBoundaryIs><LinearRing><coordinates>22.953056,60.256111,0 22.955278,60.256111,0 22.955000,60.254167,0 22.945556,60.255000,0 22.946667,60.255833,0 22.953056,60.255278,0 22.953056,60.256111,0</coordinates></LinearRing></outerBoundaryIs></Polygon></Placemark>
<Placemark><name>FIN662 Kemijoki Inkeroinen UAS</name><styleUrl>#REQ_AUTHORISATION</styleUrl><description><![CDATA[<table><tr><td><b>Identifier</b></td><td>FIN662</td></tr><tr><td><b>Restriction</b></td><td>Authorisation required</td></tr><tr><td><b>Reason</b></td><td>Sensitive</td></tr><tr><td><b>Upper limit</b></td><td>150 m AGL</td></tr><tr><td><b>Lower limit</b></td><td>not given</td></tr><tr><td><b>Valid</b></td><td>2025-07-31 to 2050-04-14, any day</td></tr></table><p>Authority: <a href="https://www.droneinfo.fi/fi/uas-ilmatilavyohykkeet">Traficom</a></p>]]></description><Polygon><tessellate>1</tessellate><outerBoundaryIs><LinearRing><coordinates>26.814444,60.700000,0 26.815556,60.699722,0 26.815833,60.699444,0 26.817500,60.698889,0 26.817778,60.698611,0 26.817778,60.698611,0 26.818056,60.698333,0 26.816944,60.698056,0 26.816389,60.698333,0 26.816389,60.698333,0 26.815278,60.698889,0 26.815000,60.698889,0 26.815000,60.698333,0 26.816667,60.697500,0 26.817222,60.697500,0 26.815556,60.696389,0 26.814167,60.696944,0 26.811667,60.698333,0 26.812222,60.698611,0 26.812500,60.699444,0 26.814444,60.700000,0</coordinates></LinearRing></outerBoundaryIs></Polygon></Placemark>
<Placemark><name>FIN663 Kemijoki Kurkiaska UAS</name><styleUrl>#REQ_AUTHORISATION</styleUrl><description><![CDATA[<table><tr><td><b>Identifier</b></td><td>FIN663</td></tr><tr><td><b>Restriction</b></td><td>Authorisation required</td></tr><tr><td><b>Reason</b></td><td>Sensitive</td></tr><tr><td><b>Upper limit</b></td><td>150 m AGL</td></tr><tr><td><b>Lower limit</b></td><td>not given</td></tr><tr><td><b>Valid</b></td><td>2025-07-31 to 2050-04-14, any day</td></tr></table><p>Authority: <a href="https://www.droneinfo.fi/fi/uas-ilmatilavyohykkeet">Traficom</a></p>]]></description><Polygon><tessellate>1</tessellate><outerBoundaryIs><LinearRing><coordinates>26.692500,67.315278,0 26.703056,67.314167,0 26.712778,67.306944,0 26.711389,67.305278,0 26.713889,67.301944,0 26.715000,67.300556,0 26.726389,67.293056,0 26.740833,67.288056,0 26.740278,67.281944,0 26.731944,67.278611,0 26.721667,67.283333,0 26.717500,67.289167,0 26.705000,67.305000,0 26.697222,67.308889,0 26.690278,67.310278,0 26.689167,67.315000,0 26.692500,67.315278,0</coordinates></LinearRing></outerBoundaryIs></Polygon></Placemark>
<Placemark><name>FIN664 Kemijoki Kelukoski UAS</name><styleUrl>#REQ_AUTHORISATION</styleUrl><description><![CDATA[<table><tr><td><b>Identifier</b></td><td>FIN664</td></tr><tr><td><b>Restriction</b></td><td>Authorisation required</td></tr><tr><td><b>Reason</b></td><td>Sensitive</td></tr><tr><td><b>Upper limit</b></td><td>150 m AGL</td></tr><tr><td><b>Lower limit</b></td><td>not given</td></tr><tr><td><b>Valid</b></td><td>2025-07-31 to 2050-04-14, any day</td></tr></table><p>Authority: <a href="https://www.droneinfo.fi/fi/uas-ilmatilavyohykkeet">Traficom</a></p>]]></description><Polygon><tessellate>1</tessellate><outerBoundaryIs><LinearRing><coordinates>26.594167,67.459167,0 26.600000,67.458056,0 26.603889,67.455833,0 26.594167,67.452222,0 26.586389,67.454444,0 26.587222,67.455000,0 26.588333,67.455278,0 26.589167,67.455556,0 26.590000,67.455833,0 26.591389,67.455833,0 26.590278,67.456389,0 26.592222,67.457222,0 26.593056,67.458611,0 26.593611,67.458611,0 26.594167,67.459167,0</coordinates></LinearRing></outerBoundaryIs></Polygon></Placemark>
<Placemark><name>FIN665 Kemijoki Kokkosniva UAS</name><styleUrl>#REQ_AUTHORISATION</styleUrl><description><![CDATA[<table><tr><td><b>Identifier</b></td><td>FIN665</td></tr><tr><td><b>Restriction</b></td><td>Authorisation required</td></tr><tr><td><b>Reason</b></td><td>Sensitive</td></tr><tr><td><b>Upper limit</b></td><td>150 m AGL</td></tr><tr><td><b>Lower limit</b></td><td>not given</td></tr><tr><td><b>Valid</b></td><td>2025-07-31 to 2027-04-14, any day</td></tr></table><p>Authority: <a href="https://www.droneinfo.fi/fi/uas-ilmatilavyohykkeet">Traficom</a></p>]]></description><Polygon><tessellate>1</tessellate><outerBoundaryIs><LinearRing><coordinates>27.321111,67.227778,0 27.328611,67.226111,0 27.330278,67.221111,0 27.331667,67.210000,0 27.358333,67.195000,0 27.360278,67.190000,0 27.346667,67.175556,0 27.323611,67.175556,0 27.297222,67.190278,0 27.309722,67.198333,0 27.302222,67.212778,0 27.310833,67.222778,0 27.321111,67.227778,0</coordinates></LinearRing></outerBoundaryIs></Polygon></Placemark>
<Placemark><name>FIN666 Kemijoki Kurittukoski UAS</name><styleUrl>#REQ_AUTHORISATION</styleUrl><description><![CDATA[<table><tr><td><b>Identifier</b></td><td>FIN666</td></tr><tr><td><b>Restriction</b></td><td>Authorisation required</td></tr><tr><td><b>Reason</b></td><td>Sensitive</td></tr><tr><td><b>Upper limit</b></td><td>150 m AGL</td></tr><tr><td><b>Lower limit</b></td><td>not given</td></tr><tr><td><b>Valid</b></td><td>2025-07-31 to 2050-04-14, any day</td></tr></table><p>Authority: <a href="https://www.droneinfo.fi/fi/uas-ilmatilavyohykkeet">Traficom</a></p>]]></description><Polygon><tessellate>1</tessellate><outerBoundaryIs><LinearRing><coordinates>26.721389,67.860556,0 26.725833,67.856944,0 26.710556,67.855278,0 26.709167,67.858611,0 26.710000,67.860278,0 26.721389,67.860556,0</coordinates></LinearRing></outerBoundaryIs></Polygon></Placemark>
<Placemark><name>FIN667 Kemijoki Lieksankoski UAS,</name><styleUrl>#REQ_AUTHORISATION</styleUrl><description><![CDATA[<table><tr><td><b>Identifier</b></td><td>FIN667</td></tr><tr><td><b>Restriction</b></td><td>Authorisation required</td></tr><tr><td><b>Reason</b></td><td>Sensitive</td></tr><tr><td><b>Upper limit</b></td><td>150 m AGL</td></tr><tr><td><b>Lower limit</b></td><td>not given</td></tr><tr><td><b>Valid</b></td><td>2025-07-31 to 2050-04-14, any day</td></tr></table><p>Authority: <a href="https://www.droneinfo.fi/fi/uas-ilmatilavyohykkeet">Traficom</a></p>]]></description><Polygon><tessellate>1</tessellate><outerBoundaryIs><LinearRing><coordinates>30.041111,63.338611,0 30.042778,63.338056,0 30.041944,63.335833,0 30.035556,63.334444,0 30.035278,63.335000,0 30.035000,63.335278,0 30.034722,63.335833,0 30.037500,63.336667,0 30.038333,63.337500,0 30.041111,63.338611,0</coordinates></LinearRing></outerBoundaryIs></Polygon></Placemark>
<Placemark><name>FIN668 Kemijoki Lieksankoski pato UAS</name><styleUrl>#REQ_AUTHORISATION</styleUrl><description><![CDATA[<table><tr><td><b>Identifier</b></td><td>FIN668</td></tr><tr><td><b>Restriction</b></td><td>Authorisation required</td></tr><tr><td><b>Reason</b></td><td>Sensitive</td></tr><tr><td><b>Upper limit</b></td><td>150 m AGL</td></tr><tr><td><b>Lower limit</b></td><td>not given</td></tr><tr><td><b>Valid</b></td><td>2025-07-31 to 2050-04-14, any day</td></tr></table><p>Authority: <a href="https://www.droneinfo.fi/fi/uas-ilmatilavyohykkeet">Traficom</a></p>]]></description><Polygon><tessellate>1</tessellate><outerBoundaryIs><LinearRing><coordinates>30.051389,63.344167,0 30.054722,63.343333,0 30.053889,63.342500,0 30.048333,63.341389,0 30.047222,63.342222,0 30.050000,63.344167,0 30.051389,63.344167,0</coordinates></LinearRing></outerBoundaryIs></Polygon></Placemark>
<Placemark><name>FIN669 Kemijoki Lokka UAS</name><styleUrl>#REQ_AUTHORISATION</styleUrl><description><![CDATA[<table><tr><td><b>Identifier</b></td><td>FIN669</td></tr><tr><td><b>Restriction</b></td><td>Authorisation required</td></tr><tr><td><b>Reason</b></td><td>Sensitive</td></tr><tr><td><b>Upper limit</b></td><td>150 m AGL</td></tr><tr><td><b>Lower limit</b></td><td>not given</td></tr><tr><td><b>Valid</b></td><td>2025-07-31 to 2050-04-14, any day</td></tr></table><p>Authority: <a href="https://www.droneinfo.fi/fi/uas-ilmatilavyohykkeet">Traficom</a></p>]]></description><Polygon><tessellate>1</tessellate><outerBoundaryIs><LinearRing><coordinates>27.770556,67.828056,0 27.777222,67.824444,0 27.773056,67.820556,0 27.740000,67.817778,0 27.728056,67.820833,0 27.732500,67.825278,0 27.770556,67.828056,0</coordinates></LinearRing></outerBoundaryIs></Polygon></Placemark>
<Placemark><name>FIN670 Kemijoki Matarakoski UAS</name><styleUrl>#REQ_AUTHORISATION</styleUrl><description><![CDATA[<table><tr><td><b>Identifier</b></td><td>FIN670</td></tr><tr><td><b>Restriction</b></td><td>Authorisation required</td></tr><tr><td><b>Reason</b></td><td>Sensitive</td></tr><tr><td><b>Upper limit</b></td><td>150 m AGL</td></tr><tr><td><b>Lower limit</b></td><td>not given</td></tr><tr><td><b>Valid</b></td><td>2025-07-31 to 2050-04-14, any day</td></tr></table><p>Authority: <a href="https://www.droneinfo.fi/fi/uas-ilmatilavyohykkeet">Traficom</a></p>]]></description><Polygon><tessellate>1</tessellate><outerBoundaryIs><LinearRing><coordinates>26.742500,67.586389,0 26.752778,67.586111,0 26.754444,67.584444,0 26.749722,67.584167,0 26.750000,67.583611,0 26.741389,67.583611,0 26.741667,67.585000,0 26.742500,67.586389,0</coordinates></LinearRing></outerBoundaryIs></Polygon></Placemark>
<Placemark><name>FIN671 Kemijoki Ossauskoski UAS</name><styleUrl>#REQ_AUTHORISATION</styleUrl><description><![CDATA[<table><tr><td><b>Identifier</b></td><td>FIN671</td></tr><tr><td><b>Restriction</b></td><td>Authorisation required</td></tr><tr><td><b>Reason</b></td><td>Sensitive</td></tr><tr><td><b>Upper limit</b></td><td>150 m AGL</td></tr><tr><td><b>Lower limit</b></td><td>not given</td></tr><tr><td><b>Valid</b></td><td>2025-07-31 to 2050-04-14, any day</td></tr></table><p>Authority: <a href="https://www.droneinfo.fi/fi/uas-ilmatilavyohykkeet">Traficom</a></p>]]></description><Polygon><tessellate>1</tessellate><outerBoundaryIs><LinearRing><coordinates>25.128611,66.159167,0 25.154722,66.158611,0 25.152222,66.155833,0 25.145556,66.156111,0 25.145278,66.155000,0 25.144722,66.154167,0 25.143333,66.153611,0 25.135556,66.149722,0 25.126389,66.149444,0 25.123889,66.151111,0 25.122500,66.153889,0 25.117500,66.154167,0 25.120556,66.155833,0 25.121667,66.155833,0 25.121944,66.156667,0 25.125278,66.158611,0 25.128611,66.159167,0</coordinates></LinearRing></outerBoundaryIs></Polygon></Placemark>
<Placemark><name>FIN672 Kemijoki Permantokoski UAS</name><styleUrl>#REQ_AUTHORISATION</styleUrl><description><![CDATA[<table><tr><td><b>Identifier</b></td><td>FIN672</td></tr><tr><td><b>Restriction</b></td><td>Authorisation required</td></tr><tr><td><b>Reason</b></td><td>Sensitive</td></tr><tr><td><b>Upper limit</b></td><td>150 m AGL</td></tr><tr><td><b>Lower limit</b></td><td>not given</td></tr><tr><td><b>Valid</b></td><td>2025-07-31 to 2050-04-14, any day</td></tr></table><p>Authority: <a href="https://www.droneinfo.fi/fi/uas-ilmatilavyohykkeet">Traficom</a></p>]]></description><Polygon><tessellate>1</tessellate><outerBoundaryIs><LinearRing><coordinates>26.131389,66.494167,0 26.132500,66.493611,0 26.134444,66.488889,0 26.121111,66.488889,0 26.126111,66.493056,0 26.125833,66.494167,0 26.131389,66.494167,0</coordinates></LinearRing></outerBoundaryIs></Polygon></Placemark>
<Placemark><name>FIN673 Kemijoki Pirttikoski UAS</name><styleUrl>#REQ_AUTHORISATION</styleUrl><description><![CDATA[<table><tr><td><b>Identifier</b></td><td>FIN673</td></tr><tr><td><b>Restriction</b></td><td>Authorisation required</td></tr><tr><td><b>Reason</b></td><td>Sensitive</td></tr><tr><td><b>Upper limit</b></td><td>150 m AGL</td></tr><tr><td><b>Lower limit</b></td><td>not given</td></tr><tr><td><b>Valid</b></td><td>2025-07-31 to 2050-04-14, any day</td></tr></table><p>Authority: <a href="https://www.droneinfo.fi/fi/uas-ilmatilavyohykkeet">Traficom</a></p>]]></description><Polygon><tessellate>1</tessellate><outerBoundaryIs><LinearRing><coordinates>27.141111,66.342500,0 27.150278,66.341111,0 27.160000,66.341111,0 27.162500,66.334167,0 27.144722,66.334444,0 27.132778,66.340556,0 27.141111,66.342500,0</coordinates></LinearRing></outerBoundaryIs></Polygon></Placemark>
<Placemark><name>FIN674 Kemijoki Pankakoski UAS</name><styleUrl>#REQ_AUTHORISATION</styleUrl><description><![CDATA[<table><tr><td><b>Identifier</b></td><td>FIN674</td></tr><tr><td><b>Restriction</b></td><td>Authorisation required</td></tr><tr><td><b>Reason</b></td><td>Sensitive</td></tr><tr><td><b>Upper limit</b></td><td>150 m AGL</td></tr><tr><td><b>Lower limit</b></td><td>not given</td></tr><tr><td><b>Valid</b></td><td>2025-07-31 to 2050-04-14, any day</td></tr></table><p>Authority: <a href="https://www.droneinfo.fi/fi/uas-ilmatilavyohykkeet">Traficom</a></p>]]></description><Polygon><tessellate>1</tessellate><outerBoundaryIs><LinearRing><coordinates>30.138333,63.327778,0 30.140000,63.327500,0 30.139722,63.327222,0 30.139722,63.327222,0 30.138056,63.326111,0 30.138056,63.325833,0 30.137500,63.325556,0 30.136111,63.325833,0 30.136667,63.326111,0 30.135556,63.326667,0 30.136111,63.326944,0 30.137222,63.327222,0 30.138333,63.327778,0</coordinates></LinearRing></outerBoundaryIs></Polygon></Placemark>
<Placemark><name>FIN675 Kemijoki Porttipahta UAS</name><styleUrl>#REQ_AUTHORISATION</styleUrl><description><![CDATA[<table><tr><td><b>Identifier</b></td><td>FIN675</td></tr><tr><td><b>Restriction</b></td><td>Authorisation required</td></tr><tr><td><b>Reason</b></td><td>Sensitive</td></tr><tr><td><b>Upper limit</b></td><td>150 m AGL</td></tr><tr><td><b>Lower limit</b></td><td>not given</td></tr><tr><td><b>Valid</b></td><td>2025-07-31 to 2050-04-14, any day</td></tr></table><p>Authority: <a href="https://www.droneinfo.fi/fi/uas-ilmatilavyohykkeet">Traficom</a></p>]]></description><Polygon><tessellate>1</tessellate><outerBoundaryIs><LinearRing><coordinates>26.774444,67.976944,0 26.776944,67.970833,0 26.756944,67.955000,0 26.732778,67.959167,0 26.729444,67.966389,0 26.774444,67.976944,0</coordinates></LinearRing></outerBoundaryIs></Polygon></Placemark>
<Placemark><name>FIN676 Kemijoki Petäjäskoski UAS</name><styleUrl>#REQ_AUTHORISATION</styleUrl><description><![CDATA[<table><tr><td><b>Identifier</b></td><td>FIN676</td></tr><tr><td><b>Restriction</b></td><td>Authorisation required</td></tr><tr><td><b>Reason</b></td><td>Sensitive</td></tr><tr><td><b>Upper limit</b></td><td>150 m AGL</td></tr><tr><td><b>Lower limit</b></td><td>not given</td></tr><tr><td><b>Valid</b></td><td>2025-07-31 to 2050-04-14, any day</td></tr></table><p>Authority: <a href="https://www.droneinfo.fi/fi/uas-ilmatilavyohykkeet">Traficom</a></p>]]></description><Polygon><tessellate>1</tessellate><outerBoundaryIs><LinearRing><coordinates>25.331111,66.274444,0 25.345278,66.274444,0 25.340556,66.267778,0 25.336111,66.270000,0 25.333889,66.269722,0 25.331667,66.269722,0 25.330833,66.271667,0 25.335000,66.271944,0 25.335000,66.271944,0 25.330833,66.271944,0 25.331111,66.274444,0</coordinates></LinearRing></outerBoundaryIs></Polygon></Placemark>
<Placemark><name>FIN677 Kemijoki Petäjäskoski pato UAS</name><styleUrl>#REQ_AUTHORISATION</styleUrl><description><![CDATA[<table><tr><td><b>Identifier</b></td><td>FIN677</td></tr><tr><td><b>Restriction</b></td><td>Authorisation required</td></tr><tr><td><b>Reason</b></td><td>Sensitive</td></tr><tr><td><b>Upper limit</b></td><td>150 m AGL</td></tr><tr><td><b>Lower limit</b></td><td>not given</td></tr><tr><td><b>Valid</b></td><td>2025-07-31 to 2050-04-14, any day</td></tr></table><p>Authority: <a href="https://www.droneinfo.fi/fi/uas-ilmatilavyohykkeet">Traficom</a></p>]]></description><Polygon><tessellate>1</tessellate><outerBoundaryIs><LinearRing><coordinates>25.356389,66.290000,0 25.371111,66.289722,0 25.369444,66.288611,0 25.367500,66.288611,0 25.360556,66.286667,0 25.361389,66.285833,0 25.364167,66.284722,0 25.358333,66.282778,0 25.357778,66.283611,0 25.355833,66.285278,0 25.354167,66.285000,0 25.349722,66.286389,0 25.353889,66.287500,0 25.356389,66.290000,0</coordinates></LinearRing></outerBoundaryIs></Polygon></Placemark>
<Placemark><name>FIN678 Kemijoki Seitakorva UAS</name><styleUrl>#REQ_AUTHORISATION</styleUrl><description><![CDATA[<table><tr><td><b>Identifier</b></td><td>FIN678</td></tr><tr><td><b>Restriction</b></td><td>Authorisation required</td></tr><tr><td><b>Reason</b></td><td>Sensitive</td></tr><tr><td><b>Upper limit</b></td><td>150 m AGL</td></tr><tr><td><b>Lower limit</b></td><td>not given</td></tr><tr><td><b>Valid</b></td><td>2025-07-31 to 2050-04-14, any day</td></tr></table><p>Authority: <a href="https://www.droneinfo.fi/fi/uas-ilmatilavyohykkeet">Traficom</a></p>]]></description><Polygon><tessellate>1</tessellate><outerBoundaryIs><LinearRing><coordinates>27.346111,66.436111,0 27.359444,66.419722,0 27.340833,66.399167,0 27.318333,66.399444,0 27.311667,66.405833,0 27.329444,66.420000,0 27.321944,66.434722,0 27.346111,66.436111,0</coordinates></LinearRing></outerBoundaryIs></Polygon></Placemark>
<Placemark><name>FIN679 Kemijoki Taivalkoski UAS</name><styleUrl>#REQ_AUTHORISATION</styleUrl><description><![CDATA[<table><tr><td><b>Identifier</b></td><td>FIN679</td></tr><tr><td><b>Restriction</b></td><td>Authorisation required</td></tr><tr><td><b>Reason</b></td><td>Sensitive</td></tr><tr><td><b>Upper limit</b></td><td>150 m AGL</td></tr><tr><td><b>Lower limit</b></td><td>not given</td></tr><tr><td><b>Valid</b></td><td>2025-07-31 to 2050-04-14, any day</td></tr></table><p>Authority: <a href="https://www.droneinfo.fi/fi/uas-ilmatilavyohykkeet">Traficom</a></p>]]></description><Polygon><tessellate>1</tessellate><outerBoundaryIs><LinearRing><coordinates>24.704444,65.936111,0 24.716389,65.934167,0 24.716111,65.933889,0 24.716111,65.933333,0 24.718056,65.931667,0 24.717222,65.930556,0 24.715833,65.930278,0 24.714444,65.926667,0 24.703611,65.928889,0 24.704722,65.929722,0 24.704444,65.930000,0 24.705556,65.930833,0 24.704444,65.931111,0 24.704444,65.931667,0 24.703889,65.933056,0 24.700000,65.933333,0 24.700278,65.934722,0 24.704444,65.936111,0</coordinates></LinearRing></outerBoundaryIs></Polygon></Placemark>
<Placemark><name>FIN680 Kemijoki Vanttauskoski UAS</name><styleUrl>#REQ_AUTHORISATION</styleUrl><description><![CDATA[<table><tr><td><b>Identifier</b></td><td>FIN680</td></tr><tr><td><b>Restriction</b></td><td>Authorisation required</td></tr><tr><td><b>Reason</b></td><td>Sensitive</td></tr><tr><td><b>Upper limit</b></td><td>150 m AGL</td></tr><tr><td><b>Lower limit</b></td><td>not given</td></tr><tr><td><b>Valid</b></td><td>2025-07-31 to 2050-04-14, any day</td></tr></table><p>Authority: <a href="https://www.droneinfo.fi/fi/uas-ilmatilavyohykkeet">Traficom</a></p>]]></description><Polygon><tessellate>1</tessellate><outerBoundaryIs><LinearRing><coordinates>26.681667,66.373611,0 26.695000,66.370278,0 26.695556,66.366389,0 26.692222,66.364444,0 26.673056,66.366944,0 26.666667,66.371389,0 26.681667,66.373611,0</coordinates></LinearRing></outerBoundaryIs></Polygon></Placemark>
<Placemark><name>FIN681 Kemijoki Vajukoski UAS</name><styleUrl>#REQ_AUTHORISATION</styleUrl><description><![CDATA[<table><tr><td><b>Identifier</b></td><td>FIN681</td></tr><tr><td><b>Restriction</b></td><td>Authorisation required</td></tr><tr><td><b>Reason</b></td><td>Sensitive</td></tr><tr><td><b>Upper limit</b></td><td>150 m AGL</td></tr><tr><td><b>Lower limit</b></td><td>not given</td></tr><tr><td><b>Valid</b></td><td>2025-07-31 to 2050-04-14, any day</td></tr></table><p>Authority: <a href="https://www.droneinfo.fi/fi/uas-ilmatilavyohykkeet">Traficom</a></p>]]></description><Polygon><tessellate>1</tessellate><outerBoundaryIs><LinearRing><coordinates>26.791389,67.701667,0 26.822778,67.699722,0 26.826944,67.697222,0 26.830000,67.696944,0 26.828889,67.694444,0 26.828889,67.694444,0 26.804167,67.691667,0 26.801944,67.692222,0 26.801389,67.695000,0 26.796944,67.696111,0 26.796944,67.696111,0 26.791389,67.701667,0</coordinates></LinearRing></outerBoundaryIs></Polygon></Placemark>
<Placemark><name>FIN682 Kemijoki Valajaskoski UAS</name><styleUrl>#REQ_AUTHORISATION</styleUrl><description><![CDATA[<table><tr><td><b>Identifier</b></td><td>FIN682</td></tr><tr><td><b>Restriction</b></td><td>Authorisation required</td></tr><tr><td><b>Reason</b></td><td>Sensitive</td></tr><tr><td><b>Upper limit</b></td><td>150 m AGL</td></tr><tr><td><b>Lower limit</b></td><td>not given</td></tr><tr><td><b>Valid</b></td><td>2025-07-31 to 2050-04-14, any day</td></tr></table><p>Authority: <a href="https://www.droneinfo.fi/fi/uas-ilmatilavyohykkeet">Traficom</a></p>]]></description><Polygon><tessellate>1</tessellate><outerBoundaryIs><LinearRing><coordinates>25.531667,66.426944,0 25.535278,66.426111,0 25.536944,66.426667,0 25.539167,66.426667,0 25.543056,66.426111,0 25.541389,66.424722,0 25.544167,66.423611,0 25.549722,66.423056,0 25.546389,66.418889,0 25.522778,66.423889,0 25.531667,66.426944,0</coordinates></LinearRing></outerBoundaryIs></Polygon></Placemark>
<Placemark><name>FIN685 Kittilän poliisiasema UAS</name><styleUrl>#REQ_AUTHORISATION</styleUrl><description><![CDATA[<table><tr><td><b>Identifier</b></td><td>FIN685</td></tr><tr><td><b>Restriction</b></td><td>Authorisation required</td></tr><tr><td><b>Reason</b></td><td>Sensitive</td></tr><tr><td><b>Upper limit</b></td><td>150 m AGL</td></tr><tr><td><b>Lower limit</b></td><td>not given</td></tr><tr><td><b>Valid</b></td><td>2025-09-25 to 2050-04-14, any day</td></tr></table><p>Authority: <a href="https://www.droneinfo.fi/fi/uas-ilmatilavyohykkeet">Traficom</a></p>]]></description><Polygon><tessellate>1</tessellate><outerBoundaryIs><LinearRing><coordinates>24.882222,67.673889,0 24.883333,67.672778,0 24.881111,67.672500,0 24.880000,67.673611,0 24.882222,67.673889,0</coordinates></LinearRing></outerBoundaryIs></Polygon></Placemark>
<Placemark><name>FIN686 Sisu Auto UAS</name><styleUrl>#REQ_AUTHORISATION</styleUrl><description><![CDATA[<table><tr><td><b>Identifier</b></td><td>FIN686</td></tr><tr><td><b>Restriction</b></td><td>Authorisation required</td></tr><tr><td><b>Reason</b></td><td>Sensitive</td></tr><tr><td><b>Upper limit</b></td><td>150 m AGL</td></tr><tr><td><b>Lower limit</b></td><td>not given</td></tr><tr><td><b>Valid</b></td><td>2025-11-02 to 2050-04-14, any day</td></tr></table><p>Authority: <a href="https://www.droneinfo.fi/fi/uas-ilmatilavyohykkeet">Traficom</a></p>]]></description><Polygon><tessellate>1</tessellate><outerBoundaryIs><LinearRing><coordinates>23.658889,60.062222,0 23.657500,60.063056,0 23.657222,60.063889,0 23.656389,60.064167,0 23.652778,60.062778,0 23.650278,60.063611,0 23.648333,60.062778,0 23.650278,60.061944,0 23.651389,60.062222,0 23.654167,60.060833,0 23.657778,60.062222,0 23.658333,60.061944,0 23.658889,60.062222,0</coordinates></LinearRing></outerBoundaryIs></Polygon></Placemark>
<Placemark><name>FIN687 Uudenkaupungin autotehdas UAS</name><styleUrl>#REQ_AUTHORISATION</styleUrl><description><![CDATA[<table><tr><td><b>Identifier</b></td><td>FIN687</td></tr><tr><td><b>Restriction</b></td><td>Authorisation required</td></tr><tr><td><b>Reason</b></td><td>Sensitive</td></tr><tr><td><b>Upper limit</b></td><td>150 m AGL</td></tr><tr><td><b>Lower limit</b></td><td>not given</td></tr><tr><td><b>Valid</b></td><td>2025-11-16 to 2050-04-14, any day</td></tr></table><p>Authority: <a href="https://www.droneinfo.fi/fi/uas-ilmatilavyohykkeet">Traficom</a></p>]]></description><Polygon><tessellate>1</tessellate><outerBoundaryIs><LinearRing><coordinates>21.436667,60.815000,0 21.441111,60.814444,0 21.448333,60.818056,0 21.448333,60.818056,0 21.452222,60.814444,0 21.463333,60.819444,0 21.476389,60.815833,0 21.472222,60.813333,0 21.471667,60.812500,0 21.471944,60.810556,0 21.474444,60.808889,0 21.471111,60.807500,0 21.462222,60.808056,0 21.460833,60.806944,0 21.458889,60.806667,0 21.457500,60.808333,0 21.455833,60.809167,0 21.454167,60.808333,0 21.452500,60.808611,0 21.449444,60.808056,0 21.445833,60.807778,0 21.444167,60.808333,0 21.443333,60.807222,0 21.435833,60.808333,0 21.436389,60.809444,0 21.432778,60.810000,0 21.436667,60.815000,0</coordinates></LinearRing></outerBoundaryIs></Polygon></Placemark>
<Placemark><name>FIN688 Loviisan Satama UAS</name><styleUrl>#REQ_AUTHORISATION</styleUrl><description><![CDATA[<table><tr><td><b>Identifier</b></td><td>FIN688</td></tr><tr><td><b>Restriction</b></td><td>Authorisation required</td></tr><tr><td><b>Reason</b></td><td>Sensitive</td></tr><tr><td><b>Upper limit</b></td><td>150 m AGL</td></tr><tr><td><b>Lower limit</b></td><td>not given</td></tr><tr><td><b>Valid</b></td><td>2025-11-16 to 2050-04-14, any day</td></tr></table><p>Authority: <a href="https://www.droneinfo.fi/fi/uas-ilmatilavyohykkeet">Traficom</a></p>]]></description><Polygon><tessellate>1</tessellate><outerBoundaryIs><LinearRing><coordinates>26.248333,60.421389,0 26.253056,60.420556,0 26.256111,60.419167,0 26.270556,60.409444,0 26.261944,60.405833,0 26.249167,60.411111,0 26.246111,60.421389,0 26.248333,60.421389,0</coordinates></LinearRing></outerBoundaryIs></Polygon></Placemark>
<Placemark><name>FIN689 Vallila UAS</name><styleUrl>#REQ_AUTHORISATION</styleUrl><description><![CDATA[<table><tr><td><b>Identifier</b></td><td>FIN689</td></tr><tr><td><b>Restriction</b></td><td>Authorisation required</td></tr><tr><td><b>Reason</b></td><td>Sensitive</td></tr><tr><td><b>Upper limit</b></td><td>150 m AGL</td></tr><tr><td><b>Lower limit</b></td><td>not given</td></tr><tr><td><b>Valid</b></td><td>2025-11-30 to 2050-04-14, any day</td></tr></table><p>Authority: <a href="https://www.droneinfo.fi/fi/uas-ilmatilavyohykkeet">Traficom</a></p>]]></description><Polygon><tessellate>1</tessellate><outerBoundaryIs><LinearRing><coordinates>24.951944,60.192222,0 24.955556,60.190833,0 24.960556,60.191667,0 24.961667,60.190556,0 24.960833,60.189722,0 24.957222,60.190556,0 24.955833,60.189444,0 24.952778,60.189444,0 24.949167,60.190556,0 24.951944,60.192222,0</coordinates></LinearRing></outerBoundaryIs></Polygon></Placemark>
<Placemark><name>FIN690 Naantalin satama UAS</name><styleUrl>#REQ_AUTHORISATION</styleUrl><description><![CDATA[<table><tr><td><b>Identifier</b></td><td>FIN690</td></tr><tr><td><b>Restriction</b></td><td>Authorisation required</td></tr><tr><td><b>Reason</b></td><td>Sensitive</td></tr><tr><td><b>Upper limit</b></td><td>150 m AGL</td></tr><tr><td><b>Lower limit</b></td><td>not given</td></tr><tr><td><b>Valid</b></td><td>2025-12-31 to 2050-04-14, any day</td></tr></table><p>Authority: <a href="https://www.droneinfo.fi/fi/uas-ilmatilavyohykkeet">Traficom</a></p>]]></description><Polygon><tessellate>1</tessellate><outerBoundaryIs><LinearRing><coordinates>22.028333,60.460833,0 22.033056,60.460833,0 22.037778,60.459167,0 22.041389,60.460000,0 22.044722,60.458611,0 22.048889,60.457778,0 22.049722,60.457778,0 22.052222,60.457500,0 22.053889,60.456944,0 22.055278,60.456667,0 22.054444,60.456389,0 22.054167,60.456111,0 22.055556,60.455000,0 22.072222,60.448611,0 22.039167,60.448611,0 22.036667,60.451667,0 22.027222,60.452222,0 22.026944,60.453889,0 22.030278,60.453611,0 22.030000,60.455000,0 22.033056,60.455278,0 22.032222,60.456389,0 22.030278,60.457500,0 22.026667,60.459167,0 22.028333,60.460833,0</coordinates></LinearRing></outerBoundaryIs></Polygon></Placemark>
<Placemark><name>FIN692 B1 Oulu UAS</name><styleUrl>#REQ_AUTHORISATION</styleUrl><description><![CDATA[<table><tr><td><b>Identifier</b></td><td>FIN692</td></tr><tr><td><b>Restriction</b></td><td>Authorisation required</td></tr><tr><td><b>Reason</b></td><td>Sensitive</td></tr><tr><td><b>Upper limit</b></td><td>150 m AGL</td></tr><tr><td><b>Lower limit</b></td><td>not given</td></tr><tr><td><b>Valid</b></td><td>2025-12-09 to 2050-04-15, any day</td></tr></table><p>Authority: <a href="https://www.droneinfo.fi/fi/uas-ilmatilavyohykkeet">Traficom</a></p>]]></description><Polygon><tessellate>1</tessellate><outerBoundaryIs><LinearRing><coordinates>25.444167,65.061667,0 25.446944,65.061944,0 25.447500,65.061389,0 25.446944,65.060556,0 25.446944,65.060278,0 25.445000,65.060278,0 25.444167,65.061667,0</coordinates></LinearRing></outerBoundaryIs></Polygon></Placemark>
<Placemark><name>FIN693 Pasilan virastokeskus UAS</name><styleUrl>#REQ_AUTHORISATION</styleUrl><description><![CDATA[<table><tr><td><b>Identifier</b></td><td>FIN693</td></tr><tr><td><b>Restriction</b></td><td>Authorisation required</td></tr><tr><td><b>Reason</b></td><td>Sensitive</td></tr><tr><td><b>Upper limit</b></td><td>150 m AGL</td></tr><tr><td><b>Lower limit</b></td><td>not given</td></tr><tr><td><b>Valid</b></td><td>2025-12-31 to 2050-04-14, any day</td></tr></table><p>Authority: <a href="https://www.droneinfo.fi/fi/uas-ilmatilavyohykkeet">Traficom</a></p>]]></description><Polygon><tessellate>1</tessellate><outerBoundaryIs><LinearRing><coordinates>24.936944,60.200000,0 24.937500,60.198333,0 24.935000,60.198056,0 24.934444,60.199722,0 24.936944,60.200000,0</coordinates></LinearRing></outerBoundaryIs></Polygon></Placemark>
<Placemark><name>FIN694 Hongisto UAS</name><styleUrl>#REQ_AUTHORISATION</styleUrl><description><![CDATA[<table><tr><td><b>Identifier</b></td><td>FIN694</td></tr><tr><td><b>Restriction</b></td><td>Authorisation required</td></tr><tr><td><b>Reason</b></td><td>Sensitive</td></tr><tr><td><b>Upper limit</b></td><td>150 m AGL</td></tr><tr><td><b>Lower limit</b></td><td>not given</td></tr><tr><td><b>Valid</b></td><td>2025-12-31 to 2050-04-15, any day</td></tr></table><p>Authority: <a href="https://www.droneinfo.fi/fi/uas-ilmatilavyohykkeet">Traficom</a></p>]]></description><Polygon><tessellate>1</tessellate><outerBoundaryIs><LinearRing><coordinates>24.521111,60.980833,0 24.521389,60.980556,0 24.522778,60.978333,0 24.523056,60.978333,0 24.523611,60.978333,0 24.524167,60.978056,0 24.523056,60.976944,0 24.522222,60.976944,0 24.521389,60.977222,0 24.519722,60.977500,0 24.517500,60.977500,0 24.515278,60.977778,0 24.515000,60.978056,0 24.516111,60.978889,0 24.516111,60.980000,0 24.516944,60.980278,0 24.517222,60.980833,0 24.519167,60.981111,0 24.521111,60.980833,0</coordinates></LinearRing></outerBoundaryIs></Polygon></Placemark>
<Placemark><name>FIN713 Linnavuori UAS</name><styleUrl>#REQ_AUTHORISATION</styleUrl><description><![CDATA[<table><tr><td><b>Identifier</b></td><td>FIN713</td></tr><tr><td><b>Restriction</b></td><td>Authorisation required</td></tr><tr><td><b>Reason</b></td><td>Sensitive</td></tr><tr><td><b>Upper limit</b></td><td>50 m AGL</td></tr><tr><td><b>Lower limit</b></td><td>not given</td></tr><tr><td><b>Valid</b></td><td>2026-04-15 to 2027-04-14, any day</td></tr></table><p>Authority: <a href="https://www.droneinfo.fi/fi/uas-ilmatilavyohykkeet">Traficom</a></p>]]></description><Polygon><tessellate>1</tessellate><outerBoundaryIs><LinearRing><coordinates>23.351111,61.489167,0 23.351111,61.488611,0 23.353333,61.488611,0 23.353333,61.488056,0 23.352778,61.487778,0 23.354167,61.487500,0 23.356111,61.486667,0 23.361667,61.486667,0 23.362500,61.486111,0 23.364444,61.486111,0 23.364167,61.483889,0 23.356389,61.483889,0 23.354722,61.483333,0 23.351111,61.483333,0 23.351111,61.483611,0 23.350833,61.483611,0 23.350556,61.483611,0 23.347778,61.482500,0 23.344722,61.481667,0 23.344167,61.481667,0 23.344167,61.481944,0 23.344167,61.481944,0 23.343611,61.483056,0 23.343333,61.483611,0 23.342778,61.483889,0 23.342500,61.484167,0 23.343333,61.483889,0 23.342778,61.484167,0 23.342500,61.484722,0 23.342500,61.484722,0 23.342778,61.485556,0 23.343056,61.485833,0 23.342500,61.486389,0 23.342778,61.486944,0 23.342778,61.487222,0 23.342778,61.487778,0 23.343333,61.488889,0 23.346667,61.488889,0 23.346667,61.489167,0 23.348056,61.489167,0 23.350000,61.488611,0 23.350556,61.488611,0 23.350556,61.489167,0 23.351111,61.489167,0</coordinates></LinearRing></outerBoundaryIs></Polygon></Placemark>
<Placemark><name>FIN714 Sastamalan tehdasalue UAS</name><styleUrl>#REQ_AUTHORISATION</styleUrl><description><![CDATA[<table><tr><td><b>Identifier</b></td><td>FIN714</td></tr><tr><td><b>Restriction</b></td><td>Authorisation required</td></tr><tr><td><b>Reason</b></td><td>Sensitive</td></tr><tr><td><b>Upper limit</b></td><td>150 m AGL</td></tr><tr><td><b>Lower limit</b></td><td>not given</td></tr><tr><td><b>Valid</b></td><td>2026-04-15 to 2050-04-13, any day</td></tr></table><p>Authority: <a href="https://www.droneinfo.fi/fi/uas-ilmatilavyohykkeet">Traficom</a></p>]]></description><Polygon><tessellate>1</tessellate><outerBoundaryIs><LinearRing><coordinates>22.877222,61.356667,0 22.882778,61.358333,0 22.887778,61.355556,0 22.882778,61.353611,0 22.877222,61.356667,0</coordinates></LinearRing></outerBoundaryIs></Polygon></Placemark>
<Placemark><name>FIN715 Patamäenkatu UAS</name><styleUrl>#REQ_AUTHORISATION</styleUrl><description><![CDATA[<table><tr><td><b>Identifier</b></td><td>FIN715</td></tr><tr><td><b>Restriction</b></td><td>Authorisation required</td></tr><tr><td><b>Reason</b></td><td>Sensitive</td></tr><tr><td><b>Upper limit</b></td><td>150 m AGL</td></tr><tr><td><b>Lower limit</b></td><td>not given</td></tr><tr><td><b>Valid</b></td><td>2026-04-15 to 2050-04-13, any day</td></tr></table><p>Authority: <a href="https://www.droneinfo.fi/fi/uas-ilmatilavyohykkeet">Traficom</a></p>]]></description><Polygon><tessellate>1</tessellate><outerBoundaryIs><LinearRing><coordinates>23.741944,61.457778,0 23.743333,61.456944,0 23.743333,61.457222,0 23.744722,61.456667,0 23.743056,61.455000,0 23.741389,61.454167,0 23.740833,61.454444,0 23.739722,61.455000,0 23.738056,61.455556,0 23.738056,61.455556,0 23.741944,61.457778,0</coordinates></LinearRing></outerBoundaryIs></Polygon></Placemark>
<Placemark><name>FIN716 Halsuan paloasema UAS</name><styleUrl>#REQ_AUTHORISATION</styleUrl><description><![CDATA[<table><tr><td><b>Identifier</b></td><td>FIN716</td></tr><tr><td><b>Restriction</b></td><td>Authorisation required</td></tr><tr><td><b>Reason</b></td><td>Sensitive</td></tr><tr><td><b>Upper limit</b></td><td>150 m AGL</td></tr><tr><td><b>Lower limit</b></td><td>not given</td></tr><tr><td><b>Valid</b></td><td>2026-04-15 to 2050-04-13, any day</td></tr></table><p>Authority: <a href="https://www.droneinfo.fi/fi/uas-ilmatilavyohykkeet">Traficom</a></p>]]></description><Polygon><tessellate>1</tessellate><outerBoundaryIs><LinearRing><coordinates>24.171944,63.463056,0 24.172500,63.462778,0 24.171389,63.462500,0 24.170833,63.462778,0 24.171944,63.463056,0</coordinates></LinearRing></outerBoundaryIs></Polygon></Placemark>
<Placemark><name>FIN717 Kaustisen paloasema UAS</name><styleUrl>#REQ_AUTHORISATION</styleUrl><description><![CDATA[<table><tr><td><b>Identifier</b></td><td>FIN717</td></tr><tr><td><b>Restriction</b></td><td>Authorisation required</td></tr><tr><td><b>Reason</b></td><td>Sensitive</td></tr><tr><td><b>Upper limit</b></td><td>150 m AGL</td></tr><tr><td><b>Lower limit</b></td><td>not given</td></tr><tr><td><b>Valid</b></td><td>2026-04-15 to 2050-04-13, any day</td></tr></table><p>Authority: <a href="https://www.droneinfo.fi/fi/uas-ilmatilavyohykkeet">Traficom</a></p>]]></description><Polygon><tessellate>1</tessellate><outerBoundaryIs><LinearRing><coordinates>23.713889,63.553889,0 23.714444,63.553056,0 23.713333,63.552778,0 23.712778,63.553611,0 23.713889,63.553889,0</coordinates></LinearRing></outerBoundaryIs></Polygon></Placemark>
<Placemark><name>FIN718 Kaarlelan paloasema UAS</name><styleUrl>#REQ_AUTHORISATION</styleUrl><description><![CDATA[<table><tr><td><b>Identifier</b></td><td>FIN718</td></tr><tr><td><b>Restriction</b></td><td>Authorisation required</td></tr><tr><td><b>Reason</b></td><td>Sensitive</td></tr><tr><td><b>Upper limit</b></td><td>150 m AGL</td></tr><tr><td><b>Lower limit</b></td><td>not given</td></tr><tr><td><b>Valid</b></td><td>2026-04-15 to 2050-04-13, any day</td></tr></table><p>Authority: <a href="https://www.droneinfo.fi/fi/uas-ilmatilavyohykkeet">Traficom</a></p>]]></description><Polygon><tessellate>1</tessellate><outerBoundaryIs><LinearRing><coordinates>23.162778,63.821111,0 23.163611,63.821111,0 23.163056,63.820278,0 23.162222,63.820278,0 23.162778,63.821111,0</coordinates></LinearRing></outerBoundaryIs></Polygon></Placemark>
<Placemark><name>FIN719 Kannuksen paloasema UAS</name><styleUrl>#REQ_AUTHORISATION</styleUrl><description><![CDATA[<table><tr><td><b>Identifier</b></td><td>FIN719</td></tr><tr><td><b>Restriction</b></td><td>Authorisation required</td></tr><tr><td><b>Reason</b></td><td>Sensitive</td></tr><tr><td><b>Upper limit</b></td><td>150 m AGL</td></tr><tr><td><b>Lower limit</b></td><td>not given</td></tr><tr><td><b>Valid</b></td><td>2026-04-15 to 2050-04-13, any day</td></tr></table><p>Authority: <a href="https://www.droneinfo.fi/fi/uas-ilmatilavyohykkeet">Traficom</a></p>]]></description><Polygon><tessellate>1</tessellate><outerBoundaryIs><LinearRing><coordinates>23.913056,63.899444,0 23.913611,63.898889,0 23.912500,63.898333,0 23.911667,63.898889,0 23.913056,63.899444,0</coordinates></LinearRing></outerBoundaryIs></Polygon></Placemark>
<Placemark><name>FIN720 Lohtajan paloasema UAS</name><styleUrl>#REQ_AUTHORISATION</styleUrl><description><![CDATA[<table><tr><td><b>Identifier</b></td><td>FIN720</td></tr><tr><td><b>Restriction</b></td><td>Authorisation required</td></tr><tr><td><b>Reason</b></td><td>Sensitive</td></tr><tr><td><b>Upper limit</b></td><td>150 m AGL</td></tr><tr><td><b>Lower limit</b></td><td>not given</td></tr><tr><td><b>Valid</b></td><td>2025-04-15 to 2050-04-15, any day</td></tr></table><p>Authority: <a href="https://www.droneinfo.fi/fi/uas-ilmatilavyohykkeet">Traficom</a></p>]]></description><Polygon><tessellate>1</tessellate><outerBoundaryIs><LinearRing><coordinates>23.503056,64.025000,0 23.504444,64.024722,0 23.504167,64.024444,0 23.502778,64.024722,0 23.503056,64.025000,0</coordinates></LinearRing></outerBoundaryIs></Polygon></Placemark>
<Placemark><name>FIN721 Lestijärven paloasema UAS</name><styleUrl>#REQ_AUTHORISATION</styleUrl><description><![CDATA[<table><tr><td><b>Identifier</b></td><td>FIN721</td></tr><tr><td><b>Restriction</b></td><td>Authorisation required</td></tr><tr><td><b>Reason</b></td><td>Sensitive</td></tr><tr><td><b>Upper limit</b></td><td>150 m AGL</td></tr><tr><td><b>Lower limit</b></td><td>not given</td></tr><tr><td><b>Valid</b></td><td>2025-04-15 to 2050-04-15, any day</td></tr></table><p>Authority: <a href="https://www.droneinfo.fi/fi/uas-ilmatilavyohykkeet">Traficom</a></p>]]></description><Polygon><tessellate>1</tessellate><outerBoundaryIs><LinearRing><coordinates>24.664722,63.526389,0 24.665000,63.526111,0 24.664167,63.525833,0 24.663889,63.526111,0 24.664722,63.526389,0</coordinates></LinearRing></outerBoundaryIs></Polygon></Placemark>
<Placemark><name>FIN722 Perhon paloasema UAS</name><styleUrl>#REQ_AUTHORISATION</styleUrl><description><![CDATA[<table><tr><td><b>Identifier</b></td><td>FIN722</td></tr><tr><td><b>Restriction</b></td><td>Authorisation required</td></tr><tr><td><b>Reason</b></td><td>Sensitive</td></tr><tr><td><b>Upper limit</b></td><td>150 m AGL</td></tr><tr><td><b>Lower limit</b></td><td>not given</td></tr><tr><td><b>Valid</b></td><td>2025-04-15 to 2050-04-15, any day</td></tr></table><p>Authority: <a href="https://www.droneinfo.fi/fi/uas-ilmatilavyohykkeet">Traficom</a></p>]]></description><Polygon><tessellate>1</tessellate><outerBoundaryIs><LinearRing><coordinates>24.427500,63.211667,0 24.428333,63.211111,0 24.426944,63.210556,0 24.426389,63.211111,0 24.427500,63.211667,0</coordinates></LinearRing></outerBoundaryIs></Polygon></Placemark>
<Placemark><name>FIN723 Toholammin paloasema UAS</name><styleUrl>#REQ_AUTHORISATION</styleUrl><description><![CDATA[<table><tr><td><b>Identifier</b></td><td>FIN723</td></tr><tr><td><b>Restriction</b></td><td>Authorisation required</td></tr><tr><td><b>Reason</b></td><td>Sensitive</td></tr><tr><td><b>Upper limit</b></td><td>150 m AGL</td></tr><tr><td><b>Lower limit</b></td><td>not given</td></tr><tr><td><b>Valid</b></td><td>2025-04-15 to 2050-04-15, any day</td></tr></table><p>Authority: <a href="https://www.droneinfo.fi/fi/uas-ilmatilavyohykkeet">Traficom</a></p>]]></description><Polygon><tessellate>1</tessellate><outerBoundaryIs><LinearRing><coordinates>24.254722,63.770278,0 24.256111,63.770000,0 24.254722,63.769167,0 24.253889,63.769444,0 24.254722,63.770278,0</coordinates></LinearRing></outerBoundaryIs></Polygon></Placemark>
<Placemark><name>FIN724 Vetelin paloasema UAS</name><styleUrl>#REQ_AUTHORISATION</styleUrl><description><![CDATA[<table><tr><td><b>Identifier</b></td><td>FIN724</td></tr><tr><td><b>Restriction</b></td><td>Authorisation required</td></tr><tr><td><b>Reason</b></td><td>Sensitive</td></tr><tr><td><b>Upper limit</b></td><td>150 m AGL</td></tr><tr><td><b>Lower limit</b></td><td>not given</td></tr><tr><td><b>Valid</b></td><td>2025-04-15 to 2050-04-15, any day</td></tr></table><p>Authority: <a href="https://www.droneinfo.fi/fi/uas-ilmatilavyohykkeet">Traficom</a></p>]]></description><Polygon><tessellate>1</tessellate><outerBoundaryIs><LinearRing><coordinates>23.785556,63.475833,0 23.786111,63.475278,0 23.785278,63.475000,0 23.784444,63.475556,0 23.785556,63.475833,0</coordinates></LinearRing></outerBoundaryIs></Polygon></Placemark>
<Placemark><name>FIN727 Hintta UAS</name><styleUrl>#REQ_AUTHORISATION</styleUrl><description><![CDATA[<table><tr><td><b>Identifier</b></td><td>FIN727</td></tr><tr><td><b>Restriction</b></td><td>Authorisation required</td></tr><tr><td><b>Reason</b></td><td>Sensitive</td></tr><tr><td><b>Upper limit</b></td><td>150 m AGL</td></tr><tr><td><b>Lower limit</b></td><td>not given</td></tr><tr><td><b>Valid</b></td><td>2026-04-15 to 2050-04-13, any day</td></tr></table><p>Authority: <a href="https://www.droneinfo.fi/fi/uas-ilmatilavyohykkeet">Traficom</a></p>]]></description><Polygon><tessellate>1</tessellate><outerBoundaryIs><LinearRing><coordinates>25.524167,65.023056,0 25.526389,65.022500,0 25.524167,65.021111,0 25.521389,65.021667,0 25.522500,65.022778,0 25.524167,65.023056,0</coordinates></LinearRing></outerBoundaryIs></Polygon></Placemark>
<Placemark><name>FIN728 Kurkela UAS</name><styleUrl>#REQ_AUTHORISATION</styleUrl><description><![CDATA[<table><tr><td><b>Identifier</b></td><td>FIN728</td></tr><tr><td><b>Restriction</b></td><td>Authorisation required</td></tr><tr><td><b>Reason</b></td><td>Sensitive</td></tr><tr><td><b>Upper limit</b></td><td>150 m AGL</td></tr><tr><td><b>Lower limit</b></td><td>not given</td></tr><tr><td><b>Valid</b></td><td>2026-04-15 to 2050-04-13, any day</td></tr></table><p>Authority: <a href="https://www.droneinfo.fi/fi/uas-ilmatilavyohykkeet">Traficom</a></p>]]></description><Polygon><tessellate>1</tessellate><outerBoundaryIs><LinearRing><coordinates>25.508889,65.022222,0 25.511667,65.021111,0 25.510833,65.020833,0 25.508889,65.021111,0 25.508889,65.022222,0</coordinates></LinearRing></outerBoundaryIs></Polygon></Placemark>
<Placemark><name>FIN729 UPM Kymi UAS</name><styleUrl>#REQ_AUTHORISATION</styleUrl><description><![CDATA[<table><tr><td><b>Identifier</b></td><td>FIN729</td></tr><tr><td><b>Restriction</b></td><td>Authorisation required</td></tr><tr><td><b>Reason</b></td><td>Sensitive</td></tr><tr><td><b>Upper limit</b></td><td>150 m AGL</td></tr><tr><td><b>Lower limit</b></td><td>not given</td></tr><tr><td><b>Valid</b></td><td>2026-05-05 to 2027-04-14, any day</td></tr></table><p>Authority: <a href="https://www.droneinfo.fi/fi/uas-ilmatilavyohykkeet">Traficom</a></p>]]></description><Polygon><tessellate>1</tessellate><outerBoundaryIs><LinearRing><coordinates>26.645833,60.921944,0 26.670556,60.915556,0 26.679167,60.902222,0 26.667500,60.901667,0 26.657500,60.905556,0 26.645833,60.921944,0</coordinates></LinearRing></outerBoundaryIs></Polygon></Placemark>
<Placemark><name>FIN730 Taalintehdas UAS</name><styleUrl>#REQ_AUTHORISATION</styleUrl><description><![CDATA[<table><tr><td><b>Identifier</b></td><td>FIN730</td></tr><tr><td><b>Restriction</b></td><td>Authorisation required</td></tr><tr><td><b>Reason</b></td><td>Sensitive</td></tr><tr><td><b>Upper limit</b></td><td>150 m AGL</td></tr><tr><td><b>Lower limit</b></td><td>not given</td></tr><tr><td><b>Valid</b></td><td>2026-05-09 to 2050-04-13, any day</td></tr></table><p>Authority: <a href="https://www.droneinfo.fi/fi/uas-ilmatilavyohykkeet">Traficom</a></p>]]></description><Polygon><tessellate>1</tessellate><outerBoundaryIs><LinearRing><coordinates>22.503333,60.019444,0 22.504444,60.018889,0 22.510833,60.017778,0 22.513056,60.017222,0 22.512778,60.015000,0 22.505000,60.015000,0 22.499444,60.016111,0 22.498333,60.016667,0 22.499722,60.016944,0 22.499167,60.018056,0 22.500556,60.018056,0 22.503333,60.019444,0</coordinates></LinearRing></outerBoundaryIs></Polygon></Placemark>
<Placemark><name>FIN731 UPM Raflatac Tampereen tehdas UAS</name><styleUrl>#REQ_AUTHORISATION</styleUrl><description><![CDATA[<table><tr><td><b>Identifier</b></td><td>FIN731</td></tr><tr><td><b>Restriction</b></td><td>Authorisation required</td></tr><tr><td><b>Reason</b></td><td>Sensitive</td></tr><tr><td><b>Upper limit</b></td><td>120 m AGL</td></tr><tr><td><b>Lower limit</b></td><td>not given</td></tr><tr><td><b>Valid</b></td><td>2026-05-12 to 2027-04-14, any day</td></tr></table><p>Authority: <a href="https://www.droneinfo.fi/fi/uas-ilmatilavyohykkeet">Traficom</a></p>]]></description><Polygon><tessellate>1</tessellate><outerBoundaryIs><LinearRing><coordinates>23.605278,61.503889,0 23.610278,61.504167,0 23.610278,61.501667,0 23.605556,61.501389,0 23.605278,61.503889,0</coordinates></LinearRing></outerBoundaryIs></Polygon></Placemark>
<Placemark><name>FIN733 Nammo Jyväskylä UAS</name><styleUrl>#REQ_AUTHORISATION</styleUrl><description><![CDATA[<table><tr><td><b>Identifier</b></td><td>FIN733</td></tr><tr><td><b>Restriction</b></td><td>Authorisation required</td></tr><tr><td><b>Reason</b></td><td>Sensitive</td></tr><tr><td><b>Upper limit</b></td><td>150 m AGL</td></tr><tr><td><b>Lower limit</b></td><td>not given</td></tr><tr><td><b>Valid</b></td><td>2026-05-18 to 2050-04-17, any day</td></tr></table><p>Authority: <a href="https://www.droneinfo.fi/fi/uas-ilmatilavyohykkeet">Traficom</a></p>]]></description><Polygon><tessellate>1</tessellate><outerBoundaryIs><LinearRing><coordinates>25.805833,62.300556,0 25.807500,62.300000,0 25.809444,62.299722,0 25.806111,62.296111,0 25.801944,62.295000,0 25.800556,62.296667,0 25.795278,62.299167,0 25.805833,62.300556,0</coordinates></LinearRing></outerBoundaryIs></Polygon></Placemark>
<Placemark><name>FIN734 Stora Enso Imatra UAS</name><styleUrl>#REQ_AUTHORISATION</styleUrl><description><![CDATA[<table><tr><td><b>Identifier</b></td><td>FIN734</td></tr><tr><td><b>Restriction</b></td><td>Authorisation required</td></tr><tr><td><b>Reason</b></td><td>Sensitive</td></tr><tr><td><b>Upper limit</b></td><td>120 m AGL</td></tr><tr><td><b>Lower limit</b></td><td>not given</td></tr><tr><td><b>Valid</b></td><td>2026-05-30 to 2050-04-13, any day</td></tr></table><p>Authority: <a href="https://www.droneinfo.fi/fi/uas-ilmatilavyohykkeet">Traficom</a></p>]]></description><Polygon><tessellate>1</tessellate><outerBoundaryIs><LinearRing><coordinates>28.864167,61.257500,0 28.877500,61.255000,0 28.868056,61.243056,0 28.863333,61.244722,0 28.861667,61.243889,0 28.856389,61.238611,0 28.849444,61.235833,0 28.845278,61.233611,0 28.823056,61.228056,0 28.813889,61.217778,0 28.802778,61.215556,0 28.791944,61.218889,0 28.790000,61.222500,0 28.768611,61.223889,0 28.769444,61.227500,0 28.793611,61.226389,0 28.804167,61.256111,0 28.844722,61.252778,0 28.860833,61.254722,0 28.864167,61.257500,0</coordinates></LinearRing></outerBoundaryIs></Polygon></Placemark>
<Placemark><name>FIN737 Lapin poliisilaitos Rovaniemi UAS A</name><styleUrl>#REQ_AUTHORISATION</styleUrl><description><![CDATA[<table><tr><td><b>Identifier</b></td><td>FIN737</td></tr><tr><td><b>Restriction</b></td><td>Authorisation required</td></tr><tr><td><b>Reason</b></td><td>Sensitive</td></tr><tr><td><b>Upper limit</b></td><td>150 m AGL</td></tr><tr><td><b>Lower limit</b></td><td>not given</td></tr><tr><td><b>Valid</b></td><td>2026-07-02 to 2050-04-13, any day</td></tr></table><p>Authority: <a href="https://www.droneinfo.fi/fi/uas-ilmatilavyohykkeet">Traficom</a></p>]]></description><Polygon><tessellate>1</tessellate><outerBoundaryIs><LinearRing><coordinates>25.716111,66.499444,0 25.715833,66.499167,0 25.714722,66.499444,0 25.715000,66.499722,0 25.716111,66.499444,0</coordinates></LinearRing></outerBoundaryIs></Polygon></Placemark>
<Placemark><name>FIN738 Lapin poliisilaitos Rovaniemi UAS B</name><styleUrl>#REQ_AUTHORISATION</styleUrl><description><![CDATA[<table><tr><td><b>Identifier</b></td><td>FIN738</td></tr><tr><td><b>Restriction</b></td><td>Authorisation required</td></tr><tr><td><b>Reason</b></td><td>Sensitive</td></tr><tr><td><b>Upper limit</b></td><td>150 m AGL</td></tr><tr><td><b>Lower limit</b></td><td>not given</td></tr><tr><td><b>Valid</b></td><td>2026-07-02 to 2050-04-13, any day</td></tr></table><p>Authority: <a href="https://www.droneinfo.fi/fi/uas-ilmatilavyohykkeet">Traficom</a></p>]]></description><Polygon><tessellate>1</tessellate><outerBoundaryIs><LinearRing><coordinates>25.641944,66.502222,0 25.645000,66.498889,0 25.642222,66.498611,0 25.638611,66.501944,0 25.641944,66.502222,0</coordinates></LinearRing></outerBoundaryIs></Polygon></Placemark>
<Placemark><name>FIN739 Forcit Noormarkku UAS</name><styleUrl>#REQ_AUTHORISATION</styleUrl><description><![CDATA[<table><tr><td><b>Identifier</b></td><td>FIN739</td></tr><tr><td><b>Restriction</b></td><td>Authorisation required</td></tr><tr><td><b>Reason</b></td><td>Sensitive</td></tr><tr><td><b>Upper limit</b></td><td>150 m AGL</td></tr><tr><td><b>Lower limit</b></td><td>not given</td></tr><tr><td><b>Valid</b></td><td>2026-07-12 to 2050-04-13, any day</td></tr></table><p>Authority: <a href="https://www.droneinfo.fi/fi/uas-ilmatilavyohykkeet">Traficom</a></p>]]></description><Polygon><tessellate>1</tessellate><outerBoundaryIs><LinearRing><coordinates>21.868056,61.621667,0 21.878056,61.630278,0 21.885278,61.633056,0 21.886667,61.632500,0 21.891667,61.634167,0 21.894444,61.633333,0 21.900278,61.630556,0 21.901667,61.626389,0 21.904167,61.623889,0 21.908333,61.621389,0 21.899167,61.617500,0 21.894167,61.615000,0 21.885556,61.615833,0 21.880000,61.618333,0 21.874444,61.618333,0 21.868056,61.621667,0</coordinates></LinearRing></outerBoundaryIs></Polygon></Placemark>
<Placemark><name>FIN742 Sinebrychoff Kerava UAS</name><styleUrl>#REQ_AUTHORISATION</styleUrl><description><![CDATA[<table><tr><td><b>Identifier</b></td><td>FIN742</td></tr><tr><td><b>Restriction</b></td><td>Authorisation required</td></tr><tr><td><b>Reason</b></td><td>Sensitive</td></tr><tr><td><b>Upper limit</b></td><td>120 m AGL</td></tr><tr><td><b>Lower limit</b></td><td>not given</td></tr><tr><td><b>Valid</b></td><td>2026-09-13 to 2050-04-13, any day</td></tr></table><p>Authority: <a href="https://www.droneinfo.fi/fi/uas-ilmatilavyohykkeet">Traficom</a></p>]]></description><Polygon><tessellate>1</tessellate><outerBoundaryIs><LinearRing><coordinates>25.109722,60.386389,0 25.116111,60.386389,0 25.116944,60.379167,0 25.106944,60.379444,0 25.109722,60.382778,0 25.109722,60.386389,0</coordinates></LinearRing></outerBoundaryIs></Polygon></Placemark>
<Placemark><name>FIN743 Valmet Rautpohja UAS</name><styleUrl>#REQ_AUTHORISATION</styleUrl><description><![CDATA[<table><tr><td><b>Identifier</b></td><td>FIN743</td></tr><tr><td><b>Restriction</b></td><td>Authorisation required</td></tr><tr><td><b>Reason</b></td><td>Sensitive</td></tr><tr><td><b>Upper limit</b></td><td>120 m AGL</td></tr><tr><td><b>Lower limit</b></td><td>not given</td></tr><tr><td><b>Valid</b></td><td>2026-07-31 to 2050-04-13, any day</td></tr></table><p>Authority: <a href="https://www.droneinfo.fi/fi/uas-ilmatilavyohykkeet">Traficom</a></p>]]></description><Polygon><tessellate>1</tessellate><outerBoundaryIs><LinearRing><coordinates>25.711944,62.240000,0 25.719167,62.237222,0 25.717778,62.236111,0 25.717500,62.234167,0 25.718333,62.233056,0 25.714444,62.232222,0 25.711389,62.234722,0 25.709722,62.235278,0 25.707222,62.235278,0 25.704444,62.234722,0 25.703611,62.236111,0 25.708611,62.236111,0 25.708611,62.237222,0 25.711944,62.240000,0</coordinates></LinearRing></outerBoundaryIs></Polygon></Placemark>
<Placemark><name>FIN746 Eteläesplanadi UAS</name><styleUrl>#REQ_AUTHORISATION</styleUrl><description><![CDATA[<table><tr><td><b>Identifier</b></td><td>FIN746</td></tr><tr><td><b>Restriction</b></td><td>Authorisation required</td></tr><tr><td><b>Reason</b></td><td>Sensitive</td></tr><tr><td><b>Upper limit</b></td><td>200 m AGL</td></tr><tr><td><b>Lower limit</b></td><td>not given</td></tr><tr><td><b>Valid</b></td><td>2026-08-26 to 2050-04-13, any day</td></tr></table><p>Authority: <a href="https://www.droneinfo.fi/fi/uas-ilmatilavyohykkeet">Traficom</a></p>]]></description><Polygon><tessellate>1</tessellate><outerBoundaryIs><LinearRing><coordinates>24.949444,60.167222,0 24.951111,60.167222,0 24.951111,60.166667,0 24.949444,60.166667,0 24.949444,60.167222,0</coordinates></LinearRing></outerBoundaryIs></Polygon></Placemark>
<Placemark><name>FIN747 Merikasarmi UAS</name><styleUrl>#REQ_AUTHORISATION</styleUrl><description><![CDATA[<table><tr><td><b>Identifier</b></td><td>FIN747</td></tr><tr><td><b>Restriction</b></td><td>Authorisation required</td></tr><tr><td><b>Reason</b></td><td>Sensitive</td></tr><tr><td><b>Upper limit</b></td><td>200 m AGL</td></tr><tr><td><b>Lower limit</b></td><td>not given</td></tr><tr><td><b>Valid</b></td><td>2026-08-26 to 2050-04-13, any day</td></tr></table><p>Authority: <a href="https://www.droneinfo.fi/fi/uas-ilmatilavyohykkeet">Traficom</a></p>]]></description><Polygon><tessellate>1</tessellate><outerBoundaryIs><LinearRing><coordinates>24.970000,60.168056,0 24.973889,60.168889,0 24.975278,60.168611,0 24.973889,60.168333,0 24.974722,60.167500,0 24.971389,60.166667,0 24.970000,60.168056,0</coordinates></LinearRing></outerBoundaryIs></Polygon></Placemark>
<Placemark><name>FIN748 Savonlinnan keskussairaala UAS</name><styleUrl>#REQ_AUTHORISATION</styleUrl><description><![CDATA[<table><tr><td><b>Identifier</b></td><td>FIN748</td></tr><tr><td><b>Restriction</b></td><td>Authorisation required</td></tr><tr><td><b>Reason</b></td><td>Sensitive</td></tr><tr><td><b>Upper limit</b></td><td>120 m AGL</td></tr><tr><td><b>Lower limit</b></td><td>not given</td></tr><tr><td><b>Valid</b></td><td>2026-08-31 to 2026-12-30, any day</td></tr></table><p>Authority: <a href="https://www.droneinfo.fi/fi/uas-ilmatilavyohykkeet">Traficom</a></p>]]></description><Polygon><tessellate>1</tessellate><outerBoundaryIs><LinearRing><coordinates>28.855833,61.871389,0 28.855833,61.870000,0 28.852222,61.870000,0 28.852222,61.871389,0 28.855833,61.871389,0</coordinates></LinearRing></outerBoundaryIs></Polygon></Placemark>
<Placemark><name>FIN749 HE 3 Hanasaari UAS</name><styleUrl>#REQ_AUTHORISATION</styleUrl><description><![CDATA[<table><tr><td><b>Identifier</b></td><td>FIN749</td></tr><tr><td><b>Restriction</b></td><td>Authorisation required</td></tr><tr><td><b>Reason</b></td><td>Sensitive</td></tr><tr><td><b>Upper limit</b></td><td>150 m AGL</td></tr><tr><td><b>Lower limit</b></td><td>not given</td></tr><tr><td><b>Valid</b></td><td>2026-09-17 to 2050-04-13, any day</td></tr></table><p>Authority: <a href="https://www.droneinfo.fi/fi/uas-ilmatilavyohykkeet">Traficom</a></p>]]></description><Polygon><tessellate>1</tessellate><outerBoundaryIs><LinearRing><coordinates>24.970833,60.185000,0 24.968889,60.183889,0 24.966944,60.184722,0 24.968611,60.185833,0 24.970833,60.185000,0</coordinates></LinearRing></outerBoundaryIs></Polygon></Placemark>
<Placemark><name>FIN750 HE 4 Hansa UAS</name><styleUrl>#REQ_AUTHORISATION</styleUrl><description><![CDATA[<table><tr><td><b>Identifier</b></td><td>FIN750</td></tr><tr><td><b>Restriction</b></td><td>Authorisation required</td></tr><tr><td><b>Reason</b></td><td>Sensitive</td></tr><tr><td><b>Upper limit</b></td><td>50 m AGL</td></tr><tr><td><b>Lower limit</b></td><td>not given</td></tr><tr><td><b>Valid</b></td><td>2026-09-17 to 2050-04-13, any day</td></tr></table><p>Authority: <a href="https://www.droneinfo.fi/fi/uas-ilmatilavyohykkeet">Traficom</a></p>]]></description><Polygon><tessellate>1</tessellate><outerBoundaryIs><LinearRing><coordinates>24.841389,60.284167,0 24.837778,60.283333,0 24.836389,60.285000,0 24.839167,60.285278,0 24.840000,60.285556,0 24.841389,60.284167,0</coordinates></LinearRing></outerBoundaryIs></Polygon></Placemark>
<Placemark><name>FIN751 HE 5 Viikki UAS</name><styleUrl>#REQ_AUTHORISATION</styleUrl><description><![CDATA[<table><tr><td><b>Identifier</b></td><td>FIN751</td></tr><tr><td><b>Restriction</b></td><td>Authorisation required</td></tr><tr><td><b>Reason</b></td><td>Sensitive</td></tr><tr><td><b>Upper limit</b></td><td>120 m AGL</td></tr><tr><td><b>Lower limit</b></td><td>not given</td></tr><tr><td><b>Valid</b></td><td>2026-09-17 to 2050-04-13, any day</td></tr></table><p>Authority: <a href="https://www.droneinfo.fi/fi/uas-ilmatilavyohykkeet">Traficom</a></p>]]></description><Polygon><tessellate>1</tessellate><outerBoundaryIs><LinearRing><coordinates>24.986667,60.221667,0 24.985833,60.220833,0 24.983333,60.220000,0 24.982500,60.220833,0 24.985556,60.221944,0 24.986667,60.221667,0</coordinates></LinearRing></outerBoundaryIs></Polygon></Placemark>
<Placemark><name>FIN752 HE 6 ja HE 7 Sinimäki UAS</name><styleUrl>#REQ_AUTHORISATION</styleUrl><description><![CDATA[<table><tr><td><b>Identifier</b></td><td>FIN752</td></tr><tr><td><b>Restriction</b></td><td>Authorisation required</td></tr><tr><td><b>Reason</b></td><td>Sensitive</td></tr><tr><td><b>Upper limit</b></td><td>150 m AGL</td></tr><tr><td><b>Lower limit</b></td><td>not given</td></tr><tr><td><b>Valid</b></td><td>2026-09-17 to 2050-04-13, any day</td></tr></table><p>Authority: <a href="https://www.droneinfo.fi/fi/uas-ilmatilavyohykkeet">Traficom</a></p>]]></description><Polygon><tessellate>1</tessellate><outerBoundaryIs><LinearRing><coordinates>24.779722,60.203333,0 24.778611,60.202222,0 24.774167,60.203333,0 24.773611,60.205000,0 24.775833,60.205278,0 24.776111,60.204444,0 24.776944,60.204444,0 24.777222,60.203889,0 24.779722,60.203333,0</coordinates></LinearRing></outerBoundaryIs></Polygon></Placemark>
</Folder>
<Folder><name>No restriction (114)</name>
<Placemark><name>FIN167 EFAA lennokkikenttä UAS</name><styleUrl>#NO_RESTRICTION</styleUrl><description><![CDATA[<table><tr><td><b>Identifier</b></td><td>FIN167</td></tr><tr><td><b>Restriction</b></td><td>No restriction</td></tr><tr><td><b>Reason</b></td><td>Sensitive</td></tr><tr><td><b>Upper limit</b></td><td>3300 ft AMSL</td></tr><tr><td><b>Lower limit</b></td><td>not given</td></tr><tr><td><b>Valid</b></td><td>2021-07-23 to 2027-04-21, any day</td></tr></table><p>Authority: <a href="https://www.droneinfo.fi/fi/uas-ilmatilavyohykkeet">Traficom</a></p>]]></description><Polygon><tessellate>1</tessellate><outerBoundaryIs><LinearRing><coordinates>23.968611,67.621111,0 23.985000,67.617500,0 23.978611,67.591667,0 23.968889,67.588889,0 23.934722,67.596389,0 23.934167,67.613056,0 23.968611,67.621111,0</coordinates></LinearRing></outerBoundaryIs></Polygon></Placemark>
<Placemark><name>FIN168 EFAH lennokkikenttä UAS</name><styleUrl>#NO_RESTRICTION</styleUrl><description><![CDATA[<table><tr><td><b>Identifier</b></td><td>FIN168</td></tr><tr><td><b>Restriction</b></td><td>No restriction</td></tr><tr><td><b>Reason</b></td><td>Sensitive</td></tr><tr><td><b>Upper limit</b></td><td>1700 ft AMSL</td></tr><tr><td><b>Lower limit</b></td><td>not given</td></tr><tr><td><b>Valid</b></td><td>2021-07-23 to 2027-04-21, any day</td></tr></table><p>Authority: <a href="https://www.droneinfo.fi/fi/uas-ilmatilavyohykkeet">Traficom</a></p>]]></description><Polygon><tessellate>1</tessellate><outerBoundaryIs><LinearRing><coordinates>25.754167,64.909722,0 25.784444,64.901944,0 25.784444,64.886111,0 25.754167,64.878333,0 25.723611,64.886111,0 25.723611,64.901944,0 25.754167,64.909722,0</coordinates></LinearRing></outerBoundaryIs></Polygon></Placemark>
<Placemark><name>FIN169 Akaan lennokkikenttä UAS</name><styleUrl>#NO_RESTRICTION</styleUrl><description><![CDATA[<table><tr><td><b>Identifier</b></td><td>FIN169</td></tr><tr><td><b>Restriction</b></td><td>No restriction</td></tr><tr><td><b>Reason</b></td><td>Sensitive</td></tr><tr><td><b>Upper limit</b></td><td>2000 ft AMSL</td></tr><tr><td><b>Lower limit</b></td><td>not given</td></tr><tr><td><b>Valid</b></td><td>2021-07-23 to 2027-04-21, any day</td></tr></table><p>Authority: <a href="https://www.droneinfo.fi/fi/uas-ilmatilavyohykkeet">Traficom</a></p>]]></description><Polygon><tessellate>1</tessellate><outerBoundaryIs><LinearRing><coordinates>23.790833,61.138889,0 23.818611,61.131111,0 23.818611,61.115278,0 23.790833,61.107500,0 23.763056,61.115278,0 23.763056,61.131111,0 23.790833,61.138889,0</coordinates></LinearRing></outerBoundaryIs></Polygon></Placemark>
<Placemark><name>FIN170 EFAL lennokkikenttä UAS</name><styleUrl>#NO_RESTRICTION</styleUrl><description><![CDATA[<table><tr><td><b>Identifier</b></td><td>FIN170</td></tr><tr><td><b>Restriction</b></td><td>No restriction</td></tr><tr><td><b>Reason</b></td><td>Sensitive</td></tr><tr><td><b>Upper limit</b></td><td>2000 ft AMSL</td></tr><tr><td><b>Lower limit</b></td><td>not given</td></tr><tr><td><b>Valid</b></td><td>2021-07-23 to 2027-04-21, any day</td></tr></table><p>Authority: <a href="https://www.droneinfo.fi/fi/uas-ilmatilavyohykkeet">Traficom</a></p>]]></description><Polygon><tessellate>1</tessellate><outerBoundaryIs><LinearRing><coordinates>23.573333,62.570278,0 23.601667,62.562500,0 23.601667,62.546667,0 23.573333,62.538889,0 23.544722,62.546667,0 23.544722,62.562500,0 23.573333,62.570278,0</coordinates></LinearRing></outerBoundaryIs></Polygon></Placemark>
<Placemark><name>FIN171 Hietanevan lennokkikenttä UAS</name><styleUrl>#NO_RESTRICTION</styleUrl><description><![CDATA[<table><tr><td><b>Identifier</b></td><td>FIN171</td></tr><tr><td><b>Restriction</b></td><td>No restriction</td></tr><tr><td><b>Reason</b></td><td>Sensitive</td></tr><tr><td><b>Upper limit</b></td><td>5000 ft AMSL</td></tr><tr><td><b>Lower limit</b></td><td>not given</td></tr><tr><td><b>Valid</b></td><td>2021-07-23 to 2027-04-21, any day</td></tr></table><p>Authority: <a href="https://www.droneinfo.fi/fi/uas-ilmatilavyohykkeet">Traficom</a></p>]]></description><Polygon><tessellate>1</tessellate><outerBoundaryIs><LinearRing><coordinates>23.707222,63.048889,0 23.736389,63.041111,0 23.736389,63.025278,0 23.707222,63.017500,0 23.677778,63.025278,0 23.677778,63.041111,0 23.707222,63.048889,0</coordinates></LinearRing></outerBoundaryIs></Polygon></Placemark>
<Placemark><name>FIN172 Espoon RC-lennokkikenttä UAS</name><styleUrl>#NO_RESTRICTION</styleUrl><description><![CDATA[<table><tr><td><b>Identifier</b></td><td>FIN172</td></tr><tr><td><b>Restriction</b></td><td>No restriction</td></tr><tr><td><b>Reason</b></td><td>Sensitive</td></tr><tr><td><b>Upper limit</b></td><td>1300 ft AMSL</td></tr><tr><td><b>Lower limit</b></td><td>not given</td></tr><tr><td><b>Valid</b></td><td>2021-07-23 to 2027-04-21, any day</td></tr></table><p>Authority: <a href="https://www.droneinfo.fi/fi/uas-ilmatilavyohykkeet">Traficom</a></p>]]></description><Polygon><tessellate>1</tessellate><outerBoundaryIs><LinearRing><coordinates>24.533056,60.257500,0 24.560000,60.249722,0 24.560000,60.233889,0 24.533056,60.226111,0 24.505833,60.233889,0 24.505833,60.249722,0 24.533056,60.257500,0</coordinates></LinearRing></outerBoundaryIs></Polygon></Placemark>
<Placemark><name>FIN173 Kulmakorven lennokkikenttä UAS</name><styleUrl>#NO_RESTRICTION</styleUrl><description><![CDATA[<table><tr><td><b>Identifier</b></td><td>FIN173</td></tr><tr><td><b>Restriction</b></td><td>No restriction</td></tr><tr><td><b>Reason</b></td><td>Sensitive</td></tr><tr><td><b>Upper limit</b></td><td>1300 ft AMSL</td></tr><tr><td><b>Lower limit</b></td><td>not given</td></tr><tr><td><b>Valid</b></td><td>2021-07-23 to 2027-04-21, any day</td></tr></table><p>Authority: <a href="https://www.droneinfo.fi/fi/uas-ilmatilavyohykkeet">Traficom</a></p>]]></description><Polygon><tessellate>1</tessellate><outerBoundaryIs><LinearRing><coordinates>24.559722,60.253056,0 24.586667,60.245278,0 24.586667,60.229444,0 24.559722,60.221667,0 24.532500,60.229444,0 24.532500,60.245278,0 24.559722,60.253056,0</coordinates></LinearRing></outerBoundaryIs></Polygon></Placemark>
<Placemark><name>FIN174 EFEU lennokkikenttä UAS</name><styleUrl>#NO_RESTRICTION</styleUrl><description><![CDATA[<table><tr><td><b>Identifier</b></td><td>FIN174</td></tr><tr><td><b>Restriction</b></td><td>No restriction</td></tr><tr><td><b>Reason</b></td><td>Sensitive</td></tr><tr><td><b>Upper limit</b></td><td>1700 ft AMSL</td></tr><tr><td><b>Lower limit</b></td><td>not given</td></tr><tr><td><b>Valid</b></td><td>2021-07-23 to 2027-04-21, any day</td></tr></table><p>Authority: <a href="https://www.droneinfo.fi/fi/uas-ilmatilavyohykkeet">Traficom</a></p>]]></description><Polygon><tessellate>1</tessellate><outerBoundaryIs><LinearRing><coordinates>22.200000,61.131944,0 22.227778,61.124167,0 22.227778,61.108333,0 22.200000,61.100556,0 22.172222,61.108333,0 22.172222,61.124167,0 22.200000,61.131944,0</coordinates></LinearRing></outerBoundaryIs></Polygon></Placemark>
<Placemark><name>FIN175 EFGE lennokkikenttä UAS</name><styleUrl>#NO_RESTRICTION</styleUrl><description><![CDATA[<table><tr><td><b>Identifier</b></td><td>FIN175</td></tr><tr><td><b>Restriction</b></td><td>No restriction</td></tr><tr><td><b>Reason</b></td><td>Sensitive</td></tr><tr><td><b>Upper limit</b></td><td>5000 ft AMSL</td></tr><tr><td><b>Lower limit</b></td><td>not given</td></tr><tr><td><b>Valid</b></td><td>2021-07-23 to 2027-04-21, any day</td></tr></table><p>Authority: <a href="https://www.droneinfo.fi/fi/uas-ilmatilavyohykkeet">Traficom</a></p>]]></description><Polygon><tessellate>1</tessellate><outerBoundaryIs><LinearRing><coordinates>22.521944,60.102500,0 22.548889,60.094722,0 22.548889,60.078889,0 22.521944,60.071111,0 22.494722,60.078889,0 22.494722,60.094722,0 22.521944,60.102500,0</coordinates></LinearRing></outerBoundaryIs></Polygon></Placemark>
<Placemark><name>FIN176 EFFO lennokkikenttä UAS</name><styleUrl>#NO_RESTRICTION</styleUrl><description><![CDATA[<table><tr><td><b>Identifier</b></td><td>FIN176</td></tr><tr><td><b>Restriction</b></td><td>No restriction</td></tr><tr><td><b>Reason</b></td><td>Sensitive</td></tr><tr><td><b>Upper limit</b></td><td>5000 ft AMSL</td></tr><tr><td><b>Lower limit</b></td><td>not given</td></tr><tr><td><b>Valid</b></td><td>2021-07-23 to 2027-04-21, any day</td></tr></table><p>Authority: <a href="https://www.droneinfo.fi/fi/uas-ilmatilavyohykkeet">Traficom</a></p>]]></description><Polygon><tessellate>1</tessellate><outerBoundaryIs><LinearRing><coordinates>23.650556,60.819167,0 23.677500,60.811389,0 23.677500,60.795556,0 23.650556,60.787778,0 23.623333,60.795556,0 23.623333,60.811389,0 23.650556,60.819167,0</coordinates></LinearRing></outerBoundaryIs></Polygon></Placemark>
<Placemark><name>FIN177 EFHP lennokkikenttä UAS</name><styleUrl>#NO_RESTRICTION</styleUrl><description><![CDATA[<table><tr><td><b>Identifier</b></td><td>FIN177</td></tr><tr><td><b>Restriction</b></td><td>No restriction</td></tr><tr><td><b>Reason</b></td><td>Sensitive</td></tr><tr><td><b>Upper limit</b></td><td>5000 ft AMSL</td></tr><tr><td><b>Lower limit</b></td><td>not given</td></tr><tr><td><b>Valid</b></td><td>2021-07-23 to 2027-04-21, any day</td></tr></table><p>Authority: <a href="https://www.droneinfo.fi/fi/uas-ilmatilavyohykkeet">Traficom</a></p>]]></description><Polygon><tessellate>1</tessellate><outerBoundaryIs><LinearRing><coordinates>25.504167,64.128056,0 25.534444,64.120278,0 25.534444,64.104444,0 25.504167,64.096667,0 25.473611,64.104444,0 25.473611,64.120278,0 25.504167,64.128056,0</coordinates></LinearRing></outerBoundaryIs></Polygon></Placemark>
<Placemark><name>FIN178 Hammaslahden lennokkikenttä UAS</name><styleUrl>#NO_RESTRICTION</styleUrl><description><![CDATA[<table><tr><td><b>Identifier</b></td><td>FIN178</td></tr><tr><td><b>Restriction</b></td><td>No restriction</td></tr><tr><td><b>Reason</b></td><td>Sensitive</td></tr><tr><td><b>Upper limit</b></td><td>2000 ft AMSL</td></tr><tr><td><b>Lower limit</b></td><td>not given</td></tr><tr><td><b>Valid</b></td><td>2021-07-23 to 2027-04-21, any day</td></tr></table><p>Authority: <a href="https://www.droneinfo.fi/fi/uas-ilmatilavyohykkeet">Traficom</a></p>]]></description><Polygon><tessellate>1</tessellate><outerBoundaryIs><LinearRing><coordinates>29.956111,62.449444,0 29.984444,62.441667,0 29.984444,62.425833,0 29.956111,62.418056,0 29.927500,62.425833,0 29.927500,62.441667,0 29.956111,62.449444,0</coordinates></LinearRing></outerBoundaryIs></Polygon></Placemark>
<Placemark><name>FIN179 EFHN lennokkikenttä UAS</name><styleUrl>#NO_RESTRICTION</styleUrl><description><![CDATA[<table><tr><td><b>Identifier</b></td><td>FIN179</td></tr><tr><td><b>Restriction</b></td><td>No restriction</td></tr><tr><td><b>Reason</b></td><td>Sensitive</td></tr><tr><td><b>Upper limit</b></td><td>5000 ft AMSL</td></tr><tr><td><b>Lower limit</b></td><td>not given</td></tr><tr><td><b>Valid</b></td><td>2021-07-23 to 2027-04-21, any day</td></tr></table><p>Authority: <a href="https://www.droneinfo.fi/fi/uas-ilmatilavyohykkeet">Traficom</a></p>]]></description><Polygon><tessellate>1</tessellate><outerBoundaryIs><LinearRing><coordinates>23.085556,59.863611,0 23.111667,59.855833,0 23.111667,59.840000,0 23.085556,59.832222,0 23.059167,59.840000,0 23.059167,59.855833,0 23.085556,59.863611,0</coordinates></LinearRing></outerBoundaryIs></Polygon></Placemark>
<Placemark><name>FIN180 Talosaarentien lennokkikenttä UAS</name><styleUrl>#NO_RESTRICTION</styleUrl><description><![CDATA[<table><tr><td><b>Identifier</b></td><td>FIN180</td></tr><tr><td><b>Restriction</b></td><td>No restriction</td></tr><tr><td><b>Reason</b></td><td>Sensitive</td></tr><tr><td><b>Upper limit</b></td><td>1300 ft AMSL</td></tr><tr><td><b>Lower limit</b></td><td>not given</td></tr><tr><td><b>Valid</b></td><td>2021-07-23 to 2050-04-21, any day</td></tr></table><p>Authority: <a href="https://www.droneinfo.fi/fi/uas-ilmatilavyohykkeet">Traficom</a></p>]]></description><Polygon><tessellate>1</tessellate><outerBoundaryIs><LinearRing><coordinates>25.178333,60.259167,0 25.205278,60.251389,0 25.205278,60.235556,0 25.178333,60.227778,0 25.151111,60.235556,0 25.151111,60.251389,0 25.178333,60.259167,0</coordinates></LinearRing></outerBoundaryIs></Polygon></Placemark>
<Placemark><name>FIN182 EFHM lennokkikenttä UAS</name><styleUrl>#NO_RESTRICTION</styleUrl><description><![CDATA[<table><tr><td><b>Identifier</b></td><td>FIN182</td></tr><tr><td><b>Restriction</b></td><td>No restriction</td></tr><tr><td><b>Reason</b></td><td>Sensitive</td></tr><tr><td><b>Upper limit</b></td><td>5000 ft AMSL</td></tr><tr><td><b>Lower limit</b></td><td>not given</td></tr><tr><td><b>Valid</b></td><td>2021-07-23 to 2027-04-21, any day</td></tr></table><p>Authority: <a href="https://www.droneinfo.fi/fi/uas-ilmatilavyohykkeet">Traficom</a></p>]]></description><Polygon><tessellate>1</tessellate><outerBoundaryIs><LinearRing><coordinates>23.077222,61.705556,0 23.105000,61.697778,0 23.105000,61.681944,0 23.077222,61.674167,0 23.049444,61.681944,0 23.049444,61.697778,0 23.077222,61.705556,0</coordinates></LinearRing></outerBoundaryIs></Polygon></Placemark>
<Placemark><name>FIN183 Vuorentaan lennokkikenttä UAS</name><styleUrl>#NO_RESTRICTION</styleUrl><description><![CDATA[<table><tr><td><b>Identifier</b></td><td>FIN183</td></tr><tr><td><b>Restriction</b></td><td>No restriction</td></tr><tr><td><b>Reason</b></td><td>Sensitive</td></tr><tr><td><b>Upper limit</b></td><td>5000 ft AMSL</td></tr><tr><td><b>Lower limit</b></td><td>not given</td></tr><tr><td><b>Valid</b></td><td>2021-07-23 to 2027-04-21, any day</td></tr></table><p>Authority: <a href="https://www.droneinfo.fi/fi/uas-ilmatilavyohykkeet">Traficom</a></p>]]></description><Polygon><tessellate>1</tessellate><outerBoundaryIs><LinearRing><coordinates>24.365000,61.015278,0 24.391944,61.007500,0 24.391944,60.991667,0 24.365000,60.983889,0 24.337778,60.991667,0 24.337778,61.007500,0 24.365000,61.015278,0</coordinates></LinearRing></outerBoundaryIs></Polygon></Placemark>
<Placemark><name>FIN184 EFII lennokkikenttä UAS</name><styleUrl>#NO_RESTRICTION</styleUrl><description><![CDATA[<table><tr><td><b>Identifier</b></td><td>FIN184</td></tr><tr><td><b>Restriction</b></td><td>No restriction</td></tr><tr><td><b>Reason</b></td><td>Sensitive</td></tr><tr><td><b>Upper limit</b></td><td>5000 ft AMSL</td></tr><tr><td><b>Lower limit</b></td><td>not given</td></tr><tr><td><b>Valid</b></td><td>2021-07-23 to 2027-04-21, any day</td></tr></table><p>Authority: <a href="https://www.droneinfo.fi/fi/uas-ilmatilavyohykkeet">Traficom</a></p>]]></description><Polygon><tessellate>1</tessellate><outerBoundaryIs><LinearRing><coordinates>27.124167,63.647500,0 27.153333,63.639722,0 27.153333,63.623889,0 27.124167,63.616111,0 27.094722,63.623889,0 27.094722,63.639722,0 27.124167,63.647500,0</coordinates></LinearRing></outerBoundaryIs></Polygon></Placemark>
<Placemark><name>FIN185 Poroveden jääalueen lennokkikenttä UAS</name><styleUrl>#NO_RESTRICTION</styleUrl><description><![CDATA[<table><tr><td><b>Identifier</b></td><td>FIN185</td></tr><tr><td><b>Restriction</b></td><td>No restriction</td></tr><tr><td><b>Reason</b></td><td>Sensitive</td></tr><tr><td><b>Upper limit</b></td><td>5000 ft AMSL</td></tr><tr><td><b>Lower limit</b></td><td>not given</td></tr><tr><td><b>Valid</b></td><td>2021-07-23 to 2027-04-21, any day</td></tr></table><p>Authority: <a href="https://www.droneinfo.fi/fi/uas-ilmatilavyohykkeet">Traficom</a></p>]]></description><Polygon><tessellate>1</tessellate><outerBoundaryIs><LinearRing><coordinates>27.160833,63.559444,0 27.190000,63.551667,0 27.190000,63.535833,0 27.160833,63.528056,0 27.131389,63.535833,0 27.131389,63.551667,0 27.160833,63.559444,0</coordinates></LinearRing></outerBoundaryIs></Polygon></Placemark>
<Placemark><name>FIN186 EFIM lennokkikenttä UAS</name><styleUrl>#NO_RESTRICTION</styleUrl><description><![CDATA[<table><tr><td><b>Identifier</b></td><td>FIN186</td></tr><tr><td><b>Restriction</b></td><td>No restriction</td></tr><tr><td><b>Reason</b></td><td>Sensitive</td></tr><tr><td><b>Upper limit</b></td><td>5000 ft AMSL</td></tr><tr><td><b>Lower limit</b></td><td>not given</td></tr><tr><td><b>Valid</b></td><td>2021-07-23 to 2027-04-21, any day</td></tr></table><p>Authority: <a href="https://www.droneinfo.fi/fi/uas-ilmatilavyohykkeet">Traficom</a></p>]]></description><Polygon><tessellate>1</tessellate><outerBoundaryIs><LinearRing><coordinates>28.903611,61.265278,0 28.931389,61.257500,0 28.931389,61.241667,0 28.903611,61.233889,0 28.875833,61.241667,0 28.875833,61.257500,0 28.903611,61.265278,0</coordinates></LinearRing></outerBoundaryIs></Polygon></Placemark>
<Placemark><name>FIN187 Joutsenon lennokkikenttä UAS</name><styleUrl>#NO_RESTRICTION</styleUrl><description><![CDATA[<table><tr><td><b>Identifier</b></td><td>FIN187</td></tr><tr><td><b>Restriction</b></td><td>No restriction</td></tr><tr><td><b>Reason</b></td><td>Sensitive</td></tr><tr><td><b>Upper limit</b></td><td>1600 ft AMSL</td></tr><tr><td><b>Lower limit</b></td><td>not given</td></tr><tr><td><b>Valid</b></td><td>2021-07-23 to 2027-04-21, any day</td></tr></table><p>Authority: <a href="https://www.droneinfo.fi/fi/uas-ilmatilavyohykkeet">Traficom</a></p>]]></description><Polygon><tessellate>1</tessellate><outerBoundaryIs><LinearRing><coordinates>28.526111,61.127500,0 28.553611,61.120000,0 28.553889,61.104167,0 28.526389,61.096389,0 28.502500,61.121111,0 28.526111,61.127500,0</coordinates></LinearRing></outerBoundaryIs></Polygon></Placemark>
<Placemark><name>FIN188 Maanläjitysalue Reijolan lennokkikenttä UAS</name><styleUrl>#NO_RESTRICTION</styleUrl><description><![CDATA[<table><tr><td><b>Identifier</b></td><td>FIN188</td></tr><tr><td><b>Restriction</b></td><td>No restriction</td></tr><tr><td><b>Reason</b></td><td>Sensitive</td></tr><tr><td><b>Upper limit</b></td><td>2000 ft AMSL</td></tr><tr><td><b>Lower limit</b></td><td>not given</td></tr><tr><td><b>Valid</b></td><td>2021-07-23 to 2027-04-21, any day</td></tr></table><p>Authority: <a href="https://www.droneinfo.fi/fi/uas-ilmatilavyohykkeet">Traficom</a></p>]]></description><Polygon><tessellate>1</tessellate><outerBoundaryIs><LinearRing><coordinates>29.861389,62.545278,0 29.889722,62.537500,0 29.889722,62.521667,0 29.861389,62.513889,0 29.832778,62.521667,0 29.832778,62.537500,0 29.861389,62.545278,0</coordinates></LinearRing></outerBoundaryIs></Polygon></Placemark>
<Placemark><name>FIN189 Niva Pyhäselkä UAS</name><styleUrl>#NO_RESTRICTION</styleUrl><description><![CDATA[<table><tr><td><b>Identifier</b></td><td>FIN189</td></tr><tr><td><b>Restriction</b></td><td>No restriction</td></tr><tr><td><b>Reason</b></td><td>Sensitive</td></tr><tr><td><b>Upper limit</b></td><td>2000 ft AMSL</td></tr><tr><td><b>Lower limit</b></td><td>not given</td></tr><tr><td><b>Valid</b></td><td>2021-07-23 to 2027-04-21, any day</td></tr></table><p>Authority: <a href="https://www.droneinfo.fi/fi/uas-ilmatilavyohykkeet">Traficom</a></p>]]></description><Polygon><tessellate>1</tessellate><outerBoundaryIs><LinearRing><coordinates>29.846111,62.425000,0 29.874444,62.417222,0 29.874444,62.401389,0 29.846111,62.393611,0 29.817500,62.401389,0 29.817500,62.417222,0 29.846111,62.425000,0</coordinates></LinearRing></outerBoundaryIs></Polygon></Placemark>
<Placemark><name>FIN190 Pyhäselkä UAS</name><styleUrl>#NO_RESTRICTION</styleUrl><description><![CDATA[<table><tr><td><b>Identifier</b></td><td>FIN190</td></tr><tr><td><b>Restriction</b></td><td>No restriction</td></tr><tr><td><b>Reason</b></td><td>Sensitive</td></tr><tr><td><b>Upper limit</b></td><td>2000 ft AMSL</td></tr><tr><td><b>Lower limit</b></td><td>not given</td></tr><tr><td><b>Valid</b></td><td>2021-07-23 to 2027-04-21, any day</td></tr></table><p>Authority: <a href="https://www.droneinfo.fi/fi/uas-ilmatilavyohykkeet">Traficom</a></p>]]></description><Polygon><tessellate>1</tessellate><outerBoundaryIs><LinearRing><coordinates>29.748333,62.587500,0 29.720556,62.578611,0 29.693611,62.586944,0 29.693333,62.597500,0 29.721667,62.595000,0 29.723611,62.596389,0 29.748333,62.587500,0</coordinates></LinearRing></outerBoundaryIs></Polygon></Placemark>
<Placemark><name>FIN191 Mustavaara UAS</name><styleUrl>#NO_RESTRICTION</styleUrl><description><![CDATA[<table><tr><td><b>Identifier</b></td><td>FIN191</td></tr><tr><td><b>Restriction</b></td><td>No restriction</td></tr><tr><td><b>Reason</b></td><td>Sensitive</td></tr><tr><td><b>Upper limit</b></td><td>2000 ft AMSL</td></tr><tr><td><b>Lower limit</b></td><td>not given</td></tr><tr><td><b>Valid</b></td><td>2021-07-23 to 2027-04-21, any day</td></tr></table><p>Authority: <a href="https://www.droneinfo.fi/fi/uas-ilmatilavyohykkeet">Traficom</a></p>]]></description><Polygon><tessellate>1</tessellate><outerBoundaryIs><LinearRing><coordinates>30.134167,62.633056,0 30.162500,62.625278,0 30.162500,62.609444,0 30.134167,62.601667,0 30.105556,62.609444,0 30.105556,62.625278,0 30.134167,62.633056,0</coordinates></LinearRing></outerBoundaryIs></Polygon></Placemark>
<Placemark><name>FIN192 EFJM lennokkikenttä UAS</name><styleUrl>#NO_RESTRICTION</styleUrl><description><![CDATA[<table><tr><td><b>Identifier</b></td><td>FIN192</td></tr><tr><td><b>Restriction</b></td><td>No restriction</td></tr><tr><td><b>Reason</b></td><td>Sensitive</td></tr><tr><td><b>Upper limit</b></td><td>5000 ft AMSL</td></tr><tr><td><b>Lower limit</b></td><td>not given</td></tr><tr><td><b>Valid</b></td><td>2021-07-23 to 2027-04-21, any day</td></tr></table><p>Authority: <a href="https://www.droneinfo.fi/fi/uas-ilmatilavyohykkeet">Traficom</a></p>]]></description><Polygon><tessellate>1</tessellate><outerBoundaryIs><LinearRing><coordinates>22.716111,61.794444,0 22.743889,61.786667,0 22.743889,61.770833,0 22.716111,61.763056,0 22.688333,61.770833,0 22.688333,61.786667,0 22.716111,61.794444,0</coordinates></LinearRing></outerBoundaryIs></Polygon></Placemark>
<Placemark><name>FIN193 Jämsän lennokkikenttä UAS</name><styleUrl>#NO_RESTRICTION</styleUrl><description><![CDATA[<table><tr><td><b>Identifier</b></td><td>FIN193</td></tr><tr><td><b>Restriction</b></td><td>No restriction</td></tr><tr><td><b>Reason</b></td><td>Sensitive</td></tr><tr><td><b>Upper limit</b></td><td>2000 ft AMSL</td></tr><tr><td><b>Lower limit</b></td><td>not given</td></tr><tr><td><b>Valid</b></td><td>2021-07-23 to 2027-04-21, any day</td></tr></table><p>Authority: <a href="https://www.droneinfo.fi/fi/uas-ilmatilavyohykkeet">Traficom</a></p>]]></description><Polygon><tessellate>1</tessellate><outerBoundaryIs><LinearRing><coordinates>25.093333,61.886944,0 25.121111,61.879167,0 25.121111,61.863333,0 25.093333,61.855556,0 25.065556,61.863333,0 25.065556,61.879167,0 25.093333,61.886944,0</coordinates></LinearRing></outerBoundaryIs></Polygon></Placemark>
<Placemark><name>FIN194 Keljonrannan lennokkikenttä UAS</name><styleUrl>#NO_RESTRICTION</styleUrl><description><![CDATA[<table><tr><td><b>Identifier</b></td><td>FIN194</td></tr><tr><td><b>Restriction</b></td><td>No restriction</td></tr><tr><td><b>Reason</b></td><td>Sensitive</td></tr><tr><td><b>Upper limit</b></td><td>2000 ft AMSL</td></tr><tr><td><b>Lower limit</b></td><td>not given</td></tr><tr><td><b>Valid</b></td><td>2021-07-23 to 2027-04-21, any day</td></tr></table><p>Authority: <a href="https://www.droneinfo.fi/fi/uas-ilmatilavyohykkeet">Traficom</a></p>]]></description><Polygon><tessellate>1</tessellate><outerBoundaryIs><LinearRing><coordinates>25.717222,62.208056,0 25.741944,62.196944,0 25.760000,62.188333,0 25.734167,62.181389,0 25.705833,62.189167,0 25.705556,62.204722,0 25.717222,62.208056,0</coordinates></LinearRing></outerBoundaryIs></Polygon></Placemark>
<Placemark><name>FIN195 Tikkamannilan lennokkikenttä UAS</name><styleUrl>#NO_RESTRICTION</styleUrl><description><![CDATA[<table><tr><td><b>Identifier</b></td><td>FIN195</td></tr><tr><td><b>Restriction</b></td><td>No restriction</td></tr><tr><td><b>Reason</b></td><td>Sensitive</td></tr><tr><td><b>Upper limit</b></td><td>2000 ft AMSL</td></tr><tr><td><b>Lower limit</b></td><td>not given</td></tr><tr><td><b>Valid</b></td><td>2021-07-23 to 2027-04-21, any day</td></tr></table><p>Authority: <a href="https://www.droneinfo.fi/fi/uas-ilmatilavyohykkeet">Traficom</a></p>]]></description><Polygon><tessellate>1</tessellate><outerBoundaryIs><LinearRing><coordinates>25.695278,62.384167,0 25.703333,62.379444,0 25.701389,62.372222,0 25.676111,62.374167,0 25.673889,62.381111,0 25.683889,62.385000,0 25.695278,62.384167,0</coordinates></LinearRing></outerBoundaryIs></Polygon></Placemark>
<Placemark><name>FIN196 Ainolan lennokkikenttä UAS</name><styleUrl>#NO_RESTRICTION</styleUrl><description><![CDATA[<table><tr><td><b>Identifier</b></td><td>FIN196</td></tr><tr><td><b>Restriction</b></td><td>No restriction</td></tr><tr><td><b>Reason</b></td><td>Sensitive</td></tr><tr><td><b>Upper limit</b></td><td>1300 ft AMSL</td></tr><tr><td><b>Lower limit</b></td><td>not given</td></tr><tr><td><b>Valid</b></td><td>2021-07-23 to 2027-04-21, any day</td></tr></table><p>Authority: <a href="https://www.droneinfo.fi/fi/uas-ilmatilavyohykkeet">Traficom</a></p>]]></description><Polygon><tessellate>1</tessellate><outerBoundaryIs><LinearRing><coordinates>25.098611,60.468889,0 25.124444,60.461111,0 25.125000,60.445556,0 25.099167,60.438056,0 25.080556,60.450556,0 25.071389,60.461111,0 25.098611,60.468889,0</coordinates></LinearRing></outerBoundaryIs></Polygon></Placemark>
<Placemark><name>FIN197 Tuusulanjärven lennokkikenttä UAS</name><styleUrl>#NO_RESTRICTION</styleUrl><description><![CDATA[<table><tr><td><b>Identifier</b></td><td>FIN197</td></tr><tr><td><b>Restriction</b></td><td>No restriction</td></tr><tr><td><b>Reason</b></td><td>Sensitive</td></tr><tr><td><b>Upper limit</b></td><td>1300 ft AMSL</td></tr><tr><td><b>Lower limit</b></td><td>not given</td></tr><tr><td><b>Valid</b></td><td>2021-07-23 to 2027-04-21, any day</td></tr></table><p>Authority: <a href="https://www.droneinfo.fi/fi/uas-ilmatilavyohykkeet">Traficom</a></p>]]></description><Polygon><tessellate>1</tessellate><outerBoundaryIs><LinearRing><coordinates>25.078889,60.458056,0 25.079444,60.456944,0 25.076389,60.454444,0 25.078056,60.451944,0 25.077222,60.450833,0 25.076667,60.449722,0 25.075278,60.449722,0 25.075000,60.449167,0 25.075556,60.448889,0 25.053333,60.449722,0 25.053611,60.450278,0 25.056667,60.452500,0 25.061944,60.454444,0 25.065833,60.455278,0 25.068611,60.459444,0 25.072500,60.463333,0 25.080000,60.468333,0 25.082500,60.468056,0 25.078889,60.458056,0</coordinates></LinearRing></outerBoundaryIs></Polygon></Placemark>
<Placemark><name>FIN198 EFKJ lennokkikenttä UAS</name><styleUrl>#NO_RESTRICTION</styleUrl><description><![CDATA[<table><tr><td><b>Identifier</b></td><td>FIN198</td></tr><tr><td><b>Restriction</b></td><td>No restriction</td></tr><tr><td><b>Reason</b></td><td>Sensitive</td></tr><tr><td><b>Upper limit</b></td><td>5000 ft AMSL</td></tr><tr><td><b>Lower limit</b></td><td>not given</td></tr><tr><td><b>Valid</b></td><td>2021-07-23 to 2027-04-21, any day</td></tr></table><p>Authority: <a href="https://www.droneinfo.fi/fi/uas-ilmatilavyohykkeet">Traficom</a></p>]]></description><Polygon><tessellate>1</tessellate><outerBoundaryIs><LinearRing><coordinates>22.394722,62.479722,0 22.423056,62.471944,0 22.423056,62.456111,0 22.394722,62.448333,0 22.366111,62.456111,0 22.366111,62.471944,0 22.394722,62.479722,0</coordinates></LinearRing></outerBoundaryIs></Polygon></Placemark>
<Placemark><name>FIN199 EFKA lennokkikenttä UAS</name><styleUrl>#NO_RESTRICTION</styleUrl><description><![CDATA[<table><tr><td><b>Identifier</b></td><td>FIN199</td></tr><tr><td><b>Restriction</b></td><td>No restriction</td></tr><tr><td><b>Reason</b></td><td>Sensitive</td></tr><tr><td><b>Upper limit</b></td><td>5000 ft AMSL</td></tr><tr><td><b>Lower limit</b></td><td>not given</td></tr><tr><td><b>Valid</b></td><td>2021-07-23 to 2027-04-21, any day</td></tr></table><p>Authority: <a href="https://www.droneinfo.fi/fi/uas-ilmatilavyohykkeet">Traficom</a></p>]]></description><Polygon><tessellate>1</tessellate><outerBoundaryIs><LinearRing><coordinates>23.056389,63.135278,0 23.085556,63.127500,0 23.085556,63.111667,0 23.056389,63.103889,0 23.026944,63.111667,0 23.026944,63.127500,0 23.056389,63.135278,0</coordinates></LinearRing></outerBoundaryIs></Polygon></Placemark>
<Placemark><name>FIN200 EFKM lennokkikenttä UAS</name><styleUrl>#NO_RESTRICTION</styleUrl><description><![CDATA[<table><tr><td><b>Identifier</b></td><td>FIN200</td></tr><tr><td><b>Restriction</b></td><td>No restriction</td></tr><tr><td><b>Reason</b></td><td>Sensitive</td></tr><tr><td><b>Upper limit</b></td><td>5000 ft AMSL</td></tr><tr><td><b>Lower limit</b></td><td>not given</td></tr><tr><td><b>Valid</b></td><td>2021-07-23 to 2027-04-21, any day</td></tr></table><p>Authority: <a href="https://www.droneinfo.fi/fi/uas-ilmatilavyohykkeet">Traficom</a></p>]]></description><Polygon><tessellate>1</tessellate><outerBoundaryIs><LinearRing><coordinates>27.155833,66.731111,0 27.188056,66.723333,0 27.188056,66.707500,0 27.155833,66.699722,0 27.123333,66.707500,0 27.123333,66.723333,0 27.155833,66.731111,0</coordinates></LinearRing></outerBoundaryIs></Polygon></Placemark>
<Placemark><name>FIN201 Keinukallion lennokkikenttä UAS</name><styleUrl>#NO_RESTRICTION</styleUrl><description><![CDATA[<table><tr><td><b>Identifier</b></td><td>FIN201</td></tr><tr><td><b>Restriction</b></td><td>No restriction</td></tr><tr><td><b>Reason</b></td><td>Sensitive</td></tr><tr><td><b>Upper limit</b></td><td>1300 ft AMSL</td></tr><tr><td><b>Lower limit</b></td><td>not given</td></tr><tr><td><b>Valid</b></td><td>2021-07-23 to 2027-04-21, any day</td></tr></table><p>Authority: <a href="https://www.droneinfo.fi/fi/uas-ilmatilavyohykkeet">Traficom</a></p>]]></description><Polygon><tessellate>1</tessellate><outerBoundaryIs><LinearRing><coordinates>25.142500,60.396667,0 25.169444,60.388889,0 25.169444,60.373056,0 25.142500,60.365278,0 25.115278,60.373056,0 25.115278,60.388889,0 25.142500,60.396667,0</coordinates></LinearRing></outerBoundaryIs></Polygon></Placemark>
<Placemark><name>FIN202 Kesälahden lennokkikenttä UAS</name><styleUrl>#NO_RESTRICTION</styleUrl><description><![CDATA[<table><tr><td><b>Identifier</b></td><td>FIN202</td></tr><tr><td><b>Restriction</b></td><td>No restriction</td></tr><tr><td><b>Reason</b></td><td>Sensitive</td></tr><tr><td><b>Upper limit</b></td><td>1900 ft AMSL</td></tr><tr><td><b>Lower limit</b></td><td>not given</td></tr><tr><td><b>Valid</b></td><td>2021-07-23 to 2027-04-21, any day</td></tr></table><p>Authority: <a href="https://www.droneinfo.fi/fi/uas-ilmatilavyohykkeet">Traficom</a></p>]]></description><Polygon><tessellate>1</tessellate><outerBoundaryIs><LinearRing><coordinates>29.680833,61.978611,0 29.754722,61.957778,0 29.754722,61.916389,0 29.680833,61.895556,0 29.606667,61.916389,0 29.606667,61.957778,0 29.680833,61.978611,0</coordinates></LinearRing></outerBoundaryIs></Polygon></Placemark>
<Placemark><name>FIN203 EFIK lennokkikenttä UAS</name><styleUrl>#NO_RESTRICTION</styleUrl><description><![CDATA[<table><tr><td><b>Identifier</b></td><td>FIN203</td></tr><tr><td><b>Restriction</b></td><td>No restriction</td></tr><tr><td><b>Reason</b></td><td>Sensitive</td></tr><tr><td><b>Upper limit</b></td><td>5000 ft AMSL</td></tr><tr><td><b>Lower limit</b></td><td>not given</td></tr><tr><td><b>Valid</b></td><td>2021-07-23 to 2027-04-21, any day</td></tr></table><p>Authority: <a href="https://www.droneinfo.fi/fi/uas-ilmatilavyohykkeet">Traficom</a></p>]]></description><Polygon><tessellate>1</tessellate><outerBoundaryIs><LinearRing><coordinates>23.651111,60.478889,0 23.678056,60.471111,0 23.678056,60.455278,0 23.651111,60.447500,0 23.623889,60.455278,0 23.623889,60.471111,0 23.651111,60.478889,0</coordinates></LinearRing></outerBoundaryIs></Polygon></Placemark>
<Placemark><name>FIN204 EFIT lennokkikenttä UAS</name><styleUrl>#NO_RESTRICTION</styleUrl><description><![CDATA[<table><tr><td><b>Identifier</b></td><td>FIN204</td></tr><tr><td><b>Restriction</b></td><td>No restriction</td></tr><tr><td><b>Reason</b></td><td>Sensitive</td></tr><tr><td><b>Upper limit</b></td><td>5000 ft AMSL</td></tr><tr><td><b>Lower limit</b></td><td>not given</td></tr><tr><td><b>Valid</b></td><td>2021-07-23 to 2027-04-21, any day</td></tr></table><p>Authority: <a href="https://www.droneinfo.fi/fi/uas-ilmatilavyohykkeet">Traficom</a></p>]]></description><Polygon><tessellate>1</tessellate><outerBoundaryIs><LinearRing><coordinates>30.073889,62.181667,0 30.102222,62.173889,0 30.102222,62.158056,0 30.073889,62.150278,0 30.045278,62.158056,0 30.045278,62.173889,0 30.073889,62.181667,0</coordinates></LinearRing></outerBoundaryIs></Polygon></Placemark>
<Placemark><name>FIN205 Toipilanperän lennokkikenttä UAS</name><styleUrl>#NO_RESTRICTION</styleUrl><description><![CDATA[<table><tr><td><b>Identifier</b></td><td>FIN205</td></tr><tr><td><b>Restriction</b></td><td>No restriction</td></tr><tr><td><b>Reason</b></td><td>Sensitive</td></tr><tr><td><b>Upper limit</b></td><td>5000 ft AMSL</td></tr><tr><td><b>Lower limit</b></td><td>not given</td></tr><tr><td><b>Valid</b></td><td>2021-07-23 to 2027-04-21, any day</td></tr></table><p>Authority: <a href="https://www.droneinfo.fi/fi/uas-ilmatilavyohykkeet">Traficom</a></p>]]></description><Polygon><tessellate>1</tessellate><outerBoundaryIs><LinearRing><coordinates>26.701667,63.650278,0 26.730833,63.642500,0 26.730833,63.626667,0 26.701667,63.618889,0 26.672222,63.626667,0 26.672222,63.642500,0 26.701667,63.650278,0</coordinates></LinearRing></outerBoundaryIs></Polygon></Placemark>
<Placemark><name>FIN206 EFRV lennokkikenttä UAS</name><styleUrl>#NO_RESTRICTION</styleUrl><description><![CDATA[<table><tr><td><b>Identifier</b></td><td>FIN206</td></tr><tr><td><b>Restriction</b></td><td>No restriction</td></tr><tr><td><b>Reason</b></td><td>Sensitive</td></tr><tr><td><b>Upper limit</b></td><td>5000 ft AMSL</td></tr><tr><td><b>Lower limit</b></td><td>not given</td></tr><tr><td><b>Valid</b></td><td>2021-07-23 to 2027-04-21, any day</td></tr></table><p>Authority: <a href="https://www.droneinfo.fi/fi/uas-ilmatilavyohykkeet">Traficom</a></p>]]></description><Polygon><tessellate>1</tessellate><outerBoundaryIs><LinearRing><coordinates>26.617222,63.719167,0 26.646389,63.711389,0 26.646389,63.695556,0 26.617222,63.687778,0 26.587778,63.695556,0 26.587778,63.711389,0 26.617222,63.719167,0</coordinates></LinearRing></outerBoundaryIs></Polygon></Placemark>
<Placemark><name>FIN207 Lappalanjärven lennokkikenttä UAS</name><styleUrl>#NO_RESTRICTION</styleUrl><description><![CDATA[<table><tr><td><b>Identifier</b></td><td>FIN207</td></tr><tr><td><b>Restriction</b></td><td>No restriction</td></tr><tr><td><b>Reason</b></td><td>Sensitive</td></tr><tr><td><b>Upper limit</b></td><td>1800 ft AMSL</td></tr><tr><td><b>Lower limit</b></td><td>not given</td></tr><tr><td><b>Valid</b></td><td>2021-07-23 to 2027-04-21, any day</td></tr></table><p>Authority: <a href="https://www.droneinfo.fi/fi/uas-ilmatilavyohykkeet">Traficom</a></p>]]></description><Polygon><tessellate>1</tessellate><outerBoundaryIs><LinearRing><coordinates>26.774167,60.952500,0 26.801111,60.944722,0 26.801111,60.928889,0 26.774167,60.921111,0 26.746944,60.928889,0 26.746944,60.944722,0 26.774167,60.952500,0</coordinates></LinearRing></outerBoundaryIs></Polygon></Placemark>
<Placemark><name>FIN208 Kaatis lennokkikenttä UAS</name><styleUrl>#NO_RESTRICTION</styleUrl><description><![CDATA[<table><tr><td><b>Identifier</b></td><td>FIN208</td></tr><tr><td><b>Restriction</b></td><td>No restriction</td></tr><tr><td><b>Reason</b></td><td>Sensitive</td></tr><tr><td><b>Upper limit</b></td><td>2000 ft AMSL</td></tr><tr><td><b>Lower limit</b></td><td>not given</td></tr><tr><td><b>Valid</b></td><td>2021-07-23 to 2027-04-21, any day</td></tr></table><p>Authority: <a href="https://www.droneinfo.fi/fi/uas-ilmatilavyohykkeet">Traficom</a></p>]]></description><Polygon><tessellate>1</tessellate><outerBoundaryIs><LinearRing><coordinates>27.545556,62.853333,0 27.573889,62.845556,0 27.573889,62.829722,0 27.545556,62.821944,0 27.516944,62.829722,0 27.516944,62.845556,0 27.545556,62.853333,0</coordinates></LinearRing></outerBoundaryIs></Polygon></Placemark>
<Placemark><name>FIN209 EFKY lennokkikenttä UAS</name><styleUrl>#NO_RESTRICTION</styleUrl><description><![CDATA[<table><tr><td><b>Identifier</b></td><td>FIN209</td></tr><tr><td><b>Restriction</b></td><td>No restriction</td></tr><tr><td><b>Reason</b></td><td>Sensitive</td></tr><tr><td><b>Upper limit</b></td><td>5000 ft AMSL</td></tr><tr><td><b>Lower limit</b></td><td>not given</td></tr><tr><td><b>Valid</b></td><td>2021-07-23 to 2027-04-21, any day</td></tr></table><p>Authority: <a href="https://www.droneinfo.fi/fi/uas-ilmatilavyohykkeet">Traficom</a></p>]]></description><Polygon><tessellate>1</tessellate><outerBoundaryIs><LinearRing><coordinates>26.893889,60.590556,0 26.920833,60.582778,0 26.920833,60.566944,0 26.893889,60.559167,0 26.866667,60.566944,0 26.866667,60.582778,0 26.893889,60.590556,0</coordinates></LinearRing></outerBoundaryIs></Polygon></Placemark>
<Placemark><name>FIN210 Kymijärven lennokkikenttä UAS</name><styleUrl>#NO_RESTRICTION</styleUrl><description><![CDATA[<table><tr><td><b>Identifier</b></td><td>FIN210</td></tr><tr><td><b>Restriction</b></td><td>No restriction</td></tr><tr><td><b>Reason</b></td><td>Sensitive</td></tr><tr><td><b>Upper limit</b></td><td>5000 ft AMSL</td></tr><tr><td><b>Lower limit</b></td><td>not given</td></tr><tr><td><b>Valid</b></td><td>2021-07-23 to 2027-04-21, any day</td></tr></table><p>Authority: <a href="https://www.droneinfo.fi/fi/uas-ilmatilavyohykkeet">Traficom</a></p>]]></description><Polygon><tessellate>1</tessellate><outerBoundaryIs><LinearRing><coordinates>25.746667,61.001111,0 25.773611,60.993333,0 25.773611,60.977500,0 25.746667,60.969722,0 25.719444,60.977500,0 25.719444,60.993333,0 25.746667,61.001111,0</coordinates></LinearRing></outerBoundaryIs></Polygon></Placemark>
<Placemark><name>FIN211 EFLL lennokkikenttä UAS</name><styleUrl>#NO_RESTRICTION</styleUrl><description><![CDATA[<table><tr><td><b>Identifier</b></td><td>FIN211</td></tr><tr><td><b>Restriction</b></td><td>No restriction</td></tr><tr><td><b>Reason</b></td><td>Sensitive</td></tr><tr><td><b>Upper limit</b></td><td>5000 ft AMSL</td></tr><tr><td><b>Lower limit</b></td><td>not given</td></tr><tr><td><b>Valid</b></td><td>2021-07-23 to 2027-04-21, any day</td></tr></table><p>Authority: <a href="https://www.droneinfo.fi/fi/uas-ilmatilavyohykkeet">Traficom</a></p>]]></description><Polygon><tessellate>1</tessellate><outerBoundaryIs><LinearRing><coordinates>27.478889,63.415000,0 27.507778,63.407222,0 27.508333,63.398333,0 27.459444,63.388611,0 27.449167,63.391389,0 27.449444,63.407500,0 27.478889,63.415000,0</coordinates></LinearRing></outerBoundaryIs></Polygon></Placemark>
<Placemark><name>FIN212 EFLP lennokkikenttä</name><styleUrl>#NO_RESTRICTION</styleUrl><description><![CDATA[<table><tr><td><b>Identifier</b></td><td>FIN212</td></tr><tr><td><b>Restriction</b></td><td>No restriction</td></tr><tr><td><b>Reason</b></td><td>Sensitive</td></tr><tr><td><b>Upper limit</b></td><td>1600 ft AMSL</td></tr><tr><td><b>Lower limit</b></td><td>not given</td></tr><tr><td><b>Valid</b></td><td>2021-07-23 to 2027-04-21, any day</td></tr></table><p>Authority: <a href="https://www.droneinfo.fi/fi/uas-ilmatilavyohykkeet">Traficom</a></p>]]></description><Polygon><tessellate>1</tessellate><outerBoundaryIs><LinearRing><coordinates>28.142222,61.058611,0 28.170000,61.050833,0 28.170000,61.035000,0 28.142222,61.027222,0 28.114444,61.035000,0 28.114444,61.050833,0 28.142222,61.058611,0</coordinates></LinearRing></outerBoundaryIs></Polygon></Placemark>
<Placemark><name>FIN213 Leppälahden lennokkikenttä</name><styleUrl>#NO_RESTRICTION</styleUrl><description><![CDATA[<table><tr><td><b>Identifier</b></td><td>FIN213</td></tr><tr><td><b>Restriction</b></td><td>No restriction</td></tr><tr><td><b>Reason</b></td><td>Sensitive</td></tr><tr><td><b>Upper limit</b></td><td>2000 ft AMSL</td></tr><tr><td><b>Lower limit</b></td><td>not given</td></tr><tr><td><b>Valid</b></td><td>2021-07-23 to 2027-04-21, any day</td></tr></table><p>Authority: <a href="https://www.droneinfo.fi/fi/uas-ilmatilavyohykkeet">Traficom</a></p>]]></description><Polygon><tessellate>1</tessellate><outerBoundaryIs><LinearRing><coordinates>25.959722,62.244722,0 25.973611,62.240556,0 25.973611,62.225000,0 25.944722,62.216944,0 25.917778,62.224722,0 25.959722,62.244722,0</coordinates></LinearRing></outerBoundaryIs></Polygon></Placemark>
<Placemark><name>FIN214 EFLN lennokkikenttä UAS</name><styleUrl>#NO_RESTRICTION</styleUrl><description><![CDATA[<table><tr><td><b>Identifier</b></td><td>FIN214</td></tr><tr><td><b>Restriction</b></td><td>No restriction</td></tr><tr><td><b>Reason</b></td><td>Sensitive</td></tr><tr><td><b>Upper limit</b></td><td>5000 ft AMSL</td></tr><tr><td><b>Lower limit</b></td><td>not given</td></tr><tr><td><b>Valid</b></td><td>2021-07-23 to 2027-04-21, any day</td></tr></table><p>Authority: <a href="https://www.droneinfo.fi/fi/uas-ilmatilavyohykkeet">Traficom</a></p>]]></description><Polygon><tessellate>1</tessellate><outerBoundaryIs><LinearRing><coordinates>29.625278,63.528056,0 29.654444,63.520278,0 29.654444,63.504444,0 29.625278,63.496667,0 29.595833,63.504444,0 29.595833,63.520278,0 29.625278,63.528056,0</coordinates></LinearRing></outerBoundaryIs></Polygon></Placemark>
<Placemark><name>FIN215 Lipeälammen lennokkikenttä UAS</name><styleUrl>#NO_RESTRICTION</styleUrl><description><![CDATA[<table><tr><td><b>Identifier</b></td><td>FIN215</td></tr><tr><td><b>Restriction</b></td><td>No restriction</td></tr><tr><td><b>Reason</b></td><td>Sensitive</td></tr><tr><td><b>Upper limit</b></td><td>2000 ft AMSL</td></tr><tr><td><b>Lower limit</b></td><td>not given</td></tr><tr><td><b>Valid</b></td><td>2021-07-23 to 2027-04-21, any day</td></tr></table><p>Authority: <a href="https://www.droneinfo.fi/fi/uas-ilmatilavyohykkeet">Traficom</a></p>]]></description><Polygon><tessellate>1</tessellate><outerBoundaryIs><LinearRing><coordinates>26.113889,62.269444,0 26.142222,62.261667,0 26.142222,62.245833,0 26.113889,62.238056,0 26.085278,62.245833,0 26.085278,62.261667,0 26.113889,62.269444,0</coordinates></LinearRing></outerBoundaryIs></Polygon></Placemark>
<Placemark><name>FIN216 Ajoharjoitteluradan UAS</name><styleUrl>#NO_RESTRICTION</styleUrl><description><![CDATA[<table><tr><td><b>Identifier</b></td><td>FIN216</td></tr><tr><td><b>Restriction</b></td><td>No restriction</td></tr><tr><td><b>Reason</b></td><td>Sensitive</td></tr><tr><td><b>Upper limit</b></td><td>2000 ft AMSL</td></tr><tr><td><b>Lower limit</b></td><td>not given</td></tr><tr><td><b>Valid</b></td><td>2021-07-23 to 2027-04-21, any day</td></tr></table><p>Authority: <a href="https://www.droneinfo.fi/fi/uas-ilmatilavyohykkeet">Traficom</a></p>]]></description><Polygon><tessellate>1</tessellate><outerBoundaryIs><LinearRing><coordinates>26.147222,62.257778,0 26.172222,62.251667,0 26.172222,62.244167,0 26.147222,62.230556,0 26.122222,62.237222,0 26.122222,62.251389,0 26.147222,62.257778,0</coordinates></LinearRing></outerBoundaryIs></Polygon></Placemark>
<Placemark><name>FIN217 EFME lennokkikenttä UAS</name><styleUrl>#NO_RESTRICTION</styleUrl><description><![CDATA[<table><tr><td><b>Identifier</b></td><td>FIN217</td></tr><tr><td><b>Restriction</b></td><td>No restriction</td></tr><tr><td><b>Reason</b></td><td>Sensitive</td></tr><tr><td><b>Upper limit</b></td><td>5000 ft AMSL</td></tr><tr><td><b>Lower limit</b></td><td>not given</td></tr><tr><td><b>Valid</b></td><td>2021-07-23 to 2027-04-21, any day</td></tr></table><p>Authority: <a href="https://www.droneinfo.fi/fi/uas-ilmatilavyohykkeet">Traficom</a></p>]]></description><Polygon><tessellate>1</tessellate><outerBoundaryIs><LinearRing><coordinates>23.518611,62.962778,0 23.546944,62.955000,0 23.546944,62.939167,0 23.518611,62.931389,0 23.490000,62.939167,0 23.490000,62.955000,0 23.518611,62.962778,0</coordinates></LinearRing></outerBoundaryIs></Polygon></Placemark>
<Placemark><name>FIN218 Suonsaaren lennokkikenttä UAS</name><styleUrl>#NO_RESTRICTION</styleUrl><description><![CDATA[<table><tr><td><b>Identifier</b></td><td>FIN218</td></tr><tr><td><b>Restriction</b></td><td>No restriction</td></tr><tr><td><b>Reason</b></td><td>Sensitive</td></tr><tr><td><b>Upper limit</b></td><td>1700 ft AMSL</td></tr><tr><td><b>Lower limit</b></td><td>not given</td></tr><tr><td><b>Valid</b></td><td>2021-07-23 to 2027-04-21, any day</td></tr></table><p>Authority: <a href="https://www.droneinfo.fi/fi/uas-ilmatilavyohykkeet">Traficom</a></p>]]></description><Polygon><tessellate>1</tessellate><outerBoundaryIs><LinearRing><coordinates>27.310556,61.753889,0 27.338333,61.746111,0 27.338333,61.730278,0 27.310556,61.722500,0 27.282778,61.730278,0 27.282778,61.746111,0 27.310556,61.753889,0</coordinates></LinearRing></outerBoundaryIs></Polygon></Placemark>
<Placemark><name>FIN219 EFMN lennokkikenttä UAS</name><styleUrl>#NO_RESTRICTION</styleUrl><description><![CDATA[<table><tr><td><b>Identifier</b></td><td>FIN219</td></tr><tr><td><b>Restriction</b></td><td>No restriction</td></tr><tr><td><b>Reason</b></td><td>Sensitive</td></tr><tr><td><b>Upper limit</b></td><td>1300 ft AMSL</td></tr><tr><td><b>Lower limit</b></td><td>not given</td></tr><tr><td><b>Valid</b></td><td>2021-07-23 to 2027-04-21, any day</td></tr></table><p>Authority: <a href="https://www.droneinfo.fi/fi/uas-ilmatilavyohykkeet">Traficom</a></p>]]></description><Polygon><tessellate>1</tessellate><outerBoundaryIs><LinearRing><coordinates>25.506944,60.587222,0 25.533889,60.579444,0 25.533889,60.563611,0 25.506944,60.555833,0 25.479722,60.563611,0 25.479722,60.579444,0 25.506944,60.587222,0</coordinates></LinearRing></outerBoundaryIs></Polygon></Placemark>
<Placemark><name>FIN220 Sassin lennokkikenttä UAS</name><styleUrl>#NO_RESTRICTION</styleUrl><description><![CDATA[<table><tr><td><b>Identifier</b></td><td>FIN220</td></tr><tr><td><b>Restriction</b></td><td>No restriction</td></tr><tr><td><b>Reason</b></td><td>Sensitive</td></tr><tr><td><b>Upper limit</b></td><td>2000 ft AMSL</td></tr><tr><td><b>Lower limit</b></td><td>not given</td></tr><tr><td><b>Valid</b></td><td>2021-07-23 to 2027-04-21, any day</td></tr></table><p>Authority: <a href="https://www.droneinfo.fi/fi/uas-ilmatilavyohykkeet">Traficom</a></p>]]></description><Polygon><tessellate>1</tessellate><outerBoundaryIs><LinearRing><coordinates>24.660833,62.043333,0 24.689167,62.035556,0 24.689167,62.019722,0 24.660833,62.011944,0 24.632222,62.019722,0 24.632222,62.035556,0 24.660833,62.043333,0</coordinates></LinearRing></outerBoundaryIs></Polygon></Placemark>
<Placemark><name>FIN221 Kuivannon lennokkikenttä UAS</name><styleUrl>#NO_RESTRICTION</styleUrl><description><![CDATA[<table><tr><td><b>Identifier</b></td><td>FIN221</td></tr><tr><td><b>Restriction</b></td><td>No restriction</td></tr><tr><td><b>Reason</b></td><td>Sensitive</td></tr><tr><td><b>Upper limit</b></td><td>1800 ft AMSL</td></tr><tr><td><b>Lower limit</b></td><td>not given</td></tr><tr><td><b>Valid</b></td><td>2021-07-23 to 2027-04-21, any day</td></tr></table><p>Authority: <a href="https://www.droneinfo.fi/fi/uas-ilmatilavyohykkeet">Traficom</a></p>]]></description><Polygon><tessellate>1</tessellate><outerBoundaryIs><LinearRing><coordinates>26.119167,60.887778,0 26.146111,60.880000,0 26.146111,60.864167,0 26.119167,60.856389,0 26.091944,60.864167,0 26.091944,60.880000,0 26.119167,60.887778,0</coordinates></LinearRing></outerBoundaryIs></Polygon></Placemark>
<Placemark><name>FIN222 EFNU lennokkikenttä UAS</name><styleUrl>#NO_RESTRICTION</styleUrl><description><![CDATA[<table><tr><td><b>Identifier</b></td><td>FIN222</td></tr><tr><td><b>Restriction</b></td><td>No restriction</td></tr><tr><td><b>Reason</b></td><td>Sensitive</td></tr><tr><td><b>Upper limit</b></td><td>2500 ft AMSL</td></tr><tr><td><b>Lower limit</b></td><td>not given</td></tr><tr><td><b>Valid</b></td><td>2021-07-23 to 2027-04-21, any day</td></tr></table><p>Authority: <a href="https://www.droneinfo.fi/fi/uas-ilmatilavyohykkeet">Traficom</a></p>]]></description><Polygon><tessellate>1</tessellate><outerBoundaryIs><LinearRing><coordinates>24.296389,60.349444,0 24.323333,60.341667,0 24.323333,60.325833,0 24.296389,60.318056,0 24.269167,60.325833,0 24.269167,60.341667,0 24.296389,60.349444,0</coordinates></LinearRing></outerBoundaryIs></Polygon></Placemark>
<Placemark><name>FIN223 EFOP lennokkikenttä UAS</name><styleUrl>#NO_RESTRICTION</styleUrl><description><![CDATA[<table><tr><td><b>Identifier</b></td><td>FIN223</td></tr><tr><td><b>Restriction</b></td><td>No restriction</td></tr><tr><td><b>Reason</b></td><td>Sensitive</td></tr><tr><td><b>Upper limit</b></td><td>5000 ft AMSL</td></tr><tr><td><b>Lower limit</b></td><td>not given</td></tr><tr><td><b>Valid</b></td><td>2021-07-23 to 2027-04-21, any day</td></tr></table><p>Authority: <a href="https://www.droneinfo.fi/fi/uas-ilmatilavyohykkeet">Traficom</a></p>]]></description><Polygon><tessellate>1</tessellate><outerBoundaryIs><LinearRing><coordinates>22.745000,60.891944,0 22.771944,60.884167,0 22.771944,60.868333,0 22.745000,60.860556,0 22.717778,60.868333,0 22.717778,60.884167,0 22.745000,60.891944,0</coordinates></LinearRing></outerBoundaryIs></Polygon></Placemark>
<Placemark><name>FIN224 EFPK lennokkikenttä UAS</name><styleUrl>#NO_RESTRICTION</styleUrl><description><![CDATA[<table><tr><td><b>Identifier</b></td><td>FIN224</td></tr><tr><td><b>Restriction</b></td><td>No restriction</td></tr><tr><td><b>Reason</b></td><td>Sensitive</td></tr><tr><td><b>Upper limit</b></td><td>5000 ft AMSL</td></tr><tr><td><b>Lower limit</b></td><td>not given</td></tr><tr><td><b>Valid</b></td><td>2021-07-23 to 2027-04-21, any day</td></tr></table><p>Authority: <a href="https://www.droneinfo.fi/fi/uas-ilmatilavyohykkeet">Traficom</a></p>]]></description><Polygon><tessellate>1</tessellate><outerBoundaryIs><LinearRing><coordinates>27.002778,62.280278,0 27.031111,62.272500,0 27.031111,62.256667,0 27.002778,62.248889,0 26.974167,62.256667,0 26.974167,62.272500,0 27.002778,62.280278,0</coordinates></LinearRing></outerBoundaryIs></Polygon></Placemark>
<Placemark><name>FIN225 Karbyn lennokkikenttä</name><styleUrl>#NO_RESTRICTION</styleUrl><description><![CDATA[<table><tr><td><b>Identifier</b></td><td>FIN225</td></tr><tr><td><b>Restriction</b></td><td>No restriction</td></tr><tr><td><b>Reason</b></td><td>Sensitive</td></tr><tr><td><b>Upper limit</b></td><td>1400 ft AMSL</td></tr><tr><td><b>Lower limit</b></td><td>not given</td></tr><tr><td><b>Valid</b></td><td>2021-07-23 to 2027-04-21, any day</td></tr></table><p>Authority: <a href="https://www.droneinfo.fi/fi/uas-ilmatilavyohykkeet">Traficom</a></p>]]></description><Polygon><tessellate>1</tessellate><outerBoundaryIs><LinearRing><coordinates>22.604722,63.615000,0 22.633889,63.607222,0 22.633889,63.591389,0 22.604722,63.583611,0 22.575278,63.591389,0 22.575278,63.607222,0 22.604722,63.615000,0</coordinates></LinearRing></outerBoundaryIs></Polygon></Placemark>
<Placemark><name>FIN226 EFPI lennokkikenttä UAS</name><styleUrl>#NO_RESTRICTION</styleUrl><description><![CDATA[<table><tr><td><b>Identifier</b></td><td>FIN226</td></tr><tr><td><b>Restriction</b></td><td>No restriction</td></tr><tr><td><b>Reason</b></td><td>Sensitive</td></tr><tr><td><b>Upper limit</b></td><td>1700 ft AMSL</td></tr><tr><td><b>Lower limit</b></td><td>not given</td></tr><tr><td><b>Valid</b></td><td>2021-07-23 to 2027-04-21, any day</td></tr></table><p>Authority: <a href="https://www.droneinfo.fi/fi/uas-ilmatilavyohykkeet">Traficom</a></p>]]></description><Polygon><tessellate>1</tessellate><outerBoundaryIs><LinearRing><coordinates>22.187222,61.263889,0 22.215000,61.256111,0 22.215000,61.240278,0 22.187222,61.232500,0 22.159444,61.240278,0 22.159444,61.256111,0 22.187222,61.263889,0</coordinates></LinearRing></outerBoundaryIs></Polygon></Placemark>
<Placemark><name>FIN227 Pinsiön lennokkikenttä UAS</name><styleUrl>#NO_RESTRICTION</styleUrl><description><![CDATA[<table><tr><td><b>Identifier</b></td><td>FIN227</td></tr><tr><td><b>Restriction</b></td><td>No restriction</td></tr><tr><td><b>Reason</b></td><td>Sensitive</td></tr><tr><td><b>Upper limit</b></td><td>2000 ft AMSL</td></tr><tr><td><b>Lower limit</b></td><td>not given</td></tr><tr><td><b>Valid</b></td><td>2021-07-23 to 2027-04-21, any day</td></tr></table><p>Authority: <a href="https://www.droneinfo.fi/fi/uas-ilmatilavyohykkeet">Traficom</a></p>]]></description><Polygon><tessellate>1</tessellate><outerBoundaryIs><LinearRing><coordinates>23.460000,61.592222,0 23.487778,61.584444,0 23.487778,61.568611,0 23.460000,61.560833,0 23.432222,61.568611,0 23.432222,61.584444,0 23.460000,61.592222,0</coordinates></LinearRing></outerBoundaryIs></Polygon></Placemark>
<Placemark><name>FIN229 EFPU lennokkikenttä UAS</name><styleUrl>#NO_RESTRICTION</styleUrl><description><![CDATA[<table><tr><td><b>Identifier</b></td><td>FIN229</td></tr><tr><td><b>Restriction</b></td><td>No restriction</td></tr><tr><td><b>Reason</b></td><td>Sensitive</td></tr><tr><td><b>Upper limit</b></td><td>5000 ft AMSL</td></tr><tr><td><b>Lower limit</b></td><td>not given</td></tr><tr><td><b>Valid</b></td><td>2021-07-23 to 2027-04-21, any day</td></tr></table><p>Authority: <a href="https://www.droneinfo.fi/fi/uas-ilmatilavyohykkeet">Traficom</a></p>]]></description><Polygon><tessellate>1</tessellate><outerBoundaryIs><LinearRing><coordinates>26.962500,65.417500,0 26.993611,65.409722,0 26.993611,65.393889,0 26.962500,65.386111,0 26.931111,65.393889,0 26.931111,65.409722,0 26.962500,65.417500,0</coordinates></LinearRing></outerBoundaryIs></Polygon></Placemark>
<Placemark><name>FIN230 EFPN lennokkikenttä UAS</name><styleUrl>#NO_RESTRICTION</styleUrl><description><![CDATA[<table><tr><td><b>Identifier</b></td><td>FIN230</td></tr><tr><td><b>Restriction</b></td><td>No restriction</td></tr><tr><td><b>Reason</b></td><td>Sensitive</td></tr><tr><td><b>Upper limit</b></td><td>1900 ft AMSL</td></tr><tr><td><b>Lower limit</b></td><td>not given</td></tr><tr><td><b>Valid</b></td><td>2021-07-23 to 2027-04-21, any day</td></tr></table><p>Authority: <a href="https://www.droneinfo.fi/fi/uas-ilmatilavyohykkeet">Traficom</a></p>]]></description><Polygon><tessellate>1</tessellate><outerBoundaryIs><LinearRing><coordinates>29.393889,61.742778,0 29.421667,61.735000,0 29.421667,61.719167,0 29.393889,61.711389,0 29.366111,61.719167,0 29.366111,61.735000,0 29.393889,61.742778,0</coordinates></LinearRing></outerBoundaryIs></Polygon></Placemark>
<Placemark><name>FIN231 Hiekkalahden lennokkikenttä UAS</name><styleUrl>#NO_RESTRICTION</styleUrl><description><![CDATA[<table><tr><td><b>Identifier</b></td><td>FIN231</td></tr><tr><td><b>Restriction</b></td><td>No restriction</td></tr><tr><td><b>Reason</b></td><td>Sensitive</td></tr><tr><td><b>Upper limit</b></td><td>1900 ft AMSL</td></tr><tr><td><b>Lower limit</b></td><td>not given</td></tr><tr><td><b>Valid</b></td><td>2021-07-23 to 2027-04-21, any day</td></tr></table><p>Authority: <a href="https://www.droneinfo.fi/fi/uas-ilmatilavyohykkeet">Traficom</a></p>]]></description><Polygon><tessellate>1</tessellate><outerBoundaryIs><LinearRing><coordinates>29.243333,61.860833,0 29.271111,61.853056,0 29.271111,61.837222,0 29.243333,61.829444,0 29.215556,61.837222,0 29.215556,61.853056,0 29.243333,61.860833,0</coordinates></LinearRing></outerBoundaryIs></Polygon></Placemark>
<Placemark><name>FIN232 Nunnanlahden jää/vesilennätysalue UAS</name><styleUrl>#NO_RESTRICTION</styleUrl><description><![CDATA[<table><tr><td><b>Identifier</b></td><td>FIN232</td></tr><tr><td><b>Restriction</b></td><td>No restriction</td></tr><tr><td><b>Reason</b></td><td>Sensitive</td></tr><tr><td><b>Upper limit</b></td><td>1900 ft AMSL</td></tr><tr><td><b>Lower limit</b></td><td>not given</td></tr><tr><td><b>Valid</b></td><td>2021-07-23 to 2027-04-21, any day</td></tr></table><p>Authority: <a href="https://www.droneinfo.fi/fi/uas-ilmatilavyohykkeet">Traficom</a></p>]]></description><Polygon><tessellate>1</tessellate><outerBoundaryIs><LinearRing><coordinates>29.258889,61.842778,0 29.288056,61.835000,0 29.287778,61.818889,0 29.259444,61.811111,0 29.231389,61.818889,0 29.236111,61.827778,0 29.258889,61.842778,0</coordinates></LinearRing></outerBoundaryIs></Polygon></Placemark>
<Placemark><name>FIN233 EFRH lennokkikenttä UAS</name><styleUrl>#NO_RESTRICTION</styleUrl><description><![CDATA[<table><tr><td><b>Identifier</b></td><td>FIN233</td></tr><tr><td><b>Restriction</b></td><td>No restriction</td></tr><tr><td><b>Reason</b></td><td>Sensitive</td></tr><tr><td><b>Upper limit</b></td><td>1700 ft AMSL</td></tr><tr><td><b>Lower limit</b></td><td>not given</td></tr><tr><td><b>Valid</b></td><td>2021-07-23 to 2027-04-21, any day</td></tr></table><p>Authority: <a href="https://www.droneinfo.fi/fi/uas-ilmatilavyohykkeet">Traficom</a></p>]]></description><Polygon><tessellate>1</tessellate><outerBoundaryIs><LinearRing><coordinates>24.694722,64.703889,0 24.725000,64.696111,0 24.725000,64.680278,0 24.694722,64.672500,0 24.664167,64.680278,0 24.664167,64.696111,0 24.694722,64.703889,0</coordinates></LinearRing></outerBoundaryIs></Polygon></Placemark>
<Placemark><name>FIN234 Raision lennokkikenttä UAS</name><styleUrl>#NO_RESTRICTION</styleUrl><description><![CDATA[<table><tr><td><b>Identifier</b></td><td>FIN234</td></tr><tr><td><b>Restriction</b></td><td>No restriction</td></tr><tr><td><b>Reason</b></td><td>Sensitive</td></tr><tr><td><b>Upper limit</b></td><td>1700 ft AMSL</td></tr><tr><td><b>Lower limit</b></td><td>not given</td></tr><tr><td><b>Valid</b></td><td>2021-07-23 to 2027-04-21, any day</td></tr></table><p>Authority: <a href="https://www.droneinfo.fi/fi/uas-ilmatilavyohykkeet">Traficom</a></p>]]></description><Polygon><tessellate>1</tessellate><outerBoundaryIs><LinearRing><coordinates>22.185833,60.502222,0 22.189167,60.483056,0 22.210556,60.483333,0 22.210278,60.478611,0 22.183611,60.470833,0 22.156389,60.478611,0 22.155833,60.494722,0 22.185833,60.502222,0</coordinates></LinearRing></outerBoundaryIs></Polygon></Placemark>
<Placemark><name>FIN235 EFRN lennokkikenttä UAS</name><styleUrl>#NO_RESTRICTION</styleUrl><description><![CDATA[<table><tr><td><b>Identifier</b></td><td>FIN235</td></tr><tr><td><b>Restriction</b></td><td>No restriction</td></tr><tr><td><b>Reason</b></td><td>Sensitive</td></tr><tr><td><b>Upper limit</b></td><td>1900 ft AMSL</td></tr><tr><td><b>Lower limit</b></td><td>not given</td></tr><tr><td><b>Valid</b></td><td>2021-07-23 to 2027-04-21, any day</td></tr></table><p>Authority: <a href="https://www.droneinfo.fi/fi/uas-ilmatilavyohykkeet">Traficom</a></p>]]></description><Polygon><tessellate>1</tessellate><outerBoundaryIs><LinearRing><coordinates>28.356111,62.080833,0 28.384444,62.073056,0 28.384444,62.057222,0 28.356111,62.049444,0 28.327500,62.057222,0 28.327500,62.073056,0 28.356111,62.080833,0</coordinates></LinearRing></outerBoundaryIs></Polygon></Placemark>
<Placemark><name>FIN236 EFRA lennokkikenttä</name><styleUrl>#NO_RESTRICTION</styleUrl><description><![CDATA[<table><tr><td><b>Identifier</b></td><td>FIN236</td></tr><tr><td><b>Restriction</b></td><td>No restriction</td></tr><tr><td><b>Reason</b></td><td>Sensitive</td></tr><tr><td><b>Upper limit</b></td><td>5000 ft AMSL</td></tr><tr><td><b>Lower limit</b></td><td>not given</td></tr><tr><td><b>Valid</b></td><td>2021-07-23 to 2027-04-21, any day</td></tr></table><p>Authority: <a href="https://www.droneinfo.fi/fi/uas-ilmatilavyohykkeet">Traficom</a></p>]]></description><Polygon><tessellate>1</tessellate><outerBoundaryIs><LinearRing><coordinates>28.125000,63.441667,0 28.154167,63.433889,0 28.154167,63.418056,0 28.125000,63.410278,0 28.095556,63.418056,0 28.095556,63.433889,0 28.125000,63.441667,0</coordinates></LinearRing></outerBoundaryIs></Polygon></Placemark>
<Placemark><name>FIN238 EFRY lennokkikenttä UAS</name><styleUrl>#NO_RESTRICTION</styleUrl><description><![CDATA[<table><tr><td><b>Identifier</b></td><td>FIN238</td></tr><tr><td><b>Restriction</b></td><td>No restriction</td></tr><tr><td><b>Reason</b></td><td>Sensitive</td></tr><tr><td><b>Upper limit</b></td><td>5000 ft AMSL</td></tr><tr><td><b>Lower limit</b></td><td>not given</td></tr><tr><td><b>Valid</b></td><td>2021-07-23 to 2027-04-21, any day</td></tr></table><p>Authority: <a href="https://www.droneinfo.fi/fi/uas-ilmatilavyohykkeet">Traficom</a></p>]]></description><Polygon><tessellate>1</tessellate><outerBoundaryIs><LinearRing><coordinates>24.107778,60.760278,0 24.134722,60.752500,0 24.134722,60.736667,0 24.107778,60.728889,0 24.080556,60.736667,0 24.080556,60.752500,0 24.107778,60.760278,0</coordinates></LinearRing></outerBoundaryIs></Polygon></Placemark>
<Placemark><name>FIN240 EFNS lennokkikenttä UAS</name><styleUrl>#NO_RESTRICTION</styleUrl><description><![CDATA[<table><tr><td><b>Identifier</b></td><td>FIN240</td></tr><tr><td><b>Restriction</b></td><td>No restriction</td></tr><tr><td><b>Reason</b></td><td>Sensitive</td></tr><tr><td><b>Upper limit</b></td><td>1300 ft AMSL</td></tr><tr><td><b>Lower limit</b></td><td>not given</td></tr><tr><td><b>Valid</b></td><td>2021-07-23 to 2027-04-21, any day</td></tr></table><p>Authority: <a href="https://www.droneinfo.fi/fi/uas-ilmatilavyohykkeet">Traficom</a></p>]]></description><Polygon><tessellate>1</tessellate><outerBoundaryIs><LinearRing><coordinates>24.831944,60.535278,0 24.858889,60.527500,0 24.858889,60.511667,0 24.831944,60.503889,0 24.804722,60.511667,0 24.804722,60.527500,0 24.831944,60.535278,0</coordinates></LinearRing></outerBoundaryIs></Polygon></Placemark>
<Placemark><name>FIN241 Kurjennevan lennokkikenttä UAS</name><styleUrl>#NO_RESTRICTION</styleUrl><description><![CDATA[<table><tr><td><b>Identifier</b></td><td>FIN241</td></tr><tr><td><b>Restriction</b></td><td>No restriction</td></tr><tr><td><b>Reason</b></td><td>Sensitive</td></tr><tr><td><b>Upper limit</b></td><td>2000 ft AMSL</td></tr><tr><td><b>Lower limit</b></td><td>not given</td></tr><tr><td><b>Valid</b></td><td>2021-07-23 to 2027-04-21, any day</td></tr></table><p>Authority: <a href="https://www.droneinfo.fi/fi/uas-ilmatilavyohykkeet">Traficom</a></p>]]></description><Polygon><tessellate>1</tessellate><outerBoundaryIs><LinearRing><coordinates>23.130833,62.778889,0 23.159167,62.771111,0 23.159167,62.755278,0 23.130833,62.747500,0 23.102222,62.755278,0 23.102222,62.771111,0 23.130833,62.778889,0</coordinates></LinearRing></outerBoundaryIs></Polygon></Placemark>
<Placemark><name>FIN242 EFSE lennokkikenttä UAS</name><styleUrl>#NO_RESTRICTION</styleUrl><description><![CDATA[<table><tr><td><b>Identifier</b></td><td>FIN242</td></tr><tr><td><b>Restriction</b></td><td>No restriction</td></tr><tr><td><b>Reason</b></td><td>Sensitive</td></tr><tr><td><b>Upper limit</b></td><td>5000 ft AMSL</td></tr><tr><td><b>Lower limit</b></td><td>not given</td></tr><tr><td><b>Valid</b></td><td>2021-07-23 to 2027-04-21, any day</td></tr></table><p>Authority: <a href="https://www.droneinfo.fi/fi/uas-ilmatilavyohykkeet">Traficom</a></p>]]></description><Polygon><tessellate>1</tessellate><outerBoundaryIs><LinearRing><coordinates>26.795833,61.079722,0 26.823611,61.071944,0 26.823611,61.056111,0 26.795833,61.048333,0 26.768056,61.056111,0 26.768056,61.071944,0 26.795833,61.079722,0</coordinates></LinearRing></outerBoundaryIs></Polygon></Placemark>
<Placemark><name>FIN243 Pyhäjärven lennokkikenttä UAS</name><styleUrl>#NO_RESTRICTION</styleUrl><description><![CDATA[<table><tr><td><b>Identifier</b></td><td>FIN243</td></tr><tr><td><b>Restriction</b></td><td>No restriction</td></tr><tr><td><b>Reason</b></td><td>Sensitive</td></tr><tr><td><b>Upper limit</b></td><td>5000 ft AMSL</td></tr><tr><td><b>Lower limit</b></td><td>not given</td></tr><tr><td><b>Valid</b></td><td>2021-07-23 to 2027-04-21, any day</td></tr></table><p>Authority: <a href="https://www.droneinfo.fi/fi/uas-ilmatilavyohykkeet">Traficom</a></p>]]></description><Polygon><tessellate>1</tessellate><outerBoundaryIs><LinearRing><coordinates>22.148333,61.059167,0 22.193611,61.099444,0 22.326667,61.045556,0 22.370000,61.037500,0 22.374167,61.012222,0 22.393611,60.984444,0 22.383333,60.967222,0 22.416389,60.940278,0 22.411667,60.933333,0 22.403056,60.928333,0 22.404444,60.925556,0 22.413333,60.920000,0 22.402778,60.911111,0 22.388056,60.903333,0 22.367500,60.898056,0 22.346944,60.894444,0 22.192500,61.020833,0 22.186389,61.018889,0 22.161944,61.038056,0 22.148333,61.059167,0</coordinates></LinearRing></outerBoundaryIs></Polygon></Placemark>
<Placemark><name>FIN244 Näsijärven lennokkikenttä UAS</name><styleUrl>#NO_RESTRICTION</styleUrl><description><![CDATA[<table><tr><td><b>Identifier</b></td><td>FIN244</td></tr><tr><td><b>Restriction</b></td><td>No restriction</td></tr><tr><td><b>Reason</b></td><td>Sensitive</td></tr><tr><td><b>Upper limit</b></td><td>2000 ft AMSL</td></tr><tr><td><b>Lower limit</b></td><td>not given</td></tr><tr><td><b>Valid</b></td><td>2021-07-23 to 2027-04-21, any day</td></tr></table><p>Authority: <a href="https://www.droneinfo.fi/fi/uas-ilmatilavyohykkeet">Traficom</a></p>]]></description><Polygon><tessellate>1</tessellate><outerBoundaryIs><LinearRing><coordinates>23.779444,61.546667,0 23.807222,61.538889,0 23.807222,61.523056,0 23.779444,61.515278,0 23.751667,61.523056,0 23.751667,61.538889,0 23.779444,61.546667,0</coordinates></LinearRing></outerBoundaryIs></Polygon></Placemark>
<Placemark><name>FIN245 EFTS lennokkikenttä UAS</name><styleUrl>#NO_RESTRICTION</styleUrl><description><![CDATA[<table><tr><td><b>Identifier</b></td><td>FIN245</td></tr><tr><td><b>Restriction</b></td><td>No restriction</td></tr><tr><td><b>Reason</b></td><td>Sensitive</td></tr><tr><td><b>Upper limit</b></td><td>5000 ft AMSL</td></tr><tr><td><b>Lower limit</b></td><td>not given</td></tr><tr><td><b>Valid</b></td><td>2021-07-23 to 2027-04-21, any day</td></tr></table><p>Authority: <a href="https://www.droneinfo.fi/fi/uas-ilmatilavyohykkeet">Traficom</a></p>]]></description><Polygon><tessellate>1</tessellate><outerBoundaryIs><LinearRing><coordinates>24.026389,61.788611,0 24.054167,61.780833,0 24.054167,61.765000,0 24.026389,61.757222,0 23.998611,61.765000,0 23.998611,61.780833,0 24.026389,61.788611,0</coordinates></LinearRing></outerBoundaryIs></Polygon></Placemark>
<Placemark><name>FIN246 EFTO lennokkikenttä UAS</name><styleUrl>#NO_RESTRICTION</styleUrl><description><![CDATA[<table><tr><td><b>Identifier</b></td><td>FIN246</td></tr><tr><td><b>Restriction</b></td><td>No restriction</td></tr><tr><td><b>Reason</b></td><td>Sensitive</td></tr><tr><td><b>Upper limit</b></td><td>2500 ft AMSL</td></tr><tr><td><b>Lower limit</b></td><td>not given</td></tr><tr><td><b>Valid</b></td><td>2021-07-23 to 2027-04-21, any day</td></tr></table><p>Authority: <a href="https://www.droneinfo.fi/fi/uas-ilmatilavyohykkeet">Traficom</a></p>]]></description><Polygon><tessellate>1</tessellate><outerBoundaryIs><LinearRing><coordinates>24.171944,60.094722,0 24.198889,60.086944,0 24.198889,60.071111,0 24.171944,60.063333,0 24.144722,60.071111,0 24.144722,60.086944,0 24.171944,60.094722,0</coordinates></LinearRing></outerBoundaryIs></Polygon></Placemark>
<Placemark><name>FIN247 Paattisten lennokkikenttä UAS</name><styleUrl>#NO_RESTRICTION</styleUrl><description><![CDATA[<table><tr><td><b>Identifier</b></td><td>FIN247</td></tr><tr><td><b>Restriction</b></td><td>No restriction</td></tr><tr><td><b>Reason</b></td><td>Sensitive</td></tr><tr><td><b>Upper limit</b></td><td>1700 ft AMSL</td></tr><tr><td><b>Lower limit</b></td><td>not given</td></tr><tr><td><b>Valid</b></td><td>2021-07-23 to 2027-04-21, any day</td></tr></table><p>Authority: <a href="https://www.droneinfo.fi/fi/uas-ilmatilavyohykkeet">Traficom</a></p>]]></description><Polygon><tessellate>1</tessellate><outerBoundaryIs><LinearRing><coordinates>22.340000,60.611111,0 22.366944,60.603333,0 22.366944,60.587500,0 22.340000,60.579722,0 22.312778,60.587500,0 22.312778,60.603333,0 22.340000,60.611111,0</coordinates></LinearRing></outerBoundaryIs></Polygon></Placemark>
<Placemark><name>FIN248 Ummeljoen lennokkikenttä UAS</name><styleUrl>#NO_RESTRICTION</styleUrl><description><![CDATA[<table><tr><td><b>Identifier</b></td><td>FIN248</td></tr><tr><td><b>Restriction</b></td><td>No restriction</td></tr><tr><td><b>Reason</b></td><td>Sensitive</td></tr><tr><td><b>Upper limit</b></td><td>1800 ft AMSL</td></tr><tr><td><b>Lower limit</b></td><td>not given</td></tr><tr><td><b>Valid</b></td><td>2021-07-23 to 2027-04-21, any day</td></tr></table><p>Authority: <a href="https://www.droneinfo.fi/fi/uas-ilmatilavyohykkeet">Traficom</a></p>]]></description><Polygon><tessellate>1</tessellate><outerBoundaryIs><LinearRing><coordinates>26.735000,60.772778,0 26.761944,60.765000,0 26.761944,60.749167,0 26.735000,60.741389,0 26.707778,60.749167,0 26.707778,60.765000,0 26.735000,60.772778,0</coordinates></LinearRing></outerBoundaryIs></Polygon></Placemark>
<Placemark><name>FIN249 EFVA lennokkikenttä UAS</name><styleUrl>#NO_RESTRICTION</styleUrl><description><![CDATA[<table><tr><td><b>Identifier</b></td><td>FIN249</td></tr><tr><td><b>Restriction</b></td><td>No restriction</td></tr><tr><td><b>Reason</b></td><td>Sensitive</td></tr><tr><td><b>Upper limit</b></td><td>1800 ft AMSL</td></tr><tr><td><b>Lower limit</b></td><td>not given</td></tr><tr><td><b>Valid</b></td><td>2021-07-23 to 2027-04-21, any day</td></tr></table><p>Authority: <a href="https://www.droneinfo.fi/fi/uas-ilmatilavyohykkeet">Traficom</a></p>]]></description><Polygon><tessellate>1</tessellate><outerBoundaryIs><LinearRing><coordinates>21.745833,63.058611,0 21.775000,63.050833,0 21.775000,63.035000,0 21.745833,63.027222,0 21.716389,63.035000,0 21.716389,63.050833,0 21.745833,63.058611,0</coordinates></LinearRing></outerBoundaryIs></Polygon></Placemark>
<Placemark><name>FIN251 Seutulan lennokkikenttä UAS</name><styleUrl>#NO_RESTRICTION</styleUrl><description><![CDATA[<table><tr><td><b>Identifier</b></td><td>FIN251</td></tr><tr><td><b>Restriction</b></td><td>No restriction</td></tr><tr><td><b>Reason</b></td><td>Sensitive</td></tr><tr><td><b>Upper limit</b></td><td>1300 ft AMSL</td></tr><tr><td><b>Lower limit</b></td><td>not given</td></tr><tr><td><b>Valid</b></td><td>2021-07-23 to 2027-04-21, any day</td></tr></table><p>Authority: <a href="https://www.droneinfo.fi/fi/uas-ilmatilavyohykkeet">Traficom</a></p>]]></description><Polygon><tessellate>1</tessellate><outerBoundaryIs><LinearRing><coordinates>24.891389,60.333333,0 24.910000,60.341111,0 24.893333,60.350278,0 24.875278,60.342222,0 24.891389,60.333333,0</coordinates></LinearRing></outerBoundaryIs></Polygon></Placemark>
<Placemark><name>FIN252 EFWB lennokkikenttä UAS</name><styleUrl>#NO_RESTRICTION</styleUrl><description><![CDATA[<table><tr><td><b>Identifier</b></td><td>FIN252</td></tr><tr><td><b>Restriction</b></td><td>No restriction</td></tr><tr><td><b>Reason</b></td><td>Sensitive</td></tr><tr><td><b>Upper limit</b></td><td>1800 ft AMSL</td></tr><tr><td><b>Lower limit</b></td><td>not given</td></tr><tr><td><b>Valid</b></td><td>2021-07-23 to 2027-04-21, any day</td></tr></table><p>Authority: <a href="https://www.droneinfo.fi/fi/uas-ilmatilavyohykkeet">Traficom</a></p>]]></description><Polygon><tessellate>1</tessellate><outerBoundaryIs><LinearRing><coordinates>26.745833,60.679444,0 26.772778,60.671667,0 26.772778,60.655833,0 26.745833,60.648056,0 26.718611,60.655833,0 26.718611,60.671667,0 26.745833,60.679444,0</coordinates></LinearRing></outerBoundaryIs></Polygon></Placemark>
<Placemark><name>FIN253 EFYL lennokkikenttä UAS</name><styleUrl>#NO_RESTRICTION</styleUrl><description><![CDATA[<table><tr><td><b>Identifier</b></td><td>FIN253</td></tr><tr><td><b>Restriction</b></td><td>No restriction</td></tr><tr><td><b>Reason</b></td><td>Sensitive</td></tr><tr><td><b>Upper limit</b></td><td>5000 ft AMSL</td></tr><tr><td><b>Lower limit</b></td><td>not given</td></tr><tr><td><b>Valid</b></td><td>2021-07-23 to 2027-04-21, any day</td></tr></table><p>Authority: <a href="https://www.droneinfo.fi/fi/uas-ilmatilavyohykkeet">Traficom</a></p>]]></description><Polygon><tessellate>1</tessellate><outerBoundaryIs><LinearRing><coordinates>24.720833,64.069722,0 24.751111,64.061944,0 24.751111,64.046111,0 24.720833,64.038333,0 24.690278,64.046111,0 24.690278,64.061944,0 24.720833,64.069722,0</coordinates></LinearRing></outerBoundaryIs></Polygon></Placemark>
<Placemark><name>FIN254 EFKE lennokkikenttä UAS</name><styleUrl>#NO_RESTRICTION</styleUrl><description><![CDATA[<table><tr><td><b>Identifier</b></td><td>FIN254</td></tr><tr><td><b>Restriction</b></td><td>No restriction</td></tr><tr><td><b>Reason</b></td><td>Sensitive</td></tr><tr><td><b>Upper limit</b></td><td>2000 ft AMSL</td></tr><tr><td><b>Lower limit</b></td><td>not given</td></tr><tr><td><b>Valid</b></td><td>2022-04-21 to 2027-04-21, any day</td></tr></table><p>Authority: <a href="https://www.droneinfo.fi/fi/uas-ilmatilavyohykkeet">Traficom</a></p>]]></description><Polygon><tessellate>1</tessellate><outerBoundaryIs><LinearRing><coordinates>24.581667,65.795833,0 24.612778,65.788056,0 24.612778,65.772222,0 24.581667,65.764444,0 24.550278,65.772222,0 24.550278,65.788056,0 24.581667,65.795833,0</coordinates></LinearRing></outerBoundaryIs></Polygon></Placemark>
<Placemark><name>FIN255 Ähtärin lennokkipaikka UAS</name><styleUrl>#NO_RESTRICTION</styleUrl><description><![CDATA[<table><tr><td><b>Identifier</b></td><td>FIN255</td></tr><tr><td><b>Restriction</b></td><td>No restriction</td></tr><tr><td><b>Reason</b></td><td>Sensitive</td></tr><tr><td><b>Upper limit</b></td><td>2000 ft AMSL</td></tr><tr><td><b>Lower limit</b></td><td>not given</td></tr><tr><td><b>Valid</b></td><td>2022-04-21 to 2027-04-21, any day</td></tr></table><p>Authority: <a href="https://www.droneinfo.fi/fi/uas-ilmatilavyohykkeet">Traficom</a></p>]]></description><Polygon><tessellate>1</tessellate><outerBoundaryIs><LinearRing><coordinates>24.068889,62.529167,0 24.097222,62.521389,0 24.097222,62.505556,0 24.068889,62.497778,0 24.040278,62.505556,0 24.040278,62.521389,0 24.068889,62.529167,0</coordinates></LinearRing></outerBoundaryIs></Polygon></Placemark>
<Placemark><name>FIN256 Savarin lennokkikenttä UAS</name><styleUrl>#NO_RESTRICTION</styleUrl><description><![CDATA[<table><tr><td><b>Identifier</b></td><td>FIN256</td></tr><tr><td><b>Restriction</b></td><td>No restriction</td></tr><tr><td><b>Reason</b></td><td>Sensitive</td></tr><tr><td><b>Upper limit</b></td><td>5000 ft AMSL</td></tr><tr><td><b>Lower limit</b></td><td>not given</td></tr><tr><td><b>Valid</b></td><td>2021-07-23 to 2027-04-21, any day</td></tr></table><p>Authority: <a href="https://www.droneinfo.fi/fi/uas-ilmatilavyohykkeet">Traficom</a></p>]]></description><Polygon><tessellate>1</tessellate><outerBoundaryIs><LinearRing><coordinates>24.574167,64.074722,0 24.604444,64.066944,0 24.604444,64.051111,0 24.574167,64.043333,0 24.543611,64.051111,0 24.543611,64.066944,0 24.574167,64.074722,0</coordinates></LinearRing></outerBoundaryIs></Polygon></Placemark>
<Placemark><name>FIN258 Nuottasaaren tehdasalue UAS</name><styleUrl>#NO_RESTRICTION</styleUrl><description><![CDATA[<table><tr><td><b>Identifier</b></td><td>FIN258</td></tr><tr><td><b>Restriction</b></td><td>No restriction</td></tr><tr><td><b>Reason</b></td><td>Sensitive</td></tr><tr><td><b>Upper limit</b></td><td>120 m AGL</td></tr><tr><td><b>Lower limit</b></td><td>not given</td></tr><tr><td><b>Valid</b></td><td>2021-07-23 to 2027-04-21, any day</td></tr></table><p>Authority: <a href="https://www.droneinfo.fi/fi/uas-ilmatilavyohykkeet">Traficom</a></p>]]></description><Polygon><tessellate>1</tessellate><outerBoundaryIs><LinearRing><coordinates>25.423333,65.004722,0 25.415833,65.002500,0 25.409167,65.000556,0 25.400833,65.001389,0 25.385000,65.003056,0 25.380556,64.996667,0 25.406667,64.992778,0 25.416667,64.990278,0 25.420000,64.990556,0 25.421667,64.991667,0 25.423889,64.992778,0 25.435278,64.990278,0 25.440833,64.991667,0 25.445833,64.992778,0 25.440833,64.993889,0 25.437222,64.995000,0 25.438889,64.996667,0 25.444444,64.995556,0 25.446111,64.996667,0 25.450833,64.996667,0 25.439167,65.003056,0 25.446667,65.006667,0 25.444167,65.007222,0 25.443333,65.008333,0 25.436667,65.009167,0 25.431944,65.007778,0 25.423333,65.004722,0</coordinates></LinearRing></outerBoundaryIs></Polygon></Placemark>
<Placemark><name>FIN259 Ylimmäinen UAS</name><styleUrl>#NO_RESTRICTION</styleUrl><description><![CDATA[<table><tr><td><b>Identifier</b></td><td>FIN259</td></tr><tr><td><b>Restriction</b></td><td>No restriction</td></tr><tr><td><b>Reason</b></td><td>Sensitive</td></tr><tr><td><b>Upper limit</b></td><td>200 m AGL</td></tr><tr><td><b>Lower limit</b></td><td>not given</td></tr><tr><td><b>Valid</b></td><td>2021-07-23 to 2027-04-21, any day</td></tr></table><p>Authority: <a href="https://www.droneinfo.fi/fi/uas-ilmatilavyohykkeet">Traficom</a></p>]]></description><Polygon><tessellate>1</tessellate><outerBoundaryIs><LinearRing><coordinates>24.449722,60.549722,0 24.449444,60.545278,0 24.444722,60.545278,0 24.441944,60.546111,0 24.441667,60.547222,0 24.445000,60.548056,0 24.443611,60.548056,0 24.445000,60.549722,0 24.449722,60.549722,0</coordinates></LinearRing></outerBoundaryIs></Polygon></Placemark>
<Placemark><name>FIN337 Insta Sarankulma UAS A</name><styleUrl>#NO_RESTRICTION</styleUrl><description><![CDATA[<table><tr><td><b>Identifier</b></td><td>FIN337</td></tr><tr><td><b>Restriction</b></td><td>No restriction</td></tr><tr><td><b>Reason</b></td><td>Sensitive</td></tr><tr><td><b>Upper limit</b></td><td>50 m AGL</td></tr><tr><td><b>Lower limit</b></td><td>not given</td></tr><tr><td><b>Valid</b></td><td>2022-01-10 to 2027-04-21, any day</td></tr></table><p>Authority: <a href="https://www.droneinfo.fi/fi/uas-ilmatilavyohykkeet">Traficom</a></p>]]></description><Polygon><tessellate>1</tessellate><outerBoundaryIs><LinearRing><coordinates>23.740833,61.462778,0 23.740833,61.460833,0 23.744167,61.460556,0 23.746111,61.461944,0 23.746111,61.462778,0 23.740833,61.462778,0</coordinates></LinearRing></outerBoundaryIs></Polygon></Placemark>
<Placemark><name>FIN338 Insta Sarankulma UAS B</name><styleUrl>#NO_RESTRICTION</styleUrl><description><![CDATA[<table><tr><td><b>Identifier</b></td><td>FIN338</td></tr><tr><td><b>Restriction</b></td><td>No restriction</td></tr><tr><td><b>Reason</b></td><td>Sensitive</td></tr><tr><td><b>Upper limit</b></td><td>50 m AGL</td></tr><tr><td><b>Lower limit</b></td><td>not given</td></tr><tr><td><b>Valid</b></td><td>2022-01-10 to 2027-04-21, any day</td></tr></table><p>Authority: <a href="https://www.droneinfo.fi/fi/uas-ilmatilavyohykkeet">Traficom</a></p>]]></description><Polygon><tessellate>1</tessellate><outerBoundaryIs><LinearRing><coordinates>23.744167,61.460556,0 23.746111,61.461944,0 23.746111,61.462778,0 23.749167,61.462778,0 23.749167,61.461944,0 23.752500,61.461944,0 23.748611,61.460278,0 23.744167,61.460556,0</coordinates></LinearRing></outerBoundaryIs></Polygon></Placemark>
<Placemark><name>FIN339 Insta Teisko UAS A</name><styleUrl>#NO_RESTRICTION</styleUrl><description><![CDATA[<table><tr><td><b>Identifier</b></td><td>FIN339</td></tr><tr><td><b>Restriction</b></td><td>No restriction</td></tr><tr><td><b>Reason</b></td><td>Sensitive</td></tr><tr><td><b>Upper limit</b></td><td>3500 ft AMSL</td></tr><tr><td><b>Lower limit</b></td><td>not given</td></tr><tr><td><b>Valid</b></td><td>2022-01-10 to 2027-04-21, any day</td></tr></table><p>Authority: <a href="https://www.droneinfo.fi/fi/uas-ilmatilavyohykkeet">Traficom</a></p>]]></description><Polygon><tessellate>1</tessellate><outerBoundaryIs><LinearRing><coordinates>24.090000,61.809444,0 24.090000,61.725556,0 23.871111,61.725556,0 24.090000,61.809444,0</coordinates></LinearRing></outerBoundaryIs></Polygon></Placemark>
<Placemark><name>FIN340 Insta Teisko UAS B</name><styleUrl>#NO_RESTRICTION</styleUrl><description><![CDATA[<table><tr><td><b>Identifier</b></td><td>FIN340</td></tr><tr><td><b>Restriction</b></td><td>No restriction</td></tr><tr><td><b>Reason</b></td><td>Sensitive</td></tr><tr><td><b>Upper limit</b></td><td>1500 ft AMSL</td></tr><tr><td><b>Lower limit</b></td><td>not given</td></tr><tr><td><b>Valid</b></td><td>2022-01-10 to 2027-04-21, any day</td></tr></table><p>Authority: <a href="https://www.droneinfo.fi/fi/uas-ilmatilavyohykkeet">Traficom</a></p>]]></description><Polygon><tessellate>1</tessellate><outerBoundaryIs><LinearRing><coordinates>24.090000,61.725556,0 24.090000,61.686111,0 23.988611,61.661111,0 23.760278,61.684167,0 23.871111,61.725556,0 24.090000,61.725556,0</coordinates></LinearRing></outerBoundaryIs></Polygon></Placemark>
<Placemark><name>FIN341 Insta Teisko UAS C</name><styleUrl>#NO_RESTRICTION</styleUrl><description><![CDATA[<table><tr><td><b>Identifier</b></td><td>FIN341</td></tr><tr><td><b>Restriction</b></td><td>No restriction</td></tr><tr><td><b>Reason</b></td><td>Sensitive</td></tr><tr><td><b>Upper limit</b></td><td>1500 ft AMSL</td></tr><tr><td><b>Lower limit</b></td><td>not given</td></tr><tr><td><b>Valid</b></td><td>2022-01-10 to 2027-04-21, any day</td></tr></table><p>Authority: <a href="https://www.droneinfo.fi/fi/uas-ilmatilavyohykkeet">Traficom</a></p>]]></description><Polygon><tessellate>1</tessellate><outerBoundaryIs><LinearRing><coordinates>24.128056,61.823056,0 24.306944,61.739167,0 24.090000,61.686111,0 24.090000,61.809444,0 24.128056,61.823056,0</coordinates></LinearRing></outerBoundaryIs></Polygon></Placemark>
<Placemark><name>FIN342 Jokioinen UAS</name><styleUrl>#NO_RESTRICTION</styleUrl><description><![CDATA[<table><tr><td><b>Identifier</b></td><td>FIN342</td></tr><tr><td><b>Restriction</b></td><td>No restriction</td></tr><tr><td><b>Reason</b></td><td>Sensitive</td></tr><tr><td><b>Upper limit</b></td><td>8000 ft AMSL</td></tr><tr><td><b>Lower limit</b></td><td>not given</td></tr><tr><td><b>Valid</b></td><td>2022-01-24 to 2027-04-21, any day</td></tr></table><p>Authority: <a href="https://www.droneinfo.fi/fi/uas-ilmatilavyohykkeet">Traficom</a></p>]]></description><Polygon><tessellate>1</tessellate><outerBoundaryIs><LinearRing><coordinates>23.501944,60.816111,0 23.502222,60.813056,0 23.496389,60.812778,0 23.496111,60.815833,0 23.501944,60.816111,0</coordinates></LinearRing></outerBoundaryIs></Polygon></Placemark>
<Placemark><name>FIN343 Pallas UAS</name><styleUrl>#NO_RESTRICTION</styleUrl><description><![CDATA[<table><tr><td><b>Identifier</b></td><td>FIN343</td></tr><tr><td><b>Restriction</b></td><td>No restriction</td></tr><tr><td><b>Reason</b></td><td>Sensitive</td></tr><tr><td><b>Upper limit</b></td><td>8000 ft AMSL</td></tr><tr><td><b>Lower limit</b></td><td>not given</td></tr><tr><td><b>Valid</b></td><td>2022-01-24 to 2027-04-21, any day</td></tr></table><p>Authority: <a href="https://www.droneinfo.fi/fi/uas-ilmatilavyohykkeet">Traficom</a></p>]]></description><Polygon><tessellate>1</tessellate><outerBoundaryIs><LinearRing><coordinates>24.281389,68.035833,0 24.281389,67.910833,0 23.949167,67.910833,0 23.949167,68.035833,0 24.281389,68.035833,0</coordinates></LinearRing></outerBoundaryIs></Polygon></Placemark>
<Placemark><name>FIN344 Hyytiälä UAS</name><styleUrl>#NO_RESTRICTION</styleUrl><description><![CDATA[<table><tr><td><b>Identifier</b></td><td>FIN344</td></tr><tr><td><b>Restriction</b></td><td>No restriction</td></tr><tr><td><b>Reason</b></td><td>Sensitive</td></tr><tr><td><b>Upper limit</b></td><td>4600 ft AMSL</td></tr><tr><td><b>Lower limit</b></td><td>not given</td></tr><tr><td><b>Valid</b></td><td>2022-01-24 to 2027-04-21, any day</td></tr></table><p>Authority: <a href="https://www.droneinfo.fi/fi/uas-ilmatilavyohykkeet">Traficom</a></p>]]></description><Polygon><tessellate>1</tessellate><outerBoundaryIs><LinearRing><coordinates>24.264444,61.860278,0 24.320556,61.861389,0 24.322778,61.834722,0 24.266667,61.833611,0 24.264444,61.860278,0</coordinates></LinearRing></outerBoundaryIs></Polygon></Placemark>
<Placemark><name>FIN345 Sodankylä UAS</name><styleUrl>#NO_RESTRICTION</styleUrl><description><![CDATA[<table><tr><td><b>Identifier</b></td><td>FIN345</td></tr><tr><td><b>Restriction</b></td><td>No restriction</td></tr><tr><td><b>Reason</b></td><td>Sensitive</td></tr><tr><td><b>Upper limit</b></td><td>2300 ft AMSL</td></tr><tr><td><b>Lower limit</b></td><td>not given</td></tr><tr><td><b>Valid</b></td><td>2022-04-21 to 2027-04-21, any day</td></tr></table><p>Authority: <a href="https://www.droneinfo.fi/fi/uas-ilmatilavyohykkeet">Traficom</a></p>]]></description><Polygon><tessellate>1</tessellate><outerBoundaryIs><LinearRing><coordinates>26.625000,67.368889,0 26.668056,67.371389,0 26.671389,67.363056,0 26.628333,67.360556,0 26.625000,67.368889,0</coordinates></LinearRing></outerBoundaryIs></Polygon></Placemark>
<Placemark><name>FIN346 Vehmasmäki UAS 1</name><styleUrl>#NO_RESTRICTION</styleUrl><description><![CDATA[<table><tr><td><b>Identifier</b></td><td>FIN346</td></tr><tr><td><b>Restriction</b></td><td>No restriction</td></tr><tr><td><b>Reason</b></td><td>Sensitive</td></tr><tr><td><b>Upper limit</b></td><td>8000 ft AMSL</td></tr><tr><td><b>Lower limit</b></td><td>not given</td></tr><tr><td><b>Valid</b></td><td>2022-01-24 to 2027-04-21, any day</td></tr></table><p>Authority: <a href="https://www.droneinfo.fi/fi/uas-ilmatilavyohykkeet">Traficom</a></p>]]></description><Polygon><tessellate>1</tessellate><outerBoundaryIs><LinearRing><coordinates>27.544444,62.740833,0 27.559722,62.738889,0 27.561389,62.729444,0 27.545833,62.729444,0 27.544444,62.740833,0</coordinates></LinearRing></outerBoundaryIs></Polygon></Placemark>
<Placemark><name>FIN348 NOKIA OULU ZONE UAS</name><styleUrl>#NO_RESTRICTION</styleUrl><description><![CDATA[<table><tr><td><b>Identifier</b></td><td>FIN348</td></tr><tr><td><b>Restriction</b></td><td>No restriction</td></tr><tr><td><b>Reason</b></td><td>Sensitive</td></tr><tr><td><b>Upper limit</b></td><td>90 m AGL</td></tr><tr><td><b>Lower limit</b></td><td>not given</td></tr><tr><td><b>Valid</b></td><td>2022-04-21 to 2027-04-21, any day</td></tr></table><p>Authority: <a href="https://www.droneinfo.fi/fi/uas-ilmatilavyohykkeet">Traficom</a></p>]]></description><Polygon><tessellate>1</tessellate><outerBoundaryIs><LinearRing><coordinates>25.864167,65.267222,0 25.911944,65.143056,0 25.968611,65.122222,0 26.124167,65.119167,0 26.463056,65.235556,0 26.404167,65.237222,0 26.404167,65.261944,0 25.992222,65.287500,0 25.864167,65.267222,0 25.864167,65.267222,0</coordinates></LinearRing></outerBoundaryIs></Polygon></Placemark>
<Placemark><name>FIN349 NOKIA OULU RUSKO UAS</name><styleUrl>#NO_RESTRICTION</styleUrl><description><![CDATA[<table><tr><td><b>Identifier</b></td><td>FIN349</td></tr><tr><td><b>Restriction</b></td><td>No restriction</td></tr><tr><td><b>Reason</b></td><td>Sensitive</td></tr><tr><td><b>Upper limit</b></td><td>120 m AGL</td></tr><tr><td><b>Lower limit</b></td><td>not given</td></tr><tr><td><b>Valid</b></td><td>2022-04-21 to 2027-04-21, any day</td></tr></table><p>Authority: <a href="https://www.droneinfo.fi/fi/uas-ilmatilavyohykkeet">Traficom</a></p>]]></description><Polygon><tessellate>1</tessellate><outerBoundaryIs><LinearRing><coordinates>25.567222,65.042222,0 25.599444,65.052500,0 25.593611,65.056667,0 25.586944,65.058056,0 25.550000,65.058056,0 25.543056,65.050556,0 25.549444,65.045000,0 25.567222,65.042222,0</coordinates></LinearRing></outerBoundaryIs></Polygon></Placemark>
<Placemark><name>FIN350 Maanmittauslaitos Sjökulla UAS</name><styleUrl>#NO_RESTRICTION</styleUrl><description><![CDATA[<table><tr><td><b>Identifier</b></td><td>FIN350</td></tr><tr><td><b>Restriction</b></td><td>No restriction</td></tr><tr><td><b>Reason</b></td><td>Sensitive</td></tr><tr><td><b>Upper limit</b></td><td>1300 ft AMSL</td></tr><tr><td><b>Lower limit</b></td><td>not given</td></tr><tr><td><b>Valid</b></td><td>2022-04-21 to 2027-04-21, any day</td></tr></table><p>Authority: <a href="https://www.droneinfo.fi/fi/uas-ilmatilavyohykkeet">Traficom</a></p>]]></description><Polygon><tessellate>1</tessellate><outerBoundaryIs><LinearRing><coordinates>24.401389,60.249444,0 24.401389,60.242500,0 24.373889,60.233333,0 24.361667,60.236111,0 24.361667,60.249444,0 24.401389,60.249444,0</coordinates></LinearRing></outerBoundaryIs></Polygon></Placemark>
<Placemark><name>FIN386 Båtvik-Kirkkonummi UAS</name><styleUrl>#NO_RESTRICTION</styleUrl><description><![CDATA[<table><tr><td><b>Identifier</b></td><td>FIN386</td></tr><tr><td><b>Restriction</b></td><td>No restriction</td></tr><tr><td><b>Reason</b></td><td>Sensitive</td></tr><tr><td><b>Upper limit</b></td><td>1100 ft AMSL</td></tr><tr><td><b>Lower limit</b></td><td>not given</td></tr><tr><td><b>Valid</b></td><td>2023-02-04 to 2027-04-21, any day</td></tr></table><p>Authority: <a href="https://www.droneinfo.fi/fi/uas-ilmatilavyohykkeet">Traficom</a></p>]]></description><Polygon><tessellate>1</tessellate><outerBoundaryIs><LinearRing><coordinates>24.336111,60.099722,0 24.378333,60.100833,0 24.382778,60.047500,0 24.302778,60.047500,0 24.302778,59.951111,0 24.095833,59.950833,0 24.257222,60.047500,0 24.336944,60.088056,0 24.336111,60.099722,0</coordinates></LinearRing></outerBoundaryIs></Polygon></Placemark>
<Placemark><name>FIN431 Vehmasmäki UAS 2</name><styleUrl>#NO_RESTRICTION</styleUrl><description><![CDATA[<table><tr><td><b>Identifier</b></td><td>FIN431</td></tr><tr><td><b>Restriction</b></td><td>No restriction</td></tr><tr><td><b>Reason</b></td><td>Sensitive</td></tr><tr><td><b>Upper limit</b></td><td>8000 ft AMSL</td></tr><tr><td><b>Lower limit</b></td><td>not given</td></tr><tr><td><b>Valid</b></td><td>2024-04-17 to 2027-04-17, any day</td></tr></table><p>Authority: <a href="https://www.droneinfo.fi/fi/uas-ilmatilavyohykkeet">Traficom</a></p>]]></description><Polygon><tessellate>1</tessellate><outerBoundaryIs><LinearRing><coordinates>27.545833,62.729444,0 27.561389,62.729444,0 27.566111,62.716667,0 27.533056,62.717222,0 27.545833,62.729444,0</coordinates></LinearRing></outerBoundaryIs></Polygon></Placemark>
<Placemark><name>FIN432 Kälviän lennokkikenttä UAS</name><styleUrl>#NO_RESTRICTION</styleUrl><description><![CDATA[<table><tr><td><b>Identifier</b></td><td>FIN432</td></tr><tr><td><b>Restriction</b></td><td>No restriction</td></tr><tr><td><b>Reason</b></td><td>Sensitive</td></tr><tr><td><b>Upper limit</b></td><td>2000 ft AMSL</td></tr><tr><td><b>Lower limit</b></td><td>not given</td></tr><tr><td><b>Valid</b></td><td>2024-04-17 to 2027-04-17, any day</td></tr></table><p>Authority: <a href="https://www.droneinfo.fi/fi/uas-ilmatilavyohykkeet">Traficom</a></p>]]></description><Polygon><tessellate>1</tessellate><outerBoundaryIs><LinearRing><coordinates>23.397778,63.863333,0 23.408889,63.861944,0 23.404444,63.855000,0 23.393333,63.856389,0 23.397778,63.863333,0</coordinates></LinearRing></outerBoundaryIs></Polygon></Placemark>
<Placemark><name>FIN545 OULU ZONE UAS </name><styleUrl>#NO_RESTRICTION</styleUrl><description><![CDATA[<table><tr><td><b>Identifier</b></td><td>FIN545</td></tr><tr><td><b>Restriction</b></td><td>No restriction</td></tr><tr><td><b>Reason</b></td><td>Sensitive</td></tr><tr><td><b>Upper limit</b></td><td>500 m AGL</td></tr><tr><td><b>Lower limit</b></td><td>not given</td></tr><tr><td><b>Valid</b></td><td>2024-06-23 to 2027-04-16, any day</td></tr></table><p>Authority: <a href="https://www.droneinfo.fi/fi/uas-ilmatilavyohykkeet">Traficom</a></p>]]></description><Polygon><tessellate>1</tessellate><outerBoundaryIs><LinearRing><coordinates>25.864167,65.267222,0 25.911944,65.143056,0 25.968611,65.122222,0 26.124167,65.119167,0 26.463056,65.235556,0 26.404167,65.237222,0 26.404167,65.261944,0 25.992222,65.287500,0 25.864167,65.267222,0 25.864167,65.267222,0</coordinates></LinearRing></outerBoundaryIs></Polygon></Placemark>
<Placemark><name>FIN597 Esox Aero Taasia UAS</name><styleUrl>#NO_RESTRICTION</styleUrl><description><![CDATA[<table><tr><td><b>Identifier</b></td><td>FIN597</td></tr><tr><td><b>Restriction</b></td><td>No restriction</td></tr><tr><td><b>Reason</b></td><td>Sensitive</td></tr><tr><td><b>Upper limit</b></td><td>120 m AGL</td></tr><tr><td><b>Lower limit</b></td><td>not given</td></tr><tr><td><b>Valid</b></td><td>2024-09-18 to 2027-04-15, any day</td></tr></table><p>Authority: <a href="https://www.droneinfo.fi/fi/uas-ilmatilavyohykkeet">Traficom</a></p>]]></description><Polygon><tessellate>1</tessellate><outerBoundaryIs><LinearRing><coordinates>26.265278,60.764722,0 26.278889,60.762222,0 26.264444,60.758611,0 26.256111,60.759444,0 26.257222,60.764167,0 26.265278,60.764722,0</coordinates></LinearRing></outerBoundaryIs></Polygon></Placemark>
<Placemark><name>FIN640 Kerkonkosken lennokkikenttä </name><styleUrl>#NO_RESTRICTION</styleUrl><description><![CDATA[<table><tr><td><b>Identifier</b></td><td>FIN640</td></tr><tr><td><b>Restriction</b></td><td>No restriction</td></tr><tr><td><b>Reason</b></td><td>Sensitive</td></tr><tr><td><b>Upper limit</b></td><td>2000 ft AMSL</td></tr><tr><td><b>Lower limit</b></td><td>not given</td></tr><tr><td><b>Valid</b></td><td>2025-04-16 to 2027-04-20, any day</td></tr></table><p>Authority: <a href="https://www.droneinfo.fi/fi/uas-ilmatilavyohykkeet">Traficom</a></p>]]></description><Polygon><tessellate>1</tessellate><outerBoundaryIs><LinearRing><coordinates>26.644722,62.750833,0 26.669722,62.744167,0 26.669722,62.730278,0 26.644722,62.723611,0 26.619722,62.730278,0 26.619722,62.744167,0 26.644722,62.750833,0</coordinates></LinearRing></outerBoundaryIs></Polygon></Placemark>
<Placemark><name>FIN641 Varkauden lennokkikenttä UAS</name><styleUrl>#NO_RESTRICTION</styleUrl><description><![CDATA[<table><tr><td><b>Identifier</b></td><td>FIN641</td></tr><tr><td><b>Restriction</b></td><td>No restriction</td></tr><tr><td><b>Reason</b></td><td>Sensitive</td></tr><tr><td><b>Upper limit</b></td><td>5000 ft AMSL</td></tr><tr><td><b>Lower limit</b></td><td>not given</td></tr><tr><td><b>Valid</b></td><td>2025-04-16 to 2027-04-20, any day</td></tr></table><p>Authority: <a href="https://www.droneinfo.fi/fi/uas-ilmatilavyohykkeet">Traficom</a></p>]]></description><Polygon><tessellate>1</tessellate><outerBoundaryIs><LinearRing><coordinates>27.868611,62.184722,0 27.893611,62.178056,0 27.893611,62.164167,0 27.868611,62.157500,0 27.843611,62.164167,0 27.843611,62.178056,0 27.868611,62.184722,0</coordinates></LinearRing></outerBoundaryIs></Polygon></Placemark>
<Placemark><name>FIN683 Säres Center UAS</name><styleUrl>#NO_RESTRICTION</styleUrl><description><![CDATA[<table><tr><td><b>Identifier</b></td><td>FIN683</td></tr><tr><td><b>Restriction</b></td><td>No restriction</td></tr><tr><td><b>Reason</b></td><td>Sensitive</td></tr><tr><td><b>Upper limit</b></td><td>1300 ft AMSL</td></tr><tr><td><b>Lower limit</b></td><td>not given</td></tr><tr><td><b>Valid</b></td><td>2025-08-24 to 2050-04-14, any day</td></tr></table><p>Authority: <a href="https://www.droneinfo.fi/fi/uas-ilmatilavyohykkeet">Traficom</a></p>]]></description><Polygon><tessellate>1</tessellate><outerBoundaryIs><LinearRing><coordinates>24.068889,61.195278,0 24.098889,61.174444,0 24.186667,61.170278,0 24.222500,61.192500,0 24.204444,61.206111,0 24.087500,61.205833,0 24.068889,61.195278,0</coordinates></LinearRing></outerBoundaryIs></Polygon></Placemark>
<Placemark><name>FIN684 Olvassuo UAS</name><styleUrl>#NO_RESTRICTION</styleUrl><description><![CDATA[<table><tr><td><b>Identifier</b></td><td>FIN684</td></tr><tr><td><b>Restriction</b></td><td>No restriction</td></tr><tr><td><b>Reason</b></td><td>Sensitive</td></tr><tr><td><b>Upper limit</b></td><td>300 m AGL</td></tr><tr><td><b>Lower limit</b></td><td>not given</td></tr><tr><td><b>Valid</b></td><td>2025-09-07 to 2027-04-14, any day</td></tr></table><p>Authority: <a href="https://www.droneinfo.fi/fi/uas-ilmatilavyohykkeet">Traficom</a></p>]]></description><Polygon><tessellate>1</tessellate><outerBoundaryIs><LinearRing><coordinates>26.463056,65.235556,0 26.816667,65.224167,0 27.341389,65.207778,0 28.000000,65.183056,0 28.644167,65.181667,0 28.644167,65.059167,0 28.000000,65.066667,0 27.341389,65.071667,0 26.816667,65.077500,0 26.124167,65.119167,0 26.463056,65.235556,0</coordinates></LinearRing></outerBoundaryIs></Polygon></Placemark>
<Placemark><name>FIN725 Kulloon lennokkikenttä UAS</name><styleUrl>#NO_RESTRICTION</styleUrl><description><![CDATA[<table><tr><td><b>Identifier</b></td><td>FIN725</td></tr><tr><td><b>Restriction</b></td><td>No restriction</td></tr><tr><td><b>Reason</b></td><td>Sensitive</td></tr><tr><td><b>Upper limit</b></td><td>1300 ft AMSL</td></tr><tr><td><b>Lower limit</b></td><td>not given</td></tr><tr><td><b>Valid</b></td><td>2026-04-15 to 2050-04-13, any day</td></tr></table><p>Authority: <a href="https://www.droneinfo.fi/fi/uas-ilmatilavyohykkeet">Traficom</a></p>]]></description><Polygon><tessellate>1</tessellate><outerBoundaryIs><LinearRing><coordinates>25.436944,60.341389,0 25.406111,60.342500,0 25.401944,60.324167,0 25.434167,60.323333,0 25.436944,60.341389,0</coordinates></LinearRing></outerBoundaryIs></Polygon></Placemark>
<Placemark><name>FIN726 Kyyvesi UAS</name><styleUrl>#NO_RESTRICTION</styleUrl><description><![CDATA[<table><tr><td><b>Identifier</b></td><td>FIN726</td></tr><tr><td><b>Restriction</b></td><td>No restriction</td></tr><tr><td><b>Reason</b></td><td>Sensitive</td></tr><tr><td><b>Upper limit</b></td><td>4000 ft AMSL</td></tr><tr><td><b>Lower limit</b></td><td>not given</td></tr><tr><td><b>Valid</b></td><td>2026-04-15 to 2050-04-13, any day</td></tr></table><p>Authority: <a href="https://www.droneinfo.fi/fi/uas-ilmatilavyohykkeet">Traficom</a></p>]]></description><Polygon><tessellate>1</tessellate><outerBoundaryIs><LinearRing><coordinates>27.241667,62.066667,0 27.333333,62.000000,0 27.333333,61.833333,0 27.266944,61.833333,0 26.876389,61.908889,0 26.716667,61.983333,0 27.241667,62.066667,0</coordinates></LinearRing></outerBoundaryIs></Polygon></Placemark>
<Placemark><name>FIN745 Bottenviken UAS</name><styleUrl>#NO_RESTRICTION</styleUrl><description><![CDATA[<table><tr><td><b>Identifier</b></td><td>FIN745</td></tr><tr><td><b>Restriction</b></td><td>No restriction</td></tr><tr><td><b>Reason</b></td><td>Sensitive</td></tr><tr><td><b>Upper limit</b></td><td>65 m AGL</td></tr><tr><td><b>Lower limit</b></td><td>not given</td></tr><tr><td><b>Valid</b></td><td>2026-08-31 to 2050-04-13, any day</td></tr></table><p>Authority: <a href="https://www.droneinfo.fi/fi/uas-ilmatilavyohykkeet">Traficom</a></p>]]></description><Polygon><tessellate>1</tessellate><outerBoundaryIs><LinearRing><coordinates>24.398056,64.602222,0 24.364722,64.618333,0 24.031944,64.882222,0 24.015000,64.967222,0 24.085556,65.085278,0 24.153333,65.291111,0 24.152222,65.340833,0 23.911667,65.374444,0 23.379444,65.006667,0 23.567778,64.193056,0 23.548611,64.156944,0 24.398056,64.602222,0</coordinates></LinearRing></outerBoundaryIs></Polygon></Placemark>
<Placemark><name>FIN753 Susikoppi UAS</name><styleUrl>#NO_RESTRICTION</styleUrl><description><![CDATA[<table><tr><td><b>Identifier</b></td><td>FIN753</td></tr><tr><td><b>Restriction</b></td><td>No restriction</td></tr><tr><td><b>Reason</b></td><td>Sensitive</td></tr><tr><td><b>Upper limit</b></td><td>120 m AGL</td></tr><tr><td><b>Lower limit</b></td><td>not given</td></tr><tr><td><b>Valid</b></td><td>2026-09-24 to 2050-04-13, any day</td></tr></table><p>Authority: <a href="https://www.droneinfo.fi/fi/uas-ilmatilavyohykkeet">Traficom</a></p>]]></description><Polygon><tessellate>1</tessellate><outerBoundaryIs><LinearRing><coordinates>26.666389,60.574722,0 26.681944,60.562778,0 26.579167,60.531389,0 26.573333,60.531389,0 26.573333,60.539444,0 26.570000,60.546389,0 26.570000,60.546389,0 26.666389,60.574722,0</coordinates></LinearRing></outerBoundaryIs></Polygon></Placemark>
<Placemark><name>FIN754 Turku Zone UAS</name><styleUrl>#NO_RESTRICTION</styleUrl><description><![CDATA[<table><tr><td><b>Identifier</b></td><td>FIN754</td></tr><tr><td><b>Restriction</b></td><td>No restriction</td></tr><tr><td><b>Reason</b></td><td>Sensitive</td></tr><tr><td><b>Upper limit</b></td><td>120 m AGL</td></tr><tr><td><b>Lower limit</b></td><td>not given</td></tr><tr><td><b>Valid</b></td><td>2026-09-30 to 2050-04-13, any day</td></tr></table><p>Authority: <a href="https://www.droneinfo.fi/fi/uas-ilmatilavyohykkeet">Traficom</a></p>]]></description><Polygon><tessellate>1</tessellate><outerBoundaryIs><LinearRing><coordinates>22.150278,60.460556,0 22.172500,60.460556,0 22.194167,60.460278,0 22.194167,60.454167,0 22.200833,60.449444,0 22.202500,60.444167,0 22.206667,60.441944,0 22.207778,60.433056,0 22.170833,60.420556,0 22.153889,60.444722,0 22.153611,60.450000,0 22.145000,60.456667,0 22.150278,60.460556,0</coordinates></LinearRing></outerBoundaryIs></Polygon></Placemark>
</Folder>
</Document></kml>